date,open,high,low,close,volume,split_ratio,dividend
2016-01-04,25.0235,25.4682,25.0195,25.4619,5952659.0,1.0,0.0
2016-01-05,25.4292,25.5503,25.3118,25.5036,31611400.0,1.0,0.0
2016-01-06,25.2646,25.3374,24.8906,24.9013,21180616.0,1.0,0.0
2016-01-07,24.9903,25.0645,24.9526,25.051,10972891.0,1.0,0.0
2016-01-08,24.7294,24.9005,24.7061,24.8359,1856734.0,1.0,0.0
2016-01-11,24.5823,24.605,24.3754,24.4244,24813289.0,1.0,0.0
2016-01-12,24.207,24.2426,24.0986,24.1062,26760945.0,1.0,0.0
2016-01-13,24.31,24.9394,24.1519,24.9102,30350295.0,1.0,0.0
2016-01-14,24.8991,25.0028,24.7781,24.8259,45694641.0,1.0,0.0
2016-01-15,24.7645,24.8264,23.973,24.1544,21415684.0,1.0,0.0
2016-01-19,24.1037,24.1529,23.7717,23.8105,37436105.0,1.0,0.0
2016-01-20,24.1003,24.4918,24.0011,24.3577,18038265.0,1.0,0.0
2016-01-21,24.4808,24.6335,24.4802,24.4822,44471174.0,1.0,0.0
2016-01-22,24.3896,24.4055,23.9978,24.1396,12967883.0,1.0,0.0
2016-01-25,23.9447,24.6835,23.9443,24.6623,4643584.0,1.0,0.0
2016-01-26,24.7492,25.0414,24.6086,25.008,27271563.0,1.0,0.0
2016-01-27,25.125,25.1837,25.0109,25.0168,13235242.0,1.0,0.0
2016-01-28,25.2482,25.7387,25.2118,25.7193,24079732.0,1.0,0.0
2016-01-29,25.1988,25.4791,25.1387,25.4537,19481495.0,1.0,0.0
2016-02-01,25.6572,25.7861,25.3725,25.4772,36815721.0,1.0,0.0
2016-02-02,25.487,25.6474,25.46,25.556,26888868.0,1.0,0.0
2016-02-03,25.5839,25.7743,25.1861,25.3484,4654298.0,1.0,0.0
2016-02-04,25.2451,25.7636,25.2188,25.7373,9916818.0,1.0,0.0
2016-02-05,25.8932,25.9348,25.472,25.7032,27145263.0,1.0,0.0
2016-02-08,25.5926,25.7554,25.5438,25.5647,20566944.0,1.0,0.0
2016-02-09,25.6749,25.8109,25.3577,25.5246,3690834.0,1.0,0.0
2016-02-10,25.3869,25.5047,25.3076,25.4824,4696915.0,1.0,0.2
2016-02-11,25.4929,25.6579,25.3436,25.4094,28302657.0,1.0,0.0
2016-02-12,25.2601,25.3582,24.922,25.0315,13334829.0,1.0,0.0
2016-02-16,25.2558,25.5563,25.1599,25.3553,4307199.0,1.0,0.0
2016-02-17,25.2319,25.2933,25.004,25.0216,6080746.0,1.0,0.0
2016-02-18,25.0642,25.5529,25.0148,25.5117,24649521.0,1.0,0.0
2016-02-19,25.6381,25.835,25.4594,25.7573,47241746.0,1.0,0.0
2016-02-22,25.7519,26.2783,25.7376,26.1793,16613945.0,1.0,0.0
2016-02-23,26.2923,26.6104,26.2102,26.4278,43431456.0,1.0,0.0
2016-02-24,26.3349,26.9555,26.3293,26.7765,22455508.0,1.0,0.0
2016-02-25,26.9034,26.9668,26.729,26.7472,27979200.0,1.0,0.0
2016-02-26,26.5639,26.7588,26.2682,26.3396,34282980.0,1.0,0.0
2016-02-29,26.3743,26.4256,26.2972,26.3941,25653945.0,1.0,0.0
2016-03-01,25.8904,26.3167,25.881,26.1182,40587077.0,1.0,0.0
2016-03-02,25.7612,26.007,25.6808,25.8036,7707924.0,1.0,0.0
2016-03-03,25.6912,25.7305,25.5799,25.6348,18734054.0,1.0,0.0
2016-03-04,25.9818,26.0322,25.7586,25.9008,6636018.0,1.0,0.0
2016-03-07,25.7215,25.765,25.3217,25.5373,21108904.0,1.0,0.0
2016-03-08,25.5602,26.1139,25.4367,25.9314,43985021.0,1.0,0.0
2016-03-09,26.122,26.3848,26.107,26.3656,12788507.0,1.0,0.0
2016-03-10,26.2761,26.3851,26.2307,26.3,4022048.0,1.0,0.0
2016-03-11,26.5122,26.5502,26.2188,26.2593,27255591.0,1.0,0.0
2016-03-14,26.3015,26.3921,26.2747,26.2796,30525159.0,1.0,0.0
2016-03-15,26.2055,26.2815,25.9263,25.9353,26532794.0,1.0,0.0
2016-03-16,26.0256,26.1252,25.7764,25.8707,14475964.0,1.0,0.0
2016-03-17,25.7991,25.8453,25.5907,25.5921,5053407.0,1.0,0.0
2016-03-18,25.7306,25.7946,25.1696,25.3555,21491304.0,1.0,0.0
2016-03-21,25.3498,25.4949,25.2867,25.4641,36353929.0,1.0,0.0
2016-03-22,25.2589,25.3915,25.1325,25.1703,35784750.0,1.0,0.0
2016-03-23,25.1634,25.2834,25.1602,25.1681,19327857.0,1.0,0.0
2016-03-24,25.1443,25.2843,25.0738,25.1586,2831831.0,1.0,0.0
2016-03-28,25.1755,25.2417,25.1465,25.2392,2231410.0,1.0,0.0
2016-03-29,25.3359,25.5632,24.9855,25.0413,9407920.0,1.0,0.0
2016-03-30,24.867,25.314,24.8156,25.2635,32560380.0,1.0,0.0
2016-03-31,25.2649,25.3609,24.7806,25.0581,32512477.0,1.0,0.0
2016-04-01,25.0391,25.3329,24.9705,25.0962,28114862.0,1.0,0.0
2016-04-04,25.0565,25.1724,25.0332,25.1066,11961047.0,1.0,0.0
2016-04-05,25.2329,25.3004,25.0015,25.0179,27594913.0,1.0,0.0
2016-04-06,24.8179,24.9393,24.679,24.8719,10797691.0,1.0,0.0
2016-04-07,24.9957,25.4512,24.9345,25.3443,13519697.0,1.0,0.0
2016-04-08,25.6756,26.2081,25.6669,26.1603,36984528.0,1.0,0.0
2016-04-11,25.9288,26.1477,25.8856,25.8867,9850368.0,1.0,0.0
2016-04-12,25.7296,25.7365,25.3495,25.5624,18810095.0,1.0,0.0
2016-04-13,25.1414,25.206,24.8975,25.0943,14382045.0,1.0,0.0
2016-04-14,25.1885,25.2499,24.972,25.1335,26087207.0,1.0,0.0
2016-04-15,25.153,25.5421,25.0343,25.4655,42442327.0,1.0,0.0
2016-04-18,25.3765,25.6784,25.36,25.6226,7135128.0,1.0,0.0
2016-04-19,25.65,25.6973,25.5509,25.6299,2799975.0,1.0,0.0
2016-04-20,25.6903,25.6918,25.5249,25.5772,15919175.0,1.0,0.0
2016-04-21,25.7598,25.8494,25.5834,25.7464,35181268.0,1.0,0.0
2016-04-22,25.6944,25.9306,25.6497,25.8261,44916755.0,1.0,0.0
2016-04-25,25.8367,25.9822,25.833,25.8929,35204069.0,1.0,0.0
2016-04-26,26.1181,26.1616,26.0363,26.0834,18225023.0,1.0,0.0
2016-04-27,26.1192,26.2639,25.9971,26.0997,6020540.0,1.0,0.0
2016-04-28,26.3904,26.6123,26.3182,26.5631,16920779.0,1.0,0.0
2016-04-29,26.5362,26.6567,26.2727,26.3129,6854664.0,1.0,0.0
2016-05-02,26.1122,26.125,25.8467,26.0009,5428352.0,1.0,0.0
2016-05-03,26.307,26.4864,26.2678,26.395,15869500.0,1.0,0.0
2016-05-04,26.0341,26.3944,26.0029,26.3248,29824535.0,1.0,0.0
2016-05-05,26.4884,26.7655,26.3691,26.6209,49237212.0,1.0,0.0
2016-05-06,26.7912,26.9049,26.7628,26.8258,33296009.0,1.0,0.0
2016-05-09,26.9532,27.1994,26.7896,26.8501,20561797.0,1.0,0.0
2016-05-10,27.2884,27.4429,27.0066,27.0515,1236579.0,1.0,0.0
2016-05-11,26.9165,27.4802,26.793,27.3814,34611542.0,1.0,0.2
2016-05-12,27.2427,27.4159,27.1733,27.2142,49185800.0,1.0,0.0
2016-05-13,26.944,27.3245,26.8333,27.2319,43768246.0,1.0,0.0
2016-05-16,27.2876,27.3411,26.9551,26.966,26172068.0,1.0,0.0
2016-05-17,27.3449,27.3864,27.0724,27.1559,25076542.0,1.0,0.0
2016-05-18,27.0238,27.249,26.7142,26.8707,29157755.0,1.0,0.0
2016-05-19,26.8346,26.8738,26.747,26.8445,21694040.0,1.0,0.0
2016-05-20,26.5299,26.5846,26.1621,26.1803,32720352.0,1.0,0.0
2016-05-23,25.8685,26.3972,25.8514,26.3406,47666604.0,1.0,0.0
2016-05-24,26.3661,26.6999,26.3398,26.6936,34816722.0,1.0,0.0
2016-05-25,26.8664,27.0481,26.7004,26.9987,40797483.0,1.0,0.0
2016-05-26,27.0017,27.0407,26.5059,26.6717,10511267.0,1.0,0.0
2016-05-27,26.9931,27.2552,26.8748,27.1682,47087450.0,1.0,0.0
2016-05-31,27.1998,27.4869,27.147,27.4803,35636451.0,1.0,0.0
2016-06-01,27.6523,27.6957,27.5738,27.5801,30805323.0,1.0,0.0
2016-06-02,27.6893,27.9083,27.1658,27.2026,30044735.0,1.0,0.0
2016-06-03,27.3424,27.3476,27.0623,27.1887,46162342.0,1.0,0.0
2016-06-06,26.8507,27.2429,26.787,27.0754,32417445.0,1.0,0.0
2016-06-07,27.1399,27.2332,27.0048,27.1683,38869849.0,1.0,0.0
2016-06-08,27.2602,27.3941,26.6969,26.8386,49460532.0,1.0,0.0
2016-06-09,26.904,27.0488,26.8379,26.9583,10146016.0,1.0,0.0
2016-06-10,26.7722,26.8797,26.5493,26.6463,21439221.0,1.0,0.0
2016-06-13,26.11,26.1568,25.9255,26.0091,24627003.0,1.0,0.0
2016-06-14,26.0631,26.0688,25.6829,25.8118,8913785.0,1.0,0.0
2016-06-15,25.2903,25.3293,25.1732,25.1971,25332109.0,1.0,0.0
2016-06-16,26.0507,26.1968,25.8042,26.1487,29646020.0,1.0,0.0
2016-06-17,26.1842,26.7179,26.1792,26.6169,5862956.0,1.0,0.0
2016-06-20,27.1485,27.2493,26.9762,27.2096,22074902.0,1.0,0.0
2016-06-21,26.9764,27.1388,26.8729,26.9546,43604497.0,1.0,0.0
2016-06-22,26.2159,26.6755,26.1475,26.6027,10519658.0,1.0,0.0
2016-06-23,27.232,27.5423,27.221,27.3644,8514306.0,1.0,0.0
2016-06-24,27.478,28.0129,27.4403,28.0101,33943236.0,1.0,0.0
2016-06-27,27.3234,27.5787,27.2407,27.568,30633368.0,1.0,0.0
2016-06-28,27.8138,28.4269,27.787,28.4201,49544542.0,1.0,0.0
2016-06-29,28.2042,28.4998,28.1729,28.418,2133581.0,1.0,0.0
2016-06-30,29.191,29.2421,29.1026,29.2396,22571408.0,1.0,0.0
2016-07-01,29.2951,29.3083,29.2592,29.2709,16401474.0,1.0,0.0
2016-07-05,29.2633,29.6581,29.2501,29.6332,15822174.0,1.0,0.0
2016-07-06,30.5404,30.8077,30.4663,30.6932,4410215.0,1.0,0.0
2016-07-07,30.5252,30.8799,30.3934,30.7968,14388948.0,1.0,0.0
2016-07-08,31.0938,31.7213,31.0169,31.6014,30724735.0,1.0,0.0
2016-07-11,31.5644,31.6315,31.3368,31.3489,24224891.0,1.0,0.0
2016-07-12,31.8053,31.8225,31.5805,31.6608,13922819.0,1.0,0.0
2016-07-13,31.6766,31.8052,31.216,31.2678,15444085.0,1.0,0.0
2016-07-14,30.907,31.0719,30.7795,30.9214,31398880.0,1.0,0.0
2016-07-15,30.4984,30.5059,30.4349,30.4634,36814007.0,1.0,0.0
2016-07-18,30.4149,30.9938,30.2791,30.794,29279818.0,1.0,0.0
2016-07-19,30.3966,30.4732,29.8261,30.0317,24924476.0,1.0,0.0
2016-07-20,30.1471,30.1996,29.7809,30.0116,3660618.0,1.0,0.0
2016-07-21,29.314,29.4485,29.1034,29.2498,26135705.0,1.0,0.0
2016-07-22,29.3112,29.4721,29.1662,29.4123,18678774.0,1.0,0.0
2016-07-25,29.6878,29.7117,29.4234,29.519,12714354.0,1.0,0.0
2016-07-26,28.6288,29.1479,28.4865,28.9198,11255635.0,1.0,0.0
2016-07-27,29.0353,29.0874,28.9111,29.0104,16036148.0,1.0,0.0
2016-07-28,29.0722,29.2525,29.0157,29.1996,22349026.0,1.0,0.0
2016-07-29,28.8994,29.0769,28.865,28.9709,24214645.0,1.0,0.0
2016-08-01,29.7822,29.9499,29.7442,29.8725,16851464.0,1.0,0.0
2016-08-02,29.5576,29.6914,29.4834,29.6905,49978279.0,1.0,0.0
2016-08-03,30.1427,30.6454,29.9689,30.4836,26603501.0,1.0,0.0
2016-08-04,31.1002,31.2931,31.0179,31.1597,9113206.0,1.0,0.0
2016-08-05,30.6597,30.7856,30.5586,30.775,26059840.0,1.0,0.0
2016-08-08,31.0613,31.3738,30.9321,31.2645,16747338.0,1.0,0.0
2016-08-09,32.3386,32.3884,32.1834,32.2214,48442812.0,1.0,0.0
2016-08-10,30.6358,31.155,30.3873,31.1261,7256123.0,1.0,0.2
2016-08-11,31.8028,31.8195,31.7897,31.8101,34903175.0,1.0,0.0
2016-08-12,31.5057,31.5484,31.4182,31.5428,28822660.0,1.0,0.0
2016-08-15,31.4122,31.4608,31.0778,31.4038,34405403.0,1.0,0.0
2016-08-16,30.9123,31.4865,30.6418,31.446,48762938.0,1.0,0.0
2016-08-17,30.9995,31.204,30.8319,31.1844,12325606.0,1.0,0.0
2016-08-18,31.0938,31.2129,30.9628,31.0537,1587460.0,1.0,0.0
2016-08-19,30.9927,31.3645,30.905,31.3197,45553363.0,1.0,0.0
2016-08-22,31.0867,31.1085,30.9287,31.0105,1543392.0,1.0,0.0
2016-08-23,31.0353,31.1789,30.3339,30.3777,30903963.0,1.0,0.0
2016-08-24,28.404,28.5358,28.0553,28.534,24014519.0,1.0,0.0
2016-08-25,27.5143,27.6195,27.3308,27.5552,19039554.0,1.0,0.0
2016-08-26,28.7931,28.8175,28.5232,28.5822,37798132.0,1.0,0.0
2016-08-29,28.4057,29.1289,28.3711,28.8685,10425978.0,1.0,0.0
2016-08-30,28.654,28.7836,28.5151,28.5612,3420282.0,1.0,0.0
2016-08-31,28.6715,28.6852,28.5421,28.6432,25667567.0,1.0,0.0
2016-09-01,29.0968,29.2673,28.8905,29.1269,45750543.0,1.0,0.0
2016-09-02,29.0384,29.0397,28.7917,28.8696,22466223.0,1.0,0.0
2016-09-06,29.3903,29.4521,28.7138,28.9334,8381274.0,1.0,0.0
2016-09-07,28.5671,28.6676,28.3179,28.5841,16092268.0,1.0,0.0
2016-09-08,29.2319,29.2776,29.0624,29.2159,38501016.0,1.0,0.0
2016-09-09,29.4806,29.5384,29.0628,29.1013,35943414.0,1.0,0.0
2016-09-12,29.7618,29.7931,29.3447,29.4477,3205786.0,1.0,0.0
2016-09-13,30.3817,30.5275,29.8174,29.834,46494707.0,1.0,0.0
2016-09-14,30.0722,30.1764,29.7478,29.9294,9708563.0,1.0,0.0
2016-09-15,30.7428,30.8256,30.6676,30.6711,7655977.0,1.0,0.0
2016-09-16,30.2131,30.2682,30.0952,30.2252,23832137.0,1.0,0.0
2016-09-19,30.672,31.1853,30.6073,31.1748,1264718.0,1.0,0.0
2016-09-20,31.1354,31.1526,30.8795,30.8873,35275231.0,1.0,0.0
2016-09-21,30.2728,30.6082,30.2578,30.5319,4455582.0,1.0,0.0
2016-09-22,29.9216,30.1046,29.8293,29.9599,6760916.0,1.0,0.0
2016-09-23,29.3693,29.3859,29.0584,29.3493,27074283.0,1.0,0.0
2016-09-26,29.2017,29.404,29.1021,29.1326,33249912.0,1.0,0.0
2016-09-27,29.1875,29.3082,28.9698,29.0381,21477145.0,1.0,0.0
2016-09-28,29.3668,29.8693,29.2642,29.7664,15553145.0,1.0,0.0
2016-09-29,29.9617,29.9975,29.6801,29.7334,22973954.0,1.0,0.0
2016-09-30,29.9419,30.0202,29.8238,29.8919,11346602.0,1.0,0.0
2016-10-03,29.9961,30.1716,29.9926,30.0591,4149655.0,1.0,0.0
2016-10-04,29.8505,29.9008,29.3894,29.4364,43801779.0,1.0,0.0
2016-10-05,29.3135,29.7417,29.2678,29.5971,34168322.0,1.0,0.0
2016-10-06,29.855,30.0459,29.4341,29.4592,35122128.0,1.0,0.0
2016-10-07,29.5781,30.1118,29.5355,30.094,13703249.0,1.0,0.0
2016-10-10,29.9662,30.1576,29.371,29.5242,21058594.0,1.0,0.0
2016-10-11,29.9651,30.0724,29.8173,29.8949,39560145.0,1.0,0.0
2016-10-12,30.9811,31.0617,30.8713,30.9164,47280938.0,1.0,0.0
2016-10-13,30.8768,31.0326,30.8093,30.9532,35007999.0,1.0,0.0
2016-10-14,30.8781,31.0889,30.735,30.7451,18307021.0,1.0,0.0
2016-10-17,29.5637,29.8072,29.5471,29.6756,27596155.0,1.0,0.0
2016-10-18,29.6717,29.7748,29.3497,29.3847,30596605.0,1.0,0.0
2016-10-19,29.1261,29.1711,28.6508,28.6647,12746397.0,1.0,0.0
2016-10-20,28.7578,29.0548,28.6213,29.0249,48982146.0,1.0,0.0
2016-10-21,29.1981,29.7824,29.0405,29.7344,19225774.0,1.0,0.0
2016-10-24,29.8376,29.8675,29.6817,29.7017,29839585.0,1.0,0.0
2016-10-25,29.7361,29.8151,29.5605,29.6444,3640223.0,1.0,0.0
2016-10-26,28.9989,29.0967,28.4301,28.5406,38781024.0,1.0,0.0
2016-10-27,28.6726,28.7798,28.2301,28.3308,8137936.0,1.0,0.0
2016-10-28,28.6577,28.6707,28.3099,28.4661,11097997.0,1.0,0.0
2016-10-31,28.8389,29.2124,28.7248,29.0953,38545344.0,1.0,0.0
2016-11-01,28.9263,29.1181,28.8161,28.9552,45973452.0,1.0,0.0
2016-11-02,29.0974,29.1176,29.0099,29.0123,24862132.0,1.0,0.0
2016-11-03,28.8127,29.3706,28.66,29.3194,14160729.0,1.0,0.0
2016-11-04,28.9399,29.0746,28.762,29.0389,39160935.0,1.0,0.0
2016-11-07,28.6532,29.1113,28.6528,29.1054,45427885.0,1.0,0.0
2016-11-08,29.0316,29.6267,28.9465,29.563,4837814.0,1.0,0.0
2016-11-09,29.642,29.7467,29.3861,29.541,15587538.0,1.0,0.2
2016-11-10,29.6669,29.8221,29.2624,29.3025,20745510.0,1.0,0.0
2016-11-11,29.5915,29.7323,29.5217,29.5222,36134671.0,1.0,0.0
2016-11-14,29.4498,29.5464,29.1445,29.2516,26192874.0,1.0,0.0
2016-11-15,29.1161,29.1206,28.8144,28.8696,22126999.0,1.0,0.0
2016-11-16,29.327,29.3611,29.2608,29.3071,11449815.0,1.0,0.0
2016-11-17,29.1354,29.1706,28.6956,28.7059,42076899.0,1.0,0.0
2016-11-18,28.6275,28.665,28.2052,28.3872,48020496.0,1.0,0.0
2016-11-21,28.4916,28.7759,28.2765,28.6254,23617591.0,1.0,0.0
2016-11-22,27.6858,27.9833,27.5683,27.9719,33660234.0,1.0,0.0
2016-11-23,27.9711,27.9954,27.7635,27.8929,38408943.0,1.0,0.0
2016-11-25,27.6215,27.7461,27.5608,27.6929,28751959.0,1.0,0.0
2016-11-28,27.5334,27.5399,27.3908,27.4345,22400406.0,1.0,0.0
2016-11-29,27.1482,27.3374,26.8413,26.8727,22457533.0,1.0,0.0
2016-11-30,27.0669,27.6792,27.0654,27.5918,34983401.0,1.0,0.0
2016-12-01,28.0824,28.2882,28.0455,28.0631,7462674.0,1.0,0.0
2016-12-02,28.1093,28.1386,28.0232,28.1003,48104131.0,1.0,0.0
2016-12-05,28.2234,28.2497,28.1454,28.2462,16773101.0,1.0,0.0
2016-12-06,28.1612,28.4495,28.1474,28.376,47688987.0,1.0,0.0
2016-12-07,27.9455,27.9496,27.7389,27.7896,22466933.0,1.0,0.0
2016-12-08,27.7473,27.7636,27.6001,27.6956,20190145.0,1.0,0.0
2016-12-09,27.4789,27.5462,27.3073,27.5278,12836652.0,1.0,0.0
2016-12-12,28.0476,28.0814,27.774,27.8172,36903154.0,1.0,0.0
2016-12-13,27.7844,27.8807,27.7768,27.8439,36448747.0,1.0,0.0
2016-12-14,27.3513,27.466,26.9732,27.1019,22429692.0,1.0,0.0
2016-12-15,26.9161,26.9282,26.6849,26.7398,9948343.0,1.0,0.0
2016-12-16,27.212,27.3407,26.9504,27.0025,27699919.0,1.0,0.0
2016-12-19,26.5562,26.6807,26.4402,26.5037,31172570.0,1.0,0.0
2016-12-20,27.0544,27.1492,26.7428,26.9264,38021558.0,1.0,0.0
2016-12-21,26.9204,27.321,26.821,27.2939,30979166.0,1.0,0.0
2016-12-22,26.5319,26.5369,26.291,26.42,17671553.0,1.0,0.0
2016-12-23,27.1698,27.2308,26.6607,26.7444,35030477.0,1.0,0.0
2016-12-27,26.5264,26.922,26.294,26.8411,7025580.0,1.0,0.0
2016-12-28,26.7286,26.917,26.674,26.6848,35940094.0,1.0,0.0
2016-12-29,27.1867,27.3895,27.1853,27.2641,45752205.0,1.0,0.0
2016-12-30,27.3899,27.4656,26.7972,26.8646,31498529.0,1.0,0.0
2017-01-03,27.379,27.476,27.3176,27.4195,9045317.0,1.0,0.0
2017-01-04,27.4432,27.6415,27.2929,27.5861,43223665.0,1.0,0.0
2017-01-05,27.8168,28.0045,27.8098,27.9266,40190122.0,1.0,0.0
2017-01-06,28.178,28.2614,28.172,28.2157,2592027.0,1.0,0.0
2017-01-09,28.2155,28.3376,27.8245,28.0179,15347371.0,1.0,0.0
2017-01-10,28.1559,28.5832,27.9379,28.3765,8369694.0,1.0,0.0
2017-01-11,28.48,28.9314,28.2357,28.8873,35285122.0,1.0,0.0
2017-01-12,29.1059,29.1069,28.7645,28.866,16309306.0,1.0,0.0
2017-01-13,29.2052,29.2733,28.9966,29.2095,41411188.0,1.0,0.0
2017-01-17,28.9761,28.9972,28.8594,28.8712,26685257.0,1.0,0.0
2017-01-18,29.0066,29.0457,28.818,28.9607,41421081.0,1.0,0.0
2017-01-19,28.664,28.7005,28.3048,28.3242,32331126.0,1.0,0.0
2017-01-20,28.7461,29.0435,28.7185,28.8036,29078249.0,1.0,0.0
2017-01-23,29.7659,29.848,29.3885,29.601,36959384.0,1.0,0.0
2017-01-24,30.0763,30.2402,29.9739,30.1928,33958723.0,1.0,0.0
2017-01-25,30.2875,30.5657,30.2687,30.534,27463619.0,1.0,0.0
2017-01-26,30.9828,31.4876,30.7986,31.4799,10525226.0,1.0,0.0
2017-01-27,32.2307,32.3759,32.1136,32.2918,47973050.0,1.0,0.0
2017-01-30,31.8055,32.3802,31.7466,32.2564,12809839.0,1.0,0.0
2017-01-31,31.5836,31.7629,31.4901,31.6526,37057312.0,1.0,0.0
2017-02-01,31.8916,32.0521,31.5253,31.554,46757550.0,1.0,0.0
2017-02-02,31.756,31.8559,31.3396,31.4903,3716681.0,1.0,0.0
2017-02-03,31.8145,32.2522,31.7056,32.1777,5575552.0,1.0,0.0
2017-02-06,26.7685,26.8068,26.3024,26.4101,25029232.0,1.0,0.0
2017-02-07,26.2221,26.2697,26.0486,26.2466,45222556.0,1.0,0.0
2017-02-08,25.1086,25.495,25.0444,25.4053,37445151.0,1.0,0.2
2017-02-09,22.0235,22.031,21.7638,21.7732,18934031.0,1.0,0.0
2017-02-10,21.8019,21.8964,21.4372,21.5873,14623387.0,1.0,0.0
2017-02-13,22.7665,23.2178,22.672,23.1868,31269320.0,1.0,0.0
2017-02-14,21.1183,21.3404,21.0568,21.229,25967868.0,1.0,0.0
2017-02-15,21.5149,21.5278,21.1725,21.1733,14627067.0,1.0,0.0
2017-02-16,21.4778,21.5238,21.3269,21.3537,49100451.0,1.0,0.0
2017-02-17,20.1258,20.2236,20.0025,20.045,16237056.0,1.0,0.0
2017-02-21,19.6353,19.8429,19.5988,19.7577,40552168.0,1.0,0.0
2017-02-22,24.1031,24.174,23.4195,23.4906,27904954.0,1.0,0.0
2017-02-23,20.9117,20.9977,20.8136,20.8483,34929444.0,1.0,0.0
2017-02-24,22.1268,22.1408,21.8564,21.8783,30793985.0,1.0,0.0
2017-02-27,23.0221,23.0814,22.995,23.014,6367018.0,1.0,0.0
2017-02-28,24.8695,24.9469,24.75,24.8659,9435187.0,1.0,0.0
2017-03-01,27.0849,27.2749,27.0402,27.2437,36270632.0,1.0,0.0
2017-03-02,26.9443,27.0897,26.9434,27.0459,20423336.0,1.0,0.0
2017-03-03,23.9666,24.1247,23.8687,23.9378,17363839.0,1.0,0.0
2017-03-06,25.5368,25.7035,25.4542,25.4888,49043703.0,1.0,0.0
2017-03-07,26.5213,26.5544,26.24,26.4153,22934636.0,1.0,0.0
2017-03-08,27.6971,28.012,27.6706,27.8429,39387304.0,1.0,0.0
2017-03-09,29.6907,29.7518,29.2569,29.3129,9867591.0,1.0,0.0
2017-03-10,27.3514,27.5062,27.318,27.3513,31038826.0,1.0,0.0
2017-03-13,25.1316,25.3489,25.0953,25.3276,40760588.0,1.0,0.0
2017-03-14,29.4775,29.8107,29.4399,29.81,11337528.0,1.0,0.0
2017-03-15,28.855,28.9508,28.4051,28.475,41847494.0,1.0,0.0
2017-03-16,28.5581,29.208,28.5562,29.0761,27384683.0,1.0,0.0
2017-03-17,32.1244,32.7638,32.093,32.7142,40264095.0,1.0,0.0
2017-03-20,27.4848,27.5614,27.2618,27.3221,11490800.0,1.0,0.0
2017-03-21,22.7487,23.1719,22.6127,23.0742,10462026.0,1.0,0.0
2017-03-22,20.7342,20.7447,20.3457,20.424,39838486.0,1.0,0.0
2017-03-23,17.919,18.0909,17.8256,18.0733,25971054.0,1.0,0.0
2017-03-24,17.9286,17.9856,17.5181,17.5749,8090678.0,1.0,0.0
2017-03-27,18.9568,19.1318,18.9383,19.116,36175629.0,1.0,0.0
2017-03-28,17.2265,17.3333,17.1765,17.1927,4551659.0,1.0,0.0
2017-03-29,16.4741,16.5458,15.9413,15.964,47421038.0,1.0,0.0
2017-03-30,16.3516,16.3773,16.1406,16.1967,47691285.0,1.0,0.0
2017-03-31,16.6976,16.7041,16.4741,16.5585,47375866.0,1.0,0.0
2017-04-03,16.9684,16.9809,16.6302,16.6481,39334769.0,1.0,0.0
2017-04-04,16.4575,16.5479,16.4082,16.5229,23607787.0,1.0,0.0
2017-04-05,16.6339,16.7804,16.5099,16.6677,46005247.0,1.0,0.0
2017-04-06,17.0354,17.1002,16.7875,16.7889,21365108.0,1.0,0.0
2017-04-07,17.905,17.9864,17.8461,17.9575,48301465.0,1.0,0.0
2017-04-10,18.6127,18.6786,18.4293,18.4956,45683237.0,1.0,0.0
2017-04-11,17.8745,17.9101,17.5363,17.5574,39354373.0,1.0,0.0
2017-04-12,17.2394,17.5042,17.1482,17.4804,25108765.0,1.0,0.0
2017-04-13,17.0179,17.0867,16.9888,17.0497,30827267.0,1.0,0.0
2017-04-17,17.0961,17.1092,16.8383,16.8856,38535025.0,1.0,0.0
2017-04-18,16.6603,16.6766,16.4288,16.4703,10096750.0,1.0,0.0
2017-04-19,16.7235,16.7561,16.4272,16.5087,30378973.0,1.0,0.0
2017-04-20,15.3511,15.7571,15.271,15.7222,29478811.0,1.0,0.0
2017-04-21,15.1272,15.2474,15.0518,15.2053,46425692.0,1.0,0.0
2017-04-24,14.3253,14.4583,14.3109,14.3247,4343101.0,1.0,0.0
2017-04-25,14.0903,14.1389,13.8667,13.9002,18515212.0,1.0,0.0
2017-04-26,13.9516,13.9538,13.881,13.896,16292685.0,1.0,0.0
2017-04-27,13.2599,13.3013,13.1179,13.1277,1475127.0,1.0,0.0
2017-04-28,13.46,13.4628,13.3827,13.428,15860913.0,1.0,0.0
2017-05-01,13.3093,13.3611,13.2069,13.225,48880498.0,1.0,0.0
2017-05-02,13.2278,13.2766,13.1333,13.1951,46379024.0,1.0,0.0
2017-05-03,13.3819,13.4299,13.2856,13.297,4516389.0,1.0,0.0
2017-05-04,13.7704,13.8995,13.7611,13.8813,38207125.0,1.0,0.0
2017-05-05,13.8504,13.9152,13.6344,13.6919,32201459.0,1.0,0.0
2017-05-08,14.2155,14.3012,14.0887,14.0917,40947105.0,1.0,0.0
2017-05-09,14.1107,14.1547,14.0163,14.0621,35624040.0,1.0,0.0
2017-05-10,14.21,14.2896,14.1995,14.2831,31965172.0,1.0,0.2
2017-05-11,14.6543,14.6801,14.4814,14.4993,35686094.0,1.0,0.0
2017-05-12,14.9475,14.9741,14.5924,14.6326,33833295.0,1.0,0.0
2017-05-15,13.9408,14.0469,13.8904,13.9917,1152337.0,1.0,0.0
2017-05-16,14.2891,14.3245,13.9755,14.0281,34398275.0,1.0,0.0
2017-05-17,13.1385,13.3144,13.1006,13.1862,37937060.0,1.0,0.0
2017-05-18,13.5899,13.7461,13.5574,13.7136,42261225.0,1.0,0.0
2017-05-19,13.2145,13.2985,13.1779,13.262,19601904.0,1.0,0.0
2017-05-22,13.0983,13.1644,12.9027,12.9283,6296814.0,1.0,0.0
2017-05-23,12.7937,12.8043,12.6971,12.7977,1280059.0,1.0,0.0
2017-05-24,12.8018,12.8438,12.6705,12.8216,45942428.0,1.0,0.0
2017-05-25,12.9247,12.9816,12.8754,12.9283,23210634.0,1.0,0.0
2017-05-26,12.945,12.9789,12.9208,12.941,28972575.0,1.0,0.0
2017-05-30,14.5721,14.8336,14.5177,14.7245,9974646.0,1.0,0.0
2017-05-31,14.3998,14.7039,14.3716,14.6322,35189532.0,1.0,0.0
2017-06-01,14.6168,14.6658,14.5386,14.5584,15426819.0,1.0,0.0
2017-06-02,14.5486,14.5497,14.3026,14.4008,28442962.0,1.0,0.0
2017-06-05,13.776,13.8031,13.4566,13.4672,38446285.0,1.0,0.0
2017-06-06,13.1738,13.2522,13.1396,13.1809,27752267.0,1.0,0.0
2017-06-07,13.5999,13.6234,13.553,13.5743,25990491.0,1.0,0.0
2017-06-08,13.763,13.7858,13.6907,13.6998,9032476.0,1.0,0.0
2017-06-09,13.4859,13.565,13.414,13.5474,31027448.0,1.0,0.0
2017-06-12,13.3786,13.6783,13.3657,13.6721,45331083.0,1.0,0.0
2017-06-13,13.8558,13.961,13.7989,13.8528,41295624.0,1.0,0.0
2017-06-14,13.72,13.793,13.6334,13.6846,26900621.0,1.0,0.0
2017-06-15,13.8494,14.0168,13.8305,13.9871,20179523.0,1.0,0.0
2017-06-16,14.2041,14.3148,14.0754,14.094,8876352.0,1.0,0.0
2017-06-19,13.7308,13.9969,13.7003,13.9204,41836591.0,1.0,0.0
2017-06-20,14.0244,14.2583,14.0179,14.1301,18489050.0,1.0,0.0
2017-06-21,14.3309,14.3729,14.0318,14.0702,2276840.0,1.0,0.0
2017-06-22,13.9094,13.9453,13.6425,13.6742,38619519.0,1.0,0.0
2017-06-23,14.1218,14.2255,14.1138,14.1886,2030968.0,1.0,0.0
2017-06-26,13.6566,13.7121,13.5676,13.6078,33488582.0,1.0,0.0
2017-06-27,13.8525,14.0129,13.8227,13.9211,35279509.0,1.0,0.0
2017-06-28,14.2021,14.2373,14.091,14.1127,38591584.0,1.0,0.0
2017-06-29,14.3358,14.5925,14.2899,14.5151,28677425.0,1.0,0.0
2017-06-30,14.4795,14.5394,14.3198,14.3606,23794848.0,1.0,0.0
2017-07-03,14.406,14.6337,14.3396,14.5186,21449020.0,1.0,0.0
2017-07-05,14.7258,15.181,14.6546,15.1361,18458324.0,1.0,0.0
2017-07-06,14.6953,14.877,14.6628,14.8541,25513705.0,1.0,0.0
2017-07-07,15.169,15.4268,15.1146,15.3931,44827530.0,1.0,0.0
2017-07-10,15.7894,15.8525,15.559,15.5789,49988203.0,1.0,0.0
2017-07-11,16.0982,16.1857,16.0292,16.1431,2124137.0,1.0,0.0
2017-07-12,16.2236,16.3932,16.2182,16.2989,11788424.0,1.0,0.0
2017-07-13,16.3301,16.3537,16.2346,16.2578,37128527.0,1.0,0.0
2017-07-14,16.8287,16.8982,16.8093,16.8282,27161999.0,1.0,0.0
2017-07-17,16.7656,16.8137,16.735,16.7698,40690168.0,1.0,0.0
2017-07-18,16.7864,16.8661,16.5821,16.5912,19389889.0,1.0,0.0
2017-07-19,16.6161,16.6199,16.4521,16.5213,34479512.0,1.0,0.0
2017-07-20,16.6517,16.7071,16.552,16.5763,38072548.0,1.0,0.0
2017-07-21,16.7471,16.9856,16.7343,16.9421,7717883.0,1.0,0.0
2017-07-24,17.2666,17.6322,17.2589,17.5606,2245575.0,1.0,0.0
2017-07-25,17.3516,17.8835,17.3265,17.8084,12553385.0,1.0,0.0
2017-07-26,17.9116,18.009,17.7019,17.7917,16823506.0,1.0,0.0
2017-07-27,17.8577,18.0759,17.8413,18.0475,21409270.0,1.0,0.0
2017-07-28,17.865,17.9937,17.8588,17.9437,1121973.0,1.0,0.0
2017-07-31,18.1146,18.3768,18.0782,18.2881,18843548.0,1.0,0.0
2017-08-01,18.2077,18.2945,18.2006,18.2539,24810510.0,1.0,0.0
2017-08-02,18.3763,18.4041,18.0851,18.1041,21590611.0,1.0,0.0
2017-08-03,18.0276,18.3199,18.015,18.2821,19988799.0,1.0,0.0
2017-08-04,18.2756,18.3243,18.1761,18.2701,45336896.0,1.0,0.0
2017-08-07,17.8929,18.1177,17.8319,18.0954,25691267.0,1.0,0.0
2017-08-08,18.1963,18.2029,17.749,17.8058,38123721.0,1.0,0.0
2017-08-09,17.4799,17.5102,17.4063,17.4756,41280526.0,1.0,0.2
2017-08-10,17.5269,17.5283,17.4024,17.428,17515838.0,1.0,0.0
2017-08-11,17.5347,17.7067,17.167,17.1926,31747347.0,1.0,0.0
2017-08-14,16.6971,16.7241,16.618,16.663,11377489.0,1.0,0.0
2017-08-15,16.7568,17.1277,16.7533,17.0091,2488453.0,1.0,0.0
2017-08-16,17.0498,17.0869,17.0447,17.055,9261614.0,1.0,0.0
2017-08-17,17.017,17.1107,16.8939,16.9241,13894958.0,1.0,0.0
2017-08-18,16.4521,16.5387,16.3261,16.4561,8186768.0,1.0,0.0
2017-08-21,16.4301,17.0709,16.3956,17.0611,7291936.0,1.0,0.0
2017-08-22,17.0655,17.1126,16.9872,17.1067,46240228.0,1.0,0.0
2017-08-23,16.9975,17.1531,16.9323,17.1063,11707432.0,1.0,0.0
2017-08-24,17.1125,17.2086,17.0034,17.156,2671451.0,1.0,0.0
2017-08-25,17.4473,17.5106,17.1961,17.2205,43110542.0,1.0,0.0
2017-08-28,16.4298,16.4342,16.1002,16.1946,44534190.0,1.0,0.0
2017-08-29,16.6056,16.7973,16.5649,16.7341,21981049.0,1.0,0.0
2017-08-30,16.6819,16.6947,16.5647,16.6046,46309039.0,1.0,0.0
2017-08-31,16.1552,16.2606,16.0985,16.1004,7855720.0,1.0,0.0
2017-09-01,16.6945,16.7265,16.4348,16.4841,39949519.0,1.0,0.0
2017-09-05,16.6292,16.6561,16.5062,16.6121,10020781.0,1.0,0.0
2017-09-06,16.7645,16.7732,16.383,16.4709,37759675.0,1.0,0.0
2017-09-07,16.2247,16.6114,16.1988,16.5263,27008674.0,1.0,0.0
2017-09-08,16.7132,16.8552,16.6932,16.7903,35728868.0,1.0,0.0
2017-09-11,16.9619,17.2066,16.9111,17.1195,43668309.0,1.0,0.0
2017-09-12,17.1785,17.3242,17.1763,17.2152,32501939.0,1.0,0.0
2017-09-13,17.1513,17.2133,16.8737,16.9254,4437120.0,1.0,0.0
2017-09-14,17.0537,17.0759,16.9114,16.9955,9727756.0,1.0,0.0
2017-09-15,16.9179,17.0753,16.826,17.0278,36319624.0,1.0,0.0
2017-09-18,17.322,17.7532,17.2955,17.7069,5481107.0,1.0,0.0
2017-09-19,17.065,17.2215,17.0413,17.1629,39803701.0,1.0,0.0
2017-09-20,16.78,16.844,16.7243,16.7366,28895524.0,1.0,0.0
2017-09-21,16.619,16.8172,16.5815,16.791,39557045.0,1.0,0.0
2017-09-22,16.5461,16.5815,16.4049,16.4117,18612353.0,1.0,0.0
2017-09-25,16.3383,16.4148,16.0453,16.1668,34456532.0,1.0,0.0
2017-09-26,15.9197,16.0369,15.7807,15.8327,25456566.0,1.0,0.0
2017-09-27,15.8825,15.9716,15.7555,15.8102,12888877.0,1.0,0.0
2017-09-28,15.2344,15.3438,15.0243,15.1529,29116458.0,1.0,0.0
2017-09-29,15.0837,15.3073,15.0256,15.2596,25371172.0,1.0,0.0
2017-10-02,14.9011,14.9391,14.7794,14.8194,10119837.0,1.0,0.0
2017-10-03,14.9157,15.0736,14.8593,15.0041,45464587.0,1.0,0.0
2017-10-04,15.0822,15.1435,15.0654,15.1136,48802522.0,1.0,0.0
2017-10-05,14.8609,14.886,14.6602,14.7235,14880366.0,1.0,0.0
2017-10-06,14.624,14.7288,14.473,14.7041,12415055.0,1.0,0.0
2017-10-09,14.9253,14.9963,14.9028,14.9476,5348517.0,1.0,0.0
2017-10-10,15.0303,15.0771,14.8263,14.868,24403871.0,1.0,0.0
2017-10-11,14.8635,15.022,14.8581,14.9377,19728374.0,1.0,0.0
2017-10-12,14.8741,14.8995,14.6046,14.6462,17380373.0,1.0,0.0
2017-10-13,14.8521,15.1234,14.8251,15.0278,2056884.0,1.0,0.0
2017-10-16,15.1589,15.1621,14.9098,15.0492,8633233.0,1.0,0.0
2017-10-17,14.7552,14.8449,14.6099,14.7219,44929529.0,1.0,0.0
2017-10-18,14.5447,14.5452,14.4179,14.4821,42292736.0,1.0,0.0
2017-10-19,15.4386,15.7,15.43,15.6758,8076568.0,1.0,0.0
2017-10-20,15.8765,15.8883,15.6565,15.7833,34290501.0,1.0,0.0
2017-10-23,15.6663,15.9752,15.5977,15.9228,20964065.0,1.0,0.0
2017-10-24,15.9098,15.9314,15.4955,15.5402,8672373.0,1.0,0.0
2017-10-25,15.6682,15.7175,15.5124,15.5384,7993003.0,1.0,0.0
2017-10-26,16.1796,16.2059,16.1638,16.185,35170024.0,1.0,0.0
2017-10-27,16.2803,16.2973,15.9327,15.9941,22183232.0,1.0,0.0
2017-10-30,16.0631,16.1816,16.0086,16.0912,37937438.0,1.0,0.0
2017-10-31,15.6413,16.1835,15.5259,16.1062,27283814.0,1.0,0.0
2017-11-01,16.0366,16.0929,15.8866,16.0117,39613500.0,1.0,0.0
2017-11-02,16.0826,16.2694,16.0065,16.2447,37244455.0,1.0,0.0
2017-11-03,16.28,16.3178,16.2291,16.2331,11066318.0,1.0,0.0
2017-11-06,16.4124,16.9053,16.3882,16.8672,1722278.0,1.0,0.0
2017-11-07,16.5962,16.6155,16.428,16.433,39878809.0,1.0,0.0
2017-11-08,16.0738,16.0932,16.0061,16.0755,37798427.0,1.0,0.2
2017-11-09,15.9216,16.1081,15.9147,16.0728,33998809.0,1.0,0.0
2017-11-10,15.9119,16.1787,15.837,16.1658,4626348.0,1.0,0.0
2017-11-13,16.4166,16.5102,16.0802,16.1582,11865568.0,1.0,0.0
2017-11-14,16.2791,16.3605,16.2527,16.3295,42169327.0,1.0,0.0
2017-11-15,16.0844,16.1578,16.0575,16.1466,46356237.0,1.0,0.0
2017-11-16,16.2239,16.379,16.2101,16.3598,30458579.0,1.0,0.0
2017-11-17,16.4272,16.5064,16.2844,16.3091,22143324.0,1.0,0.0
2017-11-20,16.5403,16.6059,16.522,16.5225,34476119.0,1.0,0.0
2017-11-21,15.9838,15.9872,15.8243,15.8883,26484627.0,1.0,0.0
2017-11-22,15.706,15.7577,15.5507,15.6083,26648384.0,1.0,0.0
2017-11-24,15.5749,15.5916,15.502,15.5185,14619282.0,1.0,0.0
2017-11-27,15.8985,16.0133,15.8208,15.8507,18296103.0,1.0,0.0
2017-11-28,15.9282,15.9715,15.8443,15.8899,30423900.0,1.0,0.0
2017-11-29,15.8925,16.1534,15.7741,16.1199,19045041.0,1.0,0.0
2017-11-30,16.2422,16.3034,16.193,16.2127,21945797.0,1.0,0.0
2017-12-01,16.0508,16.132,15.8146,15.8504,35291206.0,1.0,0.0
2017-12-04,15.784,15.9363,15.7353,15.8676,34214224.0,1.0,0.0
2017-12-05,16.2564,16.2948,16.1477,16.2192,22732837.0,1.0,0.0
2017-12-06,16.1771,16.2648,16.0531,16.2367,31445265.0,1.0,0.0
2017-12-07,16.5809,16.6335,16.5206,16.6146,18505427.0,1.0,0.0
2017-12-08,16.4677,16.5632,16.1652,16.1783,30529925.0,1.0,0.0
2017-12-11,16.3332,16.549,16.2801,16.4789,25223824.0,1.0,0.0
2017-12-12,16.1606,16.4792,16.117,16.4315,13759564.0,1.0,0.0
2017-12-13,16.4156,16.7648,16.3664,16.6975,25792633.0,1.0,0.0
2017-12-14,16.4887,16.6355,16.3452,16.6301,3362695.0,1.0,0.0
2017-12-15,16.5876,16.8116,16.571,16.8096,4793268.0,1.0,0.0
2017-12-18,16.6213,16.678,16.3318,16.3616,12989526.0,1.0,0.0
2017-12-19,16.1506,16.1808,16.0973,16.1559,39821559.0,1.0,0.0
2017-12-20,16.1987,16.2516,15.9966,16.0506,49628498.0,1.0,0.0
2017-12-21,16.0119,16.2056,15.882,16.2047,16781784.0,1.0,0.0
2017-12-22,16.1488,16.2499,16.0649,16.1033,13121173.0,1.0,0.0
2017-12-26,16.0486,16.162,16.035,16.1168,44514978.0,1.0,0.0
2017-12-27,16.2362,16.4527,16.2302,16.3841,45008363.0,1.0,0.0
2017-12-28,16.4539,16.6294,16.4472,16.563,34573558.0,1.0,0.0
2017-12-29,16.7055,16.7624,16.5876,16.6459,45743752.0,1.0,0.0
2018-01-02,16.5682,16.715,16.2162,16.2314,6531713.0,1.0,0.0
2018-01-03,16.2462,16.4121,16.2137,16.3976,18113085.0,1.0,0.0
2018-01-04,16.2939,16.3212,16.0084,16.0188,31359009.0,1.0,0.0
2018-01-05,15.9675,15.9954,15.5211,15.5975,14066754.0,1.0,0.0
2018-01-08,15.5655,15.7382,15.5226,15.7023,46953767.0,1.0,0.0
2018-01-09,15.596,15.6286,15.398,15.4771,3128172.0,1.0,0.0
2018-01-10,15.6278,15.6425,15.5519,15.6095,47379058.0,1.0,0.0
2018-01-11,15.5427,15.8547,15.497,15.8054,1384764.0,1.0,0.0
2018-01-12,15.7715,15.8101,15.4206,15.468,23754367.0,1.0,0.0
2018-01-16,15.5784,15.7962,15.5297,15.7392,34649601.0,1.0,0.0
2018-01-17,15.7456,16.1006,15.6904,16.0657,20721013.0,1.0,0.0
2018-01-18,16.1283,16.1684,15.7497,15.8367,31383607.0,1.0,0.0
2018-01-19,15.7315,15.9446,15.6703,15.9271,20503417.0,1.0,0.0
2018-01-22,15.9212,15.9349,15.5687,15.5709,28456239.0,1.0,0.0
2018-01-23,15.5805,15.8165,15.4602,15.7915,19017967.0,1.0,0.0
2018-01-24,15.7598,15.9774,15.6628,15.9682,7522215.0,1.0,0.0
2018-01-25,16.0379,16.1023,15.9757,15.9916,18582038.0,1.0,0.0
2018-01-26,16.0479,16.2973,15.9408,16.1996,14022317.0,1.0,0.0
2018-01-29,16.3361,16.6999,16.2817,16.5946,2042839.0,1.0,0.0
2018-01-30,16.5948,16.8583,16.5519,16.8294,31680669.0,1.0,0.0
2018-01-31,16.7512,16.8643,16.5734,16.6487,47278647.0,1.0,0.0
2018-02-01,16.6311,16.6674,16.4319,16.6085,39778173.0,1.0,0.0
2018-02-02,16.533,16.5749,16.4419,16.483,17590039.0,1.0,0.0
2018-02-05,16.4132,16.4976,16.2109,16.3011,17861159.0,1.0,0.0
2018-02-06,16.2936,16.589,16.2503,16.4647,5281620.0,1.0,0.0
2018-02-07,16.5471,16.5566,16.2555,16.2992,49891801.0,1.0,0.0
2018-02-08,16.378,16.4097,16.1141,16.2383,15182853.0,1.0,0.0
2018-02-09,16.3688,16.419,16.1054,16.145,13836147.0,1.0,0.0
2018-02-12,16.2822,16.3519,16.1607,16.23,21007990.0,1.0,0.0
2018-02-13,16.2538,16.6462,16.1881,16.5618,33552747.0,1.0,0.0
2018-02-14,16.4613,16.6546,16.4486,16.5807,5663035.0,1.0,0.0
2018-02-15,16.4472,16.4694,16.3257,16.3487,41474155.0,1.0,0.0
2018-02-16,16.5297,16.5575,16.3478,16.4088,17009945.0,1.0,0.0
2018-02-20,16.3829,16.4205,16.2226,16.2878,27612412.0,1.0,0.0
2018-02-21,16.1933,16.2064,16.0238,16.0654,25354586.0,1.0,0.0
2018-02-22,15.9578,16.2167,15.8669,16.165,5286619.0,1.0,0.0
2018-02-23,15.3868,15.4511,15.1482,15.1606,34986615.0,1.0,0.0
2018-02-26,15.4121,15.6837,15.3795,15.643,5579132.0,1.0,0.0
2018-02-27,15.8766,16.039,15.8641,16.0353,7984492.0,1.0,0.0
2018-02-28,15.7289,15.8815,15.6384,15.8257,42808919.0,1.0,0.0
2018-03-01,16.1076,16.1239,15.9407,15.9899,25556602.0,1.0,0.0
2018-03-02,15.8485,15.9487,15.675,15.7236,5995520.0,1.0,0.0
2018-03-05,15.2782,15.2889,14.964,15.0042,35882570.0,1.0,0.0
2018-03-06,16.1112,16.2324,16.0484,16.1978,36921359.0,1.0,0.0
2018-03-07,16.3996,16.4049,16.2032,16.2821,19758499.0,1.0,0.0
2018-03-08,16.1377,16.2292,16.1179,16.2164,43764797.0,1.0,0.0
2018-03-09,16.5631,16.7915,16.5385,16.717,39265508.0,1.0,0.0
2018-03-12,16.468,16.4738,16.3106,16.393,8442008.0,1.0,0.0
2018-03-13,17.2948,17.6085,17.2829,17.5554,32597391.0,1.0,0.0
2018-03-14,17.6124,17.7127,17.6085,17.6917,35140148.0,1.0,0.0
2018-03-15,16.9004,17.0692,16.8153,17.0534,46165355.0,1.0,0.0
2018-03-16,17.5388,17.5693,17.3809,17.3902,30414569.0,1.0,0.0
2018-03-19,18.1517,18.2274,17.9434,18.0665,45859707.0,1.0,0.0
2018-03-20,18.1578,18.2107,17.8951,17.9149,34910799.0,1.0,0.0
2018-03-21,17.5405,17.7516,17.4635,17.7359,11246459.0,1.0,0.0
2018-03-22,17.3433,17.3917,17.317,17.3366,24533420.0,1.0,0.0
2018-03-23,17.3373,17.4434,17.0222,17.0978,21245353.0,1.0,0.0
2018-03-26,16.6771,16.7135,16.6218,16.6581,36376587.0,1.0,0.0
2018-03-27,16.8478,16.8993,16.7251,16.7377,7199816.0,1.0,0.0
2018-03-28,16.4736,16.6511,16.4721,16.5768,11669545.0,1.0,0.0
2018-03-29,17.1056,17.1348,17.0365,17.1172,13402655.0,1.0,0.0
2018-04-02,17.5633,17.6635,17.4716,17.4954,8970138.0,1.0,0.0
2018-04-03,17.4157,17.4609,17.0982,17.1394,39664871.0,1.0,0.0
2018-04-04,17.0097,17.1167,16.9345,17.0589,22230165.0,1.0,0.0
2018-04-05,17.1917,17.1968,16.9398,16.9761,13177984.0,1.0,0.0
2018-04-06,17.1428,17.2978,17.1178,17.2786,35376529.0,1.0,0.0
2018-04-09,16.0787,16.2172,16.0484,16.1437,2682616.0,1.0,0.0
2018-04-10,16.2877,16.6728,16.2599,16.6511,35916566.0,1.0,0.0
2018-04-11,16.1362,16.1805,16.0365,16.1543,9985399.0,1.0,0.0
2018-04-12,16.1241,16.1763,15.9061,15.9905,19827771.0,1.0,0.0
2018-04-13,15.8072,15.9106,15.7328,15.8721,3341604.0,1.0,0.0
2018-04-16,15.7812,15.7924,15.5221,15.5775,1932800.0,1.0,0.0
2018-04-17,15.3192,15.4955,15.2987,15.4946,11040304.0,1.0,0.0
2018-04-18,15.4269,15.442,15.2126,15.2368,39115941.0,1.0,0.0
2018-04-19,14.8019,14.9106,14.7898,14.9009,25136179.0,1.0,0.0
2018-04-20,14.8908,14.975,14.7925,14.9553,26425892.0,1.0,0.0
2018-04-23,14.304,14.3143,14.2556,14.2884,19478015.0,1.0,0.0
2018-04-24,14.0212,14.0551,14.0042,14.0468,8158161.0,1.0,0.0
2018-04-25,13.857,13.9391,13.8098,13.8948,48063324.0,1.0,0.0
2018-04-26,13.6903,13.7173,13.67,13.6738,39023700.0,1.0,0.0
2018-04-27,13.0308,13.2388,13.0167,13.1978,20366637.0,1.0,0.0
2018-04-30,14.1084,14.1797,13.945,14.0219,11726374.0,1.0,0.0
2018-05-01,14.9019,14.95,14.784,14.8573,23884657.0,1.0,0.0
2018-05-02,14.5479,14.5569,14.3587,14.365,40639737.0,1.0,0.0
2018-05-03,14.7999,14.8977,14.714,14.7483,37123906.0,1.0,0.0
2018-05-04,14.3561,14.5465,14.2957,14.5049,1275773.0,1.0,0.0
2018-05-07,14.6179,14.663,14.4366,14.4507,45631635.0,1.0,0.0
2018-05-08,15.166,15.1771,15.1375,15.158,2249825.0,1.0,0.0
2018-05-09,14.8896,15.0766,14.8285,15.0268,31730397.0,1.0,0.2
2018-05-10,15.2289,15.2703,15.1752,15.202,45877861.0,1.0,0.0
2018-05-11,15.5057,15.6578,15.4683,15.5715,6038390.0,1.0,0.0
2018-05-14,15.0545,15.0804,14.7953,14.7989,45916443.0,1.0,0.0
2018-05-15,14.817,14.8999,14.796,14.8279,10926398.0,1.0,0.0
2018-05-16,14.4866,14.5072,14.4669,14.4749,25509353.0,1.0,0.0
2018-05-17,14.0613,14.1419,14.0073,14.038,15330484.0,1.0,0.0
2018-05-18,13.7295,13.8094,13.5462,13.578,23838721.0,1.0,0.0
2018-05-21,13.6555,13.6789,13.5655,13.5848,18245131.0,1.0,0.0
2018-05-22,13.6775,13.7073,13.6772,13.6921,16561546.0,1.0,0.0
2018-05-23,14.004,14.2118,13.9887,14.167,30341081.0,1.0,0.0
2018-05-24,13.9751,13.9872,13.8607,13.8949,32250810.0,1.0,0.0
2018-05-25,14.2101,14.24,13.9899,14.0295,19823974.0,1.0,0.0
2018-05-29,13.8808,13.9316,13.7123,13.7616,11923394.0,1.0,0.0
2018-05-30,13.9563,14.0249,13.7703,13.8225,48970479.0,1.0,0.0
2018-05-31,13.8336,13.8605,13.6621,13.6838,15218197.0,1.0,0.0
2018-06-01,13.826,14.0284,13.8202,13.9695,11956624.0,1.0,0.0
2018-06-04,13.4426,13.4921,13.3973,13.4873,43933898.0,1.0,0.0
2018-06-05,13.2395,13.2895,13.0302,13.0565,7558806.0,1.0,0.0
2018-06-06,13.3718,13.4186,13.2725,13.3079,39789098.0,1.0,0.0
2018-06-07,13.4184,13.7951,13.3715,13.7514,30032472.0,1.0,0.0
2018-06-08,13.7541,13.8476,13.5685,13.5878,6811326.0,1.0,0.0
2018-06-11,13.762,13.8403,13.7191,13.7695,22193368.0,1.0,0.0
2018-06-12,13.609,13.682,13.5587,13.6327,39095315.0,1.0,0.0
2018-06-13,13.5856,13.6071,13.4022,13.4139,18956030.0,1.0,0.0
2018-06-14,13.6153,13.7275,13.5829,13.6933,33210079.0,1.0,0.0
2018-06-15,13.4563,13.5391,13.401,13.4283,42184617.0,1.0,0.0
2018-06-18,13.3485,13.4688,13.2998,13.4566,43055364.0,1.0,0.0
2018-06-19,13.3803,13.478,13.1213,13.131,25379772.0,1.0,0.0
2018-06-20,13.3451,13.4104,13.2092,13.2745,3954522.0,1.0,0.0
2018-06-21,13.2921,13.4865,13.2855,13.4569,6198857.0,1.0,0.0
2018-06-22,13.2764,13.575,13.2762,13.5043,11982884.0,1.0,0.0
2018-06-25,13.4351,13.495,13.3255,13.3585,12653096.0,1.0,0.0
2018-06-26,13.3054,13.3854,13.0607,13.1605,38912412.0,1.0,0.0
2018-06-27,13.1993,13.2299,13.1357,13.1926,1922786.0,1.0,0.0
2018-06-28,13.0882,13.2045,13.0541,13.1229,32300183.0,1.0,0.0
2018-06-29,13.2526,13.3774,13.2359,13.2807,12312960.0,1.0,0.0
2018-07-02,13.1317,13.1775,12.9815,12.9872,10125208.0,1.0,0.0
2018-07-03,12.8942,13.0698,12.8541,13.0563,29445909.0,1.0,0.0
2018-07-05,12.8829,12.9599,12.6695,12.7071,4306776.0,1.0,0.0
2018-07-06,12.8174,12.8378,12.6912,12.7496,23973904.0,1.0,0.0
2018-07-09,12.6214,12.6444,12.5067,12.5104,44700610.0,1.0,0.0
2018-07-10,12.5634,12.87,12.5256,12.7648,39939167.0,1.0,0.0
2018-07-11,12.7705,12.8019,12.5593,12.6301,33123361.0,1.0,0.0
2018-07-12,12.7443,12.9224,12.7013,12.8998,29510324.0,1.0,0.0
2018-07-13,12.9207,12.9755,12.8546,12.8988,28726176.0,1.0,0.0
2018-07-16,12.7181,12.8088,12.5119,12.5712,33959735.0,1.0,0.0
2018-07-17,12.5096,12.5149,12.2348,12.2731,8891843.0,1.0,0.0
2018-07-18,12.2588,12.2857,12.0949,12.1222,2606595.0,1.0,0.0
2018-07-19,11.7334,11.7402,11.7012,11.703,5576596.0,1.0,0.0
2018-07-20,11.8473,12.0203,11.8168,11.9536,19568451.0,1.0,0.0
2018-07-23,11.9973,12.0394,11.9473,12.0321,34502495.0,1.0,0.0
2018-07-24,12.2386,12.3742,12.2154,12.3519,6598064.0,1.0,0.0
2018-07-25,12.352,12.4002,12.2265,12.2657,22191078.0,1.0,0.0
2018-07-26,12.0675,12.1971,12.0374,12.1794,16839060.0,1.0,0.0
2018-07-27,12.0945,12.1184,11.9936,12.0313,5629753.0,1.0,0.0
2018-07-30,12.0727,12.1178,11.9571,11.977,28383174.0,1.0,0.0
2018-07-31,11.9388,11.9613,11.9058,11.9177,33990022.0,1.0,0.0
2018-08-01,11.833,11.9322,11.8062,11.8846,24550642.0,1.0,0.0
2018-08-02,11.833,11.8862,11.6747,11.7611,23977568.0,1.0,0.0
2018-08-03,11.5924,11.6729,11.5291,11.6507,15402279.0,1.0,0.0
2018-08-06,11.687,11.8486,11.6586,11.7541,17670833.0,1.0,0.0
2018-08-07,11.5874,11.6623,11.5566,11.652,1075214.0,1.0,0.0
2018-08-08,11.4283,11.4873,11.2459,11.3342,35424885.0,1.0,0.2
2018-08-09,11.3654,11.3957,11.1931,11.2734,44860759.0,1.0,0.0
2018-08-10,11.3442,11.3883,11.3223,11.3755,6235228.0,1.0,0.0
2018-08-13,11.5842,11.6103,11.4075,11.4453,31639765.0,1.0,0.0
2018-08-14,11.4794,11.6596,11.4455,11.6273,17488285.0,1.0,0.0
2018-08-15,11.6728,11.7075,11.5505,11.5877,46115395.0,1.0,0.0
2018-08-16,11.5561,11.5836,11.5231,11.5407,14104892.0,1.0,0.0
2018-08-17,11.5584,11.7473,11.5422,11.7238,36995741.0,1.0,0.0
2018-08-20,11.7341,11.7645,11.5086,11.5185,45705682.0,1.0,0.0
2018-08-21,11.5614,11.5654,11.4256,11.4287,13334139.0,1.0,0.0
2018-08-22,11.458,11.6013,11.4483,11.5033,31321588.0,1.0,0.0
2018-08-23,11.3589,11.4123,11.3508,11.3914,12485744.0,1.0,0.0
2018-08-24,11.4734,11.5091,11.4466,11.4677,3253865.0,1.0,0.0
2018-08-27,11.6337,11.6557,11.4876,11.5716,12962942.0,1.0,0.0
2018-08-28,11.628,11.6385,11.4638,11.5305,8343208.0,1.0,0.0
2018-08-29,11.5704,11.6117,11.534,11.5914,6833551.0,1.0,0.0
2018-08-30,11.6556,11.7081,11.4273,11.5046,30875323.0,1.0,0.0
2018-08-31,11.4502,11.455,11.3737,11.3887,20787528.0,1.0,0.0
2018-09-04,11.2008,11.2395,11.0689,11.0886,11865082.0,1.0,0.0
2018-09-05,11.159,11.3007,11.0824,11.2314,5762820.0,1.0,0.0
2018-09-06,11.3708,11.3712,11.3442,11.3583,22394444.0,1.0,0.0
2018-09-07,11.4701,11.5807,11.3932,11.5287,26164000.0,1.0,0.0
2018-09-10,11.5587,11.6736,11.5578,11.6312,10379487.0,1.0,0.0
2018-09-11,11.7527,11.7585,11.7014,11.7096,25026816.0,1.0,0.0
2018-09-12,11.6939,11.7342,11.6608,11.7254,10266056.0,1.0,0.0
2018-09-13,11.7433,11.8151,11.7173,11.7745,20714573.0,1.0,0.0
2018-09-14,11.7847,11.9979,11.7477,11.9891,19627059.0,1.0,0.0
2018-09-17,12.0771,12.3937,12.0079,12.362,43881692.0,1.0,0.0
2018-09-18,12.4587,12.517,12.419,12.479,27091126.0,1.0,0.0
2018-09-19,12.3794,12.3826,12.1716,12.2722,18982219.0,1.0,0.0
2018-09-20,12.1929,12.4331,12.1296,12.3393,16764875.0,1.0,0.0
2018-09-21,12.3503,12.4394,12.3202,12.3777,47485191.0,1.0,0.0
2018-09-24,12.257,12.307,12.2563,12.2741,16238034.0,1.0,0.0
2018-09-25,12.3628,12.3776,12.2021,12.2427,44304654.0,1.0,0.0
2018-09-26,12.1168,12.3011,12.0962,12.261,35619870.0,1.0,0.0
2018-09-27,12.3494,12.3857,12.1551,12.1767,34936458.0,1.0,0.0
2018-09-28,12.2853,12.3643,12.1284,12.1304,35430069.0,1.0,0.0
2018-10-01,12.1933,12.2596,12.1667,12.2567,27597048.0,1.0,0.0
2018-10-02,12.2122,12.3343,12.2056,12.3265,9072390.0,1.0,0.0
2018-10-03,12.403,12.6766,12.3999,12.6689,27236932.0,1.0,0.0
2018-10-04,12.6565,12.7333,12.6512,12.7163,14324030.0,1.0,0.0
2018-10-05,12.7034,12.712,12.5951,12.6135,25026550.0,1.0,0.0
2018-10-08,12.535,12.5421,12.3311,12.3795,6648354.0,1.0,0.0
2018-10-09,12.3251,12.3327,12.1988,12.2804,15681297.0,1.0,0.0
2018-10-10,12.2761,12.3037,12.1568,12.1921,36608353.0,1.0,0.0
2018-10-11,12.1913,12.2057,12.1746,12.2022,11343826.0,1.0,0.0
2018-10-12,12.1777,12.2773,12.1237,12.2769,39288469.0,1.0,0.0
2018-10-15,12.1789,12.3651,12.1725,12.3068,8312432.0,1.0,0.0
2018-10-16,12.191,12.2898,12.1488,12.2695,1027156.0,1.0,0.0
2018-10-17,12.299,12.3235,12.148,12.2028,37478545.0,1.0,0.0
2018-10-18,12.2234,12.2919,12.2016,12.2806,40179584.0,1.0,0.0
2018-10-19,12.2099,12.2349,12.0589,12.0867,33440241.0,1.0,0.0
2018-10-22,12.1314,12.1539,12.1148,12.1499,18263914.0,1.0,0.0
2018-10-23,12.2025,12.3899,12.1558,12.283,2591226.0,1.0,0.0
2018-10-24,12.2358,12.2781,12.1951,12.2699,19964796.0,1.0,0.0
2018-10-25,12.2147,12.2515,11.9842,12.0803,21665402.0,1.0,0.0
2018-10-26,12.156,12.2365,12.0076,12.0094,15030832.0,1.0,0.0
2018-10-29,12.0323,12.2174,11.9637,12.1796,20478769.0,1.0,0.0
2018-10-30,12.124,12.1863,12.0037,12.0239,1405237.0,1.0,0.0
2018-10-31,12.0237,12.1881,12.016,12.1785,13918853.0,1.0,0.0
2018-11-01,12.2703,12.3082,12.2528,12.2646,16958108.0,1.0,0.0
2018-11-02,12.2439,12.3911,12.2129,12.3242,21709687.0,1.0,0.0
2018-11-05,12.1546,12.2747,12.1168,12.2179,48087124.0,1.0,0.0
2018-11-06,12.0905,12.0986,12.0723,12.0879,16264183.0,1.0,0.0
2018-11-07,12.0374,12.182,12.0234,12.1292,6893433.0,1.0,0.0
2018-11-08,12.0699,12.139,12.0282,12.1103,20376232.0,1.0,0.0
2018-11-09,12.0447,12.0698,12.0343,12.0562,43516068.0,1.0,0.0
2018-11-12,11.7995,11.8364,11.5544,11.6178,44858962.0,1.0,0.0
2018-11-13,11.6404,11.6922,11.4902,11.4931,16101189.0,1.0,0.0
2018-11-14,11.6354,11.9221,11.5917,11.8352,6316634.0,1.0,0.0
2018-11-15,11.8341,11.8667,11.7309,11.7558,18156184.0,1.0,0.0
2018-11-16,11.7409,11.8922,11.738,11.8135,45442654.0,1.0,0.0
2018-11-19,11.8951,11.9421,11.7101,11.7399,42152097.0,1.0,0.0
2018-11-20,11.6651,11.762,11.6208,11.6932,1152781.0,1.0,0.0
2018-11-21,11.7396,11.8588,11.7342,11.8496,3543070.0,1.0,0.0
2018-11-23,11.9491,12.1088,11.9387,12.0169,35491186.0,1.0,0.0
2018-11-26,12.0886,12.1263,12.0232,12.075,30796614.0,1.0,0.0
2018-11-27,12.169,12.453,12.1421,12.3999,45523838.0,1.0,0.0
2018-11-28,12.1039,12.1386,12.0017,12.0061,38710037.0,1.0,0.0
2018-11-29,12.0501,12.0918,12.031,12.0512,6361539.0,1.0,0.0
2018-11-30,12.2088,12.2817,12.156,12.178,46143679.0,1.0,0.0
2018-12-03,12.119,12.1533,12.0904,12.1113,35521360.0,1.0,0.0
2018-12-04,12.093,12.3202,12.0913,12.1681,38675161.0,1.0,0.0
2018-12-06,12.2472,12.3785,12.2406,12.3011,11774549.0,1.0,0.0
2018-12-07,12.2952,12.3381,12.231,12.2331,44225273.0,1.0,0.0
2018-12-10,12.1157,12.1257,12.0595,12.0987,44403869.0,1.0,0.0
2018-12-11,12.086,12.1498,12.0392,12.1084,31593534.0,1.0,0.0
2018-12-12,12.1865,12.2389,12.0217,12.0561,38556073.0,1.0,0.0
2018-12-13,12.0334,12.0498,11.7875,11.8442,37327257.0,1.0,0.0
2018-12-14,11.6998,11.8882,11.6676,11.8708,12882550.0,1.0,0.0
2018-12-17,11.6605,11.6976,11.5322,11.5701,38457075.0,1.0,0.0
2018-12-18,11.4655,11.5148,11.4559,11.4898,43137754.0,1.0,0.0
2018-12-19,11.5238,11.6431,11.4635,11.6376,14156519.0,1.0,0.0
2018-12-20,11.6172,11.6313,11.5574,11.5683,28640713.0,1.0,0.0
2018-12-21,11.6619,11.7217,11.5087,11.5244,45154797.0,1.0,0.0
2018-12-24,11.69,11.9804,11.6512,11.9307,9471730.0,1.0,0.0
2018-12-26,11.891,12.0705,11.8731,12.0272,45220792.0,1.0,0.0
2018-12-27,12.0773,12.1032,11.9681,11.9743,37994486.0,1.0,0.0
2018-12-28,11.929,12.0524,11.8879,12.038,41361224.0,1.0,0.0
2018-12-31,12.0318,12.0431,12.0032,12.0277,8852027.0,1.0,0.0
2019-01-02,11.9484,12.0606,11.9208,12.0149,3259038.0,1.0,0.0
2019-01-03,11.8993,11.9429,11.7859,11.7946,19265518.0,1.0,0.0
2019-01-04,11.5786,11.6215,11.5662,11.6131,24104861.0,1.0,0.0
2019-01-07,11.739,11.7391,11.4377,11.4998,37286252.0,1.0,0.0
2019-01-08,11.4256,11.5322,11.4202,11.5149,24479634.0,1.0,0.0
2019-01-09,11.4568,11.5209,11.4283,11.4778,6999162.0,1.0,0.0
2019-01-10,11.4334,11.4899,11.3922,11.488,27736953.0,1.0,0.0
2019-01-11,11.4666,11.5322,11.4585,11.5037,28316588.0,1.0,0.0
2019-01-14,11.448,11.4695,11.3887,11.4349,24406573.0,1.0,0.0
2019-01-15,11.4546,11.4748,11.2389,11.3154,35526031.0,1.0,0.0
2019-01-16,11.4097,11.5798,11.3941,11.495,20039447.0,1.0,0.0
2019-01-17,11.4418,11.5823,11.3862,11.5043,40171664.0,1.0,0.0
2019-01-18,11.5653,11.7024,11.5415,11.6893,48359515.0,1.0,0.0
2019-01-22,11.7799,11.9066,11.7569,11.8737,18751839.0,1.0,0.0
2019-01-23,11.7637,11.8516,11.7549,11.8213,48469780.0,1.0,0.0
2019-01-24,11.8181,11.8361,11.566,11.6157,43467628.0,1.0,0.0
2019-01-25,11.5159,11.5233,11.4668,11.4785,24306721.0,1.0,0.0
2019-01-28,11.4917,11.4954,11.4329,11.4666,37690610.0,1.0,0.0
2019-01-29,11.4542,11.6741,11.4296,11.6705,35101798.0,1.0,0.0
2019-01-30,11.6286,11.6535,11.4174,11.4407,2597672.0,1.0,0.0
2019-01-31,11.4583,11.5543,11.4072,11.544,48527289.0,1.0,0.0
2019-02-01,11.3851,11.421,11.2848,11.2887,39007924.0,1.0,0.0
2019-02-04,11.263,11.3036,11.046,11.0906,45674980.0,1.0,0.0
2019-02-05,11.1306,11.3472,10.9937,11.2537,25333902.0,1.0,0.0
2019-02-06,11.1271,11.3135,11.0944,11.2251,14095383.0,1.0,0.0
2019-02-07,11.1643,11.2564,11.0664,11.0667,1323577.0,1.0,0.0
2019-02-08,11.1119,11.2135,10.9066,10.9391,44033751.0,1.0,0.0
2019-02-11,11.0014,11.0757,10.9791,11.045,18910994.0,1.0,0.0
2019-02-12,11.1217,11.1877,11.0856,11.1224,35119888.0,1.0,0.0
2019-02-13,11.0608,11.1296,11.0564,11.0609,38609803.0,1.0,0.0
2019-02-14,11.0502,11.0559,10.9295,10.9511,11085584.0,1.0,0.0
2019-02-15,10.899,10.9694,10.8282,10.9527,22766818.0,1.0,0.0
2019-02-19,10.7345,10.7613,10.674,10.7196,31061951.0,1.0,0.0
2019-02-20,10.7813,10.793,10.7496,10.7654,3231654.0,1.0,0.0
2019-02-21,10.6901,10.7417,10.5811,10.6164,23480537.0,1.0,0.0
2019-02-22,10.6532,10.6779,10.5824,10.6024,26621631.0,1.0,0.0
2019-02-25,10.6311,10.7159,10.6178,10.7125,30215001.0,1.0,0.0
2019-02-26,10.7794,10.8488,10.6688,10.7178,25786229.0,1.0,0.0
2019-02-27,10.5287,10.5919,10.4824,10.5023,42126110.0,1.0,0.0
2019-02-28,10.4952,10.6005,10.4531,10.5496,28298422.0,1.0,0.0
2019-03-01,10.4758,10.6052,10.453,10.5796,47309103.0,1.0,0.0
2019-03-04,10.6658,10.6814,10.4596,10.4866,37821905.0,1.0,0.0
2019-03-05,10.4593,10.5411,10.4562,10.5037,44005991.0,1.0,0.0
2019-03-06,10.6839,10.7176,10.4901,10.5494,11116959.0,1.0,0.0
2019-03-07,10.6763,10.8073,10.6388,10.765,30442135.0,1.0,0.0
2019-03-08,10.9049,10.9988,10.8966,10.9811,30742051.0,1.0,0.0
2019-03-11,10.8911,10.9144,10.8584,10.8732,44697305.0,1.0,0.0
2019-03-12,10.8885,10.9649,10.834,10.9049,20851329.0,1.0,0.0
2019-03-13,10.9784,10.9793,10.779,10.8028,4843852.0,1.0,0.0
2019-03-14,10.8441,10.9156,10.7779,10.8341,8848533.0,1.0,0.0
2019-03-15,10.8411,10.9236,10.7584,10.8717,39898018.0,1.0,0.0
2019-03-18,10.9129,11.0218,10.9048,10.9918,41896327.0,1.0,0.0
2019-03-19,11.0377,11.1854,11.0181,11.1064,4896830.0,1.0,0.0
2019-03-20,11.32,11.4541,11.2358,11.4052,7432456.0,1.0,0.0
2019-03-21,11.3631,11.425,11.2755,11.308,40385786.0,1.0,0.0
2019-03-22,11.5078,11.5229,11.3662,11.4124,24250053.0,1.0,0.0
2019-03-25,11.4081,11.4167,11.2557,11.2938,32550927.0,1.0,0.0
2019-03-26,11.1979,11.4083,11.1574,11.3624,7735305.0,1.0,0.0
2019-03-27,11.4339,11.5557,11.4156,11.5428,25508997.0,1.0,0.0
2019-03-28,11.4901,11.4957,11.3898,11.4054,2899028.0,1.0,0.0
2019-03-29,11.7669,11.816,11.722,11.7283,33344242.0,1.0,0.0
2019-04-01,11.8218,11.9638,11.7398,11.9111,14351107.0,1.0,0.0
2019-04-02,12.1951,12.2277,12.1395,12.1684,4064546.0,1.0,0.0
2019-04-03,11.9691,12.1316,11.9388,12.1055,10384547.0,1.0,0.0
2019-04-04,12.2089,12.3806,12.192,12.3456,34824826.0,1.0,0.0
2019-04-05,12.1044,12.2548,12.1002,12.1497,5750027.0,1.0,0.0
2019-04-08,11.6612,11.6902,11.5666,11.6685,1098089.0,1.0,0.0
2019-04-09,11.8449,11.9537,11.8379,11.9044,44144364.0,1.0,0.0
2019-04-10,11.9933,12.077,11.9189,12.066,45163598.0,1.0,0.0
2019-04-11,11.9949,12.0188,11.8537,11.9168,37622686.0,1.0,0.0
2019-04-12,11.6682,11.6944,11.4994,11.6249,38547540.0,1.0,0.0
2019-04-15,11.7097,11.7468,11.5854,11.5892,6529201.0,1.0,0.0
2019-04-16,11.5349,11.717,11.5313,11.712,15950241.0,1.0,0.0
2019-04-17,11.588,11.6275,11.5426,11.5589,22975089.0,1.0,0.0
2019-04-18,11.3374,11.4703,11.2314,11.3757,20324538.0,1.0,0.0
2019-04-22,11.2741,11.3159,11.2691,11.2867,12921914.0,1.0,0.0
2019-04-23,11.4663,11.5903,11.432,11.5513,48343013.0,1.0,0.0
2019-04-24,11.5069,11.5597,11.4683,11.5323,6439033.0,1.0,0.0
2019-04-25,11.5344,11.5373,11.3178,11.407,31143447.0,1.0,0.0
2019-04-26,11.3795,11.3925,11.3485,11.3684,18143459.0,1.0,0.0
2019-04-29,11.4327,11.5468,11.374,11.5052,1579787.0,1.0,0.0
2019-04-30,11.5825,11.6035,11.3613,11.3654,14864643.0,1.0,0.0
2019-05-01,11.2955,11.3164,11.212,11.2678,2440107.0,1.0,0.0
2019-05-02,11.5026,11.733,11.4663,11.6992,33114186.0,1.0,0.0
2019-05-03,11.1946,11.2107,11.1556,11.1666,27429612.0,1.0,0.0
2019-05-06,11.1992,11.2793,11.0633,11.1283,41632914.0,1.0,0.0
2019-05-07,11.3144,11.3362,11.146,11.1611,35092307.0,1.0,0.0
2019-05-08,11.0146,11.0574,10.8577,10.9217,13971650.0,1.0,0.2
2019-05-09,10.8283,10.9177,10.7848,10.9117,11099386.0,1.0,0.0
2019-05-10,10.9497,10.9758,10.8821,10.9024,41430669.0,1.0,0.0
2019-05-13,11.0072,11.1703,10.9464,11.1423,35073936.0,1.0,0.0
2019-05-14,11.1065,11.1759,11.0853,11.1405,38127154.0,1.0,0.0
2019-05-15,10.8906,10.903,10.8681,10.8884,35686133.0,1.0,0.0
2019-05-16,11.0416,11.0449,10.9282,10.9401,31722526.0,1.0,0.0
2019-05-17,11.145,11.1778,11.1426,11.1632,3489666.0,1.0,0.0
2019-05-20,11.2037,11.3112,11.1944,11.2504,43920603.0,1.0,0.0
2019-05-21,11.1758,11.2208,11.124,11.1697,43677874.0,1.0,0.0
2019-05-22,13.1404,13.275,13.134,13.2151,18567440.0,1.0,0.0
2019-05-23,13.4942,13.7137,13.4885,13.6962,6880485.0,1.0,0.0
2019-05-24,14.3852,14.4309,14.1493,14.2558,47643481.0,1.0,0.0
2019-05-28,14.4552,14.4628,14.1842,14.2438,21848834.0,1.0,0.0
2019-05-29,14.2031,14.2618,14.1301,14.242,29883307.0,1.0,0.0
2019-05-30,14.0617,14.123,13.8881,13.917,37285303.0,1.0,0.0
2019-05-31,13.8249,13.9003,13.7861,13.8606,40440680.0,1.0,0.0
2019-06-03,14.2224,14.2595,14.1891,14.2294,31513358.0,1.0,0.0
2019-06-04,14.5354,14.6479,14.4737,14.6409,29846072.0,1.0,0.0
2019-06-05,15.3838,15.3991,15.0846,15.1615,24944916.0,1.0,0.0
2019-06-06,14.8857,14.9417,14.7889,14.8622,36230898.0,1.0,0.0
2019-06-07,14.6354,14.7198,14.627,14.7021,26748349.0,1.0,0.0
2019-06-10,15.0198,15.0959,14.7938,14.8842,18211746.0,1.0,0.0
2019-06-11,15.4381,15.7406,15.3918,15.6906,37598366.0,1.0,0.0
2019-06-12,16.3123,16.5691,16.3078,16.5458,6203738.0,1.0,0.0
2019-06-13,17.5971,17.6544,17.4163,17.4221,2754089.0,1.0,0.0
2019-06-14,16.6042,16.6384,16.3488,16.3667,34883342.0,1.0,0.0
2019-06-17,16.6951,16.881,16.6176,16.783,37949117.0,1.0,0.0
2019-06-18,16.707,16.8539,16.6046,16.837,36285390.0,1.0,0.0
2019-06-19,16.5617,16.8302,16.5565,16.7808,16758815.0,1.0,0.0
2019-06-20,15.9233,15.9348,15.5083,15.5402,41035997.0,1.0,0.0
2019-06-21,15.55,15.6056,15.5471,15.5802,20296200.0,1.0,0.0
2019-06-24,14.7133,14.8635,14.6605,14.8277,15851589.0,1.0,0.0
2019-06-25,15.0412,15.135,15.0327,15.1256,25550563.0,1.0,0.0
2019-06-26,15.6297,15.7398,15.5545,15.6135,13835197.0,1.0,0.0
2019-06-27,14.568,14.8279,14.5444,14.7554,49265247.0,1.0,0.0
2019-06-28,14.5422,14.8562,14.4257,14.8385,10472914.0,1.0,0.0
2019-07-01,15.5125,15.5359,15.36,15.3901,33076832.0,1.0,0.0
2019-07-02,14.9502,15.2146,14.9422,15.1669,29256355.0,1.0,0.0
2019-07-03,15.3328,15.3686,14.9753,15.0711,24579704.0,1.0,0.0
2019-07-05,15.4203,15.4899,15.3759,15.4537,8280009.0,1.0,0.0
2019-07-08,16.3925,16.554,16.2692,16.2964,43445167.0,1.0,0.0
2019-07-09,15.5955,15.7058,15.4029,15.4248,37316510.0,1.0,0.0
2019-07-10,15.3464,15.3835,14.9597,14.9846,7241953.0,1.0,0.0
2019-07-11,14.1303,14.4108,14.0294,14.351,21493312.0,1.0,0.0
2019-07-12,14.381,14.4641,14.3364,14.3524,7910199.0,1.0,0.0
2019-07-15,13.7936,13.8606,13.6961,13.6971,15419383.0,1.0,0.0
2019-07-16,14.2159,14.3186,14.1279,14.2077,13147414.0,1.0,0.0
2019-07-17,13.9665,14.1686,13.9478,14.1429,10958319.0,1.0,0.0
2019-07-18,14.1247,14.1754,14.0643,14.1518,7849207.0,1.0,0.0
2019-07-19,14.3625,14.3731,14.1034,14.1453,27997063.0,1.0,0.0
2019-07-22,14.0473,14.0688,13.9669,13.9816,17464576.0,1.0,0.0
2019-07-23,14.1205,14.1322,13.8701,13.943,21106080.0,1.0,0.0
2019-07-24,13.8045,13.8686,13.6827,13.709,22837522.0,1.0,0.0
2019-07-25,13.6762,13.7798,13.559,13.5916,43189858.0,1.0,0.0
2019-07-26,13.1567,13.1882,12.8334,12.8955,42787461.0,1.0,0.0
2019-07-29,14.1956,14.4429,14.1711,14.4019,15007449.0,1.0,0.0
2019-07-30,13.5233,13.5465,13.184,13.2083,34474180.0,1.0,0.0
2019-07-31,12.9417,13.209,12.8372,13.1322,20293491.0,1.0,0.0
2019-08-01,13.0097,13.1231,12.9977,13.023,42376423.0,1.0,0.0
2019-08-02,13.1423,13.1794,12.9658,12.9659,45205246.0,1.0,0.0
2019-08-05,13.2395,13.6687,13.1833,13.5537,29452492.0,1.0,0.0
2019-08-06,13.18,13.2552,13.1491,13.2386,31577372.0,1.0,0.0
2019-08-07,13.5075,13.5137,13.4418,13.4914,15067554.0,1.0,0.0
2019-08-08,13.4945,13.5774,13.4603,13.5484,32221728.0,1.0,0.0
2019-08-09,13.8297,14.0245,13.8184,13.9766,18096463.0,1.0,0.0
2019-08-12,14.1961,14.2792,14.0626,14.2615,14856180.0,1.0,0.0
2019-08-13,14.4958,14.6569,14.4433,14.6555,35336998.0,1.0,0.0
2019-08-14,15.1398,15.1459,14.9758,15.0777,45544045.0,1.0,0.0
2019-08-15,14.7699,14.9758,14.7639,14.924,38508003.0,1.0,0.0
2019-08-16,14.9643,15.3085,14.9086,15.2826,43041633.0,1.0,0.0
2019-08-19,15.7914,15.9474,15.7545,15.9413,36679898.0,1.0,0.0
2019-08-20,15.6535,15.8474,15.5893,15.8432,25059147.0,1.0,0.0
2019-08-21,15.6486,15.7388,15.4918,15.5286,8164642.0,1.0,0.0
2019-08-22,15.8608,15.8944,15.6823,15.7079,28031308.0,1.0,0.0
2019-08-23,15.8345,15.9477,15.802,15.9171,20916866.0,1.0,0.0
2019-08-26,16.1796,16.598,16.1521,16.5796,48945136.0,1.0,0.0
2019-08-27,16.4651,16.6373,16.4638,16.5124,37975994.0,1.0,0.0
2019-08-28,16.8755,17.0068,16.7388,16.9928,23874173.0,1.0,0.0
2019-08-29,17.2666,17.3003,17.2052,17.2065,28000906.0,1.0,0.0
2019-08-30,18.1227,18.1986,17.8479,17.9007,21925990.0,1.0,0.0
2019-09-03,17.3492,17.4108,17.199,17.2388,10592265.0,1.0,0.0
2019-09-04,16.9902,17.0316,16.8465,16.9139,21722114.0,1.0,0.0
2019-09-05,16.9216,17.0046,16.9103,16.9873,28931757.0,1.0,0.0
2019-09-06,17.1078,17.1846,17.007,17.051,22786761.0,1.0,0.0
2019-09-09,17.3276,17.5311,17.2845,17.5026,19128670.0,1.0,0.0
2019-09-10,17.5446,17.7641,17.4722,17.7006,19691235.0,1.0,0.0
2019-09-11,17.4877,17.6198,17.4306,17.6023,1330687.0,1.0,0.0
2019-09-12,17.6733,17.6765,17.4826,17.526,45030016.0,1.0,0.0
2019-09-13,17.4985,17.6912,17.4356,17.683,31096583.0,1.0,0.0
2019-09-16,17.9619,17.9763,17.866,17.8716,31784587.0,1.0,0.0
2019-09-17,17.7757,17.9691,17.5258,17.6386,33988712.0,1.0,0.0
2019-09-18,17.3984,17.5153,17.3389,17.4297,3312025.0,1.0,0.0
2019-09-19,17.2862,17.3701,17.1919,17.2213,4566710.0,1.0,0.0
2019-09-20,17.3664,17.4087,17.1281,17.1455,35411365.0,1.0,0.0
2019-09-23,13.7632,13.8833,13.7223,13.8818,34637245.0,1.0,0.0
2019-09-24,13.821,14.1992,13.7969,14.1277,38415335.0,1.0,0.0
2019-09-25,13.7463,14.077,13.7114,14.0133,35242964.0,1.0,0.0
2019-09-26,13.8251,13.9159,13.7852,13.9088,1099091.0,1.0,0.0
2019-09-27,14.7895,14.7911,14.5466,14.578,23601125.0,1.0,0.0
2019-09-30,14.2453,14.4309,14.1802,14.2935,24095479.0,1.0,0.0
2019-10-01,14.7707,14.8244,14.5762,14.6022,39200073.0,1.0,0.0
2019-10-02,16.138,16.1626,15.8364,15.883,42644720.0,1.0,0.0
2019-10-03,16.2041,16.2772,16.1236,16.2205,34861788.0,1.0,0.0
2019-10-04,14.8799,14.9105,14.6405,14.6598,46492093.0,1.0,0.0
2019-10-07,15.4562,15.5053,15.3945,15.4031,35868822.0,1.0,0.0
2019-10-08,13.6783,13.7307,13.4957,13.5284,35081363.0,1.0,0.0
2019-10-09,13.5011,13.5844,13.4821,13.4847,5355873.0,1.0,0.0
2019-10-10,14.044,14.0546,13.9853,14.0476,15694375.0,1.0,0.0
2019-10-11,13.6293,13.6582,13.5968,13.6488,21688272.0,1.0,0.0
2019-10-14,13.7496,13.7736,13.5573,13.6051,33391230.0,1.0,0.0
2019-10-15,13.3723,13.5588,13.3529,13.511,22036348.0,1.0,0.0
2019-10-16,14.0852,14.3382,14.0326,14.2619,18501940.0,1.0,0.0
2019-10-17,13.4658,13.4843,13.1763,13.2767,4565364.0,1.0,0.0
2019-10-18,14.024,14.0881,13.9075,13.9251,29322318.0,1.0,0.0
2019-10-21,14.2732,14.2841,14.0829,14.0939,36278355.0,1.0,0.0
2019-10-22,14.7146,14.8957,14.6284,14.8381,36286394.0,1.0,0.0
2019-10-23,14.7473,14.7972,14.7267,14.7273,38199715.0,1.0,0.0
2019-10-24,14.9503,15.1825,14.923,15.1457,34784318.0,1.0,0.0
2019-10-25,14.8318,14.998,14.8266,14.9169,46886914.0,1.0,0.0
2019-10-28,14.1353,14.1531,14.1141,14.1289,7020935.0,1.0,0.0
2019-10-29,14.2728,14.278,13.8265,13.8632,21445687.0,1.0,0.0
2019-10-30,13.4803,13.7441,13.4262,13.6178,20258226.0,1.0,0.0
2019-10-31,13.6219,14.0001,13.5867,13.9487,22797559.0,1.0,0.0
2019-11-01,14.0462,14.0861,14.0373,14.051,46334870.0,1.0,0.0
2019-11-04,14.3122,14.3609,14.1736,14.3113,25768733.0,1.0,0.0
2019-11-05,15.0145,15.0682,14.805,14.8827,38841243.0,1.0,0.0
2019-11-06,15.0602,15.1608,14.9899,15.1492,11618539.0,1.0,0.0
2019-11-07,15.5482,15.5592,15.5172,15.5295,29205744.0,1.0,0.0
2019-11-08,15.3603,15.4949,15.2741,15.4455,47046007.0,1.0,0.0
2019-11-11,15.5644,15.5715,15.4337,15.4813,6202961.0,1.0,0.0
2019-11-12,16.1061,16.1519,16.0415,16.0437,26703161.0,1.0,0.0
2019-11-13,16.6167,16.9104,16.5593,16.8114,20750600.0,1.0,0.0
2019-11-14,16.5669,16.5742,16.2472,16.3071,31913019.0,1.0,0.0
2019-11-15,16.4565,16.5852,16.3755,16.4981,42541833.0,1.0,0.0
2019-11-18,17.0238,17.2183,16.9694,17.1369,31023996.0,1.0,0.0
2019-11-19,17.5675,17.58,17.481,17.4987,4867115.0,1.0,0.0
2019-11-20,17.4169,17.51,17.3668,17.489,10790973.0,1.0,0.0
2019-11-21,17.7072,17.8894,17.6384,17.8355,35369562.0,1.0,0.0
2019-11-22,16.6874,16.7603,16.565,16.5962,20117958.0,1.0,0.0
2019-11-25,16.5006,17.0697,16.4915,17.0683,17735842.0,1.0,0.0
2019-11-26,16.5822,16.8497,16.5198,16.7886,15128854.0,1.0,0.0
2019-11-27,16.8534,16.885,16.8025,16.8207,25920334.0,1.0,0.0
2019-11-29,15.9611,16.0288,15.8929,15.9269,46249838.0,1.0,0.0
2019-12-02,16.0901,16.1952,16.0392,16.1339,43791853.0,1.0,0.0
2019-12-03,15.66,15.6759,15.5707,15.5779,47007156.0,1.0,0.0
2019-12-04,15.3082,15.3834,15.2709,15.3719,15474358.0,1.0,0.0
2019-12-05,15.6649,15.7076,15.5404,15.6833,4408479.0,1.0,0.0
2019-12-06,15.432,15.7368,15.3742,15.692,2139665.0,1.0,0.0
2019-12-09,15.7787,16.2197,15.6623,16.2179,22114800.0,1.0,0.0
2019-12-10,15.5728,16.0931,15.5626,16.0827,23099635.0,1.0,0.0
2019-12-11,15.6219,15.6955,15.441,15.5507,16624557.0,1.0,0.0
2019-12-12,16.072,16.195,16.0475,16.1444,49240379.0,1.0,0.0
2019-12-13,15.9419,16.0808,15.8881,16.0129,41304858.0,1.0,0.0
2019-12-16,15.8467,16.3018,15.8309,16.2937,33816351.0,1.0,0.0
2019-12-17,16.6727,16.7342,16.391,16.3948,23398661.0,1.0,0.0
2019-12-18,16.2465,16.4203,16.1571,16.3091,33264385.0,1.0,0.0
2019-12-19,16.2993,16.3007,16.0872,16.162,46760163.0,1.0,0.0
2019-12-20,15.8683,15.9446,15.8439,15.9127,49081342.0,1.0,0.0
2019-12-23,16.2267,16.2417,15.8809,16.0272,17117363.0,1.0,0.0
2019-12-24,16.0039,16.212,15.9582,16.1668,17860314.0,1.0,0.0
2019-12-26,15.6364,15.8834,15.5556,15.8119,41993857.0,1.0,0.0
2019-12-27,16.0566,16.2302,16.0158,16.1524,22706566.0,1.0,0.0
2019-12-30,16.5852,16.6111,16.3797,16.4525,21006584.0,1.0,0.0
2019-12-31,16.5664,16.6535,16.5063,16.6233,7833022.0,1.0,0.0
2020-01-02,16.1945,16.2184,16.0925,16.1,44408695.0,1.0,0.0
2020-01-03,16.2824,16.4079,16.2028,16.3985,12306505.0,1.0,0.0
2020-01-06,16.3581,16.4084,16.3295,16.3812,29377142.0,1.0,0.0
2020-01-07,16.1216,16.4458,16.0645,16.4299,31570739.0,1.0,0.0
2020-01-08,16.5012,16.6166,16.4141,16.5959,47424750.0,1.0,0.0
2020-01-09,16.7247,16.9881,16.6046,16.93,1176898.0,1.0,0.0
2020-01-10,17.1305,17.1952,16.9575,17.0188,27050142.0,1.0,0.0
2020-01-13,16.9746,17.0258,16.6969,16.7694,6040905.0,1.0,0.0
2020-01-14,16.5458,16.5971,16.4326,16.446,26998645.0,1.0,0.0
2020-01-15,16.3763,16.3876,15.8381,15.843,20872540.0,1.0,0.0
2020-01-16,15.6545,15.9013,15.5909,15.8537,42153589.0,1.0,0.0
2020-01-17,15.7741,15.7862,15.6338,15.7242,21649885.0,1.0,0.0
2020-01-21,15.9664,16.0752,15.945,16.0327,38359539.0,1.0,0.0
2020-01-22,15.9959,16.0233,15.6343,15.7041,40496221.0,1.0,0.0
2020-01-23,15.618,15.928,15.5806,15.7711,29088174.0,1.0,0.0
2020-01-24,15.8784,16.1011,15.838,16.0795,25124279.0,1.0,0.0
2020-01-27,16.1229,16.1454,16.0125,16.0531,43300269.0,1.0,0.0
2020-01-28,16.1686,16.2515,16.0285,16.0299,48386800.0,1.0,0.0
2020-01-29,16.1495,16.2114,15.8901,15.9111,33947846.0,1.0,0.0
2020-01-30,16.161,16.4114,16.1482,16.3432,6338855.0,1.0,0.0
2020-01-31,16.2733,16.3331,16.1256,16.216,32325521.0,1.0,0.0
2020-02-03,16.178,16.1822,15.9328,15.9467,5761696.0,1.0,0.0
2020-02-04,15.9203,15.9528,15.7416,15.859,13887318.0,1.0,0.0
2020-02-05,15.7154,15.8673,15.6652,15.6743,27954406.0,1.0,0.0
2020-02-06,15.6714,15.8745,15.662,15.8489,49561189.0,1.0,0.0
2020-02-07,15.8149,15.95,15.7767,15.8388,21190582.0,1.0,0.0
2020-02-10,15.8553,15.8726,15.4935,15.5526,33836725.0,1.0,0.0
2020-02-11,15.5249,15.6544,15.249,15.2493,14466486.0,1.0,0.0
2020-02-12,14.8873,14.9803,14.8279,14.9423,3948500.0,1.0,0.2
2020-02-13,15.4432,15.5359,15.1229,15.1495,40092383.0,1.0,0.0
2020-02-14,15.136,15.2169,14.9244,14.9501,38921114.0,1.0,0.0
2020-02-18,15.2599,15.3665,15.2014,15.3283,18070339.0,1.0,0.0
2020-02-19,15.4791,15.4924,15.393,15.4907,27891455.0,1.0,0.0
2020-02-20,15.3552,15.4391,15.336,15.373,7450545.0,1.0,0.0
2020-02-21,15.541,15.6072,15.3274,15.383,14123370.0,1.0,0.0
2020-02-24,15.1798,15.3788,15.1016,15.3202,37965583.0,1.0,0.0
2020-02-25,15.4635,15.4875,15.3729,15.3818,43475182.0,1.0,0.0
2020-02-26,15.4702,15.5061,15.3037,15.3654,46929992.0,1.0,0.0
2020-02-27,15.2291,15.2333,15.1396,15.2324,5124235.0,1.0,0.0
2020-02-28,15.349,15.4225,15.2784,15.4222,6671644.0,1.0,0.0
2020-03-02,15.1817,15.2393,15.1812,15.2329,11841157.0,1.0,0.0
2020-03-03,15.0419,15.3149,15.0,15.2803,41023650.0,1.0,0.0
2020-03-04,15.1627,15.1903,14.8314,14.8852,38182382.0,1.0,0.0
2020-03-05,15.1593,15.2484,15.0726,15.0756,15240394.0,1.0,0.0
2020-03-06,14.8838,15.0244,14.8117,15.0107,11484394.0,1.0,0.0
2020-03-09,15.0979,15.1814,15.0555,15.0766,12591984.0,1.0,0.0
2020-03-10,15.1108,15.196,14.7845,14.8576,36623481.0,1.0,0.0
2020-03-11,14.9047,15.1709,14.8144,15.127,1926897.0,1.0,0.0
2020-03-12,15.052,15.1113,14.8492,14.9371,49577292.0,1.0,0.0
2020-03-13,14.8265,14.8599,14.3746,14.4763,31403053.0,1.0,0.0
2020-03-16,14.3155,14.3406,14.1836,14.2933,49430463.0,1.0,0.0
2020-03-17,14.2333,14.2959,14.2086,14.2537,49395251.0,1.0,0.0
2020-03-18,14.114,14.1435,14.0474,14.1306,35781948.0,1.0,0.0
2020-03-19,14.3156,14.3734,14.1877,14.2039,1623988.0,1.0,0.0
2020-03-20,14.3604,14.4512,14.1552,14.1945,48935885.0,1.0,0.0
2020-03-23,14.3773,14.5004,14.3611,14.4812,49253032.0,1.0,0.0
2020-03-24,14.4132,14.4827,14.333,14.4344,44422251.0,1.0,0.0
2020-03-25,14.441,14.5371,14.4231,14.5167,6431407.0,1.0,0.0
2020-03-26,14.7204,14.7227,14.6143,14.6269,1506062.0,1.0,0.0
2020-03-27,14.5994,14.8537,14.5524,14.793,28117704.0,1.0,0.0
2020-03-30,14.7076,14.7326,14.5735,14.61,15637603.0,1.0,0.0
2020-03-31,14.8473,15.0692,14.8244,15.031,44593278.0,1.0,0.0
2020-04-01,15.0628,15.0813,14.6626,14.7982,16816040.0,1.0,0.0
2020-04-02,14.8187,14.9823,14.8103,14.953,31792499.0,1.0,0.0
2020-04-03,14.9113,14.9631,14.8374,14.8673,30491637.0,1.0,0.0
2020-04-06,14.6965,14.7904,14.5588,14.6302,42195181.0,1.0,0.0
2020-04-07,14.8017,14.8041,14.7543,14.7811,17868329.0,1.0,0.0
2020-04-08,14.8089,15.0716,14.798,15.0337,43082398.0,1.0,0.0
2020-04-09,15.0079,15.0885,14.8716,14.8785,38287791.0,1.0,0.0
2020-04-13,14.9544,15.0276,14.8691,14.8853,20250367.0,1.0,0.0
2020-04-14,14.871,14.871,14.6768,14.7151,49388000.0,1.0,0.0
2020-04-15,14.6188,14.8886,14.5925,14.8422,3983472.0,1.0,0.0
2020-04-16,14.8866,14.9219,14.831,14.843,20508424.0,1.0,0.0
2020-04-17,14.9184,15.2283,14.8871,15.2025,3620081.0,1.0,0.0
2020-04-20,14.9068,15.1199,14.8711,15.0793,45862780.0,1.0,0.0
2020-04-21,15.1949,15.2267,15.1729,15.1909,42284457.0,1.0,0.0
2020-04-22,15.3979,15.423,15.2247,15.2404,33920199.0,1.0,0.0
2020-04-23,15.2209,15.3632,15.1754,15.3225,36001615.0,1.0,0.0
2020-04-24,15.1707,15.2064,15.0515,15.0901,3208446.0,1.0,0.0
2020-04-27,15.047,15.0527,14.7509,14.8228,8169922.0,1.0,0.0
2020-04-28,14.9037,15.0791,14.8859,15.0368,25165343.0,1.0,0.0
2020-04-29,14.9866,15.0586,14.926,15.0577,13767788.0,1.0,0.0
2020-04-30,15.038,15.0669,14.8671,14.9387,17913438.0,1.0,0.0
2020-05-01,14.9084,14.9403,14.5992,14.6205,36440559.0,1.0,0.0
2020-05-04,14.4786,14.5631,14.4231,14.5431,8197974.0,1.0,0.0
2020-05-05,14.315,14.3956,13.977,14.0165,2227070.0,1.0,0.0
2020-05-06,14.0369,14.1311,13.999,14.1183,28017946.0,1.0,0.0
2020-05-07,14.1808,14.2462,13.965,13.9751,31997039.0,1.0,0.0
2020-05-08,13.9692,14.0371,13.9402,13.9511,26258987.0,1.0,0.0
2020-05-11,14.1074,14.208,14.0398,14.1818,27017841.0,1.0,0.0
2020-05-12,14.0509,14.2432,14.0374,14.2118,49069984.0,1.0,0.0
2020-05-13,14.2707,14.3063,14.2094,14.2214,46225486.0,1.0,0.0
2020-05-14,14.2705,14.5381,14.2279,14.5025,33216894.0,1.0,0.0
2020-05-15,14.4271,14.6176,14.4185,14.5961,18769697.0,1.0,0.0
2020-05-18,14.4054,14.465,14.3841,14.4617,45169328.0,1.0,0.0
2020-05-19,14.4934,14.7773,14.472,14.7698,2927566.0,1.0,0.0
2020-05-20,14.7966,14.828,14.6377,14.6902,10971894.0,1.0,0.0
2020-05-21,14.7038,14.9022,14.634,14.8988,5323677.0,1.0,0.0
2020-05-22,14.9188,15.1573,14.9001,15.0797,46706816.0,1.0,0.0
2020-05-26,15.3959,15.4204,15.3299,15.3682,19720749.0,1.0,0.0
2020-05-27,15.4518,15.4603,15.403,15.4492,22851731.0,1.0,0.0
2020-05-28,15.5478,15.7293,15.4844,15.6243,19217798.0,1.0,0.0
2020-05-29,15.2932,15.3477,15.2163,15.3419,45979286.0,1.0,0.0
2020-06-01,15.4201,15.5509,15.2256,15.3167,7604426.0,1.0,0.0
2020-06-02,15.0834,15.147,14.9824,15.0721,26023335.0,1.0,0.0
2020-06-03,15.1718,15.2084,15.0387,15.0776,36747777.0,1.0,0.0
2020-06-04,15.0216,15.0434,14.7745,14.8336,46118938.0,1.0,0.0
2020-06-05,14.7902,14.7908,14.6577,14.6619,1136247.0,1.0,0.0
2020-06-08,14.9635,15.0086,14.8134,14.8441,30751275.0,1.0,0.0
2020-06-09,14.8262,15.1439,14.781,15.0724,3052449.0,1.0,0.0
2020-06-10,14.9859,15.1294,14.9106,15.0367,23907585.0,1.0,0.0
2020-06-11,15.1005,15.1173,14.8542,14.9158,16745848.0,1.0,0.0
2020-06-12,14.8221,14.8774,14.6523,14.7087,17965612.0,1.0,0.0
2020-06-15,14.7044,14.7353,14.5797,14.6005,37629199.0,1.0,0.0
2020-06-16,14.5738,14.6098,14.5467,14.5721,46659814.0,1.0,0.0
2020-06-17,14.6325,14.7333,14.6131,14.716,18528338.0,1.0,0.0
2020-06-18,15.2566,15.2932,14.9505,15.0504,27842317.0,1.0,0.0
2020-06-19,15.0861,15.1263,15.0804,15.0809,43766379.0,1.0,0.0
2020-06-22,15.073,15.1505,15.0326,15.1303,30560755.0,1.0,0.0
2020-06-23,14.8807,15.025,14.7033,14.7841,3853177.0,1.0,0.0
2020-06-24,14.8201,14.8408,14.7429,14.78,45726501.0,1.0,0.0
2020-06-25,14.6579,14.7639,14.4517,14.4533,4532017.0,1.0,0.0
2020-06-26,14.5429,14.7126,14.5228,14.6497,11299932.0,1.0,0.0
2020-06-29,14.9367,15.2439,14.9107,15.1933,24921294.0,1.0,0.0
2020-06-30,15.1999,15.2819,15.1379,15.2071,19398751.0,1.0,0.0
2020-07-01,15.0531,15.1259,14.9639,15.0118,1980152.0,1.0,0.0
2020-07-02,15.0372,15.0608,14.7492,14.7822,6464863.0,1.0,0.0
2020-07-06,14.5839,14.6444,14.3538,14.3654,35301007.0,1.0,0.0
2020-07-07,14.4788,14.5582,14.4748,14.5559,32452840.0,1.0,0.0
2020-07-08,14.4873,14.5393,14.3182,14.3389,47555278.0,1.0,0.0
2020-07-09,14.3049,14.6732,14.1832,14.6109,36310068.0,1.0,0.0
2020-07-10,14.4559,14.5047,14.1764,14.2704,1497347.0,1.0,0.0
2020-07-13,14.4451,14.5252,14.4198,14.4751,7306328.0,1.0,0.0
2020-07-14,14.5181,14.6089,14.2746,14.3641,15780319.0,1.0,0.0
2020-07-15,14.2798,14.2872,14.1353,14.2287,7320328.0,1.0,0.0
2020-07-16,14.3743,14.3951,14.1669,14.2046,11412912.0,1.0,0.0
2020-07-17,14.2312,14.2749,14.1162,14.1791,47946399.0,1.0,0.0
2020-07-20,14.0213,14.0528,13.965,13.9726,45747486.0,1.0,0.0
2020-07-21,14.0665,14.1135,14.0548,14.1048,31232485.0,1.0,0.0
2020-07-22,14.0309,14.1587,14.0103,14.0601,25736488.0,1.0,0.0
2020-07-23,14.2292,14.3279,14.1394,14.1587,42282140.0,1.0,0.0
2020-07-24,14.2547,14.3807,14.2248,14.3615,37617240.0,1.0,0.0
2020-07-27,14.3163,14.4121,14.2917,14.3364,9190148.0,1.0,0.0
2020-07-28,14.3873,14.5905,14.3084,14.5312,41832965.0,1.0,0.0
2020-07-29,14.5223,14.5374,14.3744,14.4315,10583325.0,1.0,0.0
2020-07-30,14.2549,14.2632,13.9285,14.0432,20224006.0,1.0,0.0
2020-07-31,14.0459,14.0618,14.0375,14.0573,41446654.0,1.0,0.0
2020-08-03,14.0928,14.1127,13.97,13.9974,8629463.0,1.0,0.0
2020-08-04,14.0161,14.0377,13.9303,13.9667,15793123.0,1.0,0.0
2020-08-05,13.9035,14.1393,13.866,14.1337,32850137.0,1.0,0.0
2020-08-06,14.0564,14.1016,13.8664,13.9008,26095925.0,1.0,0.0
2020-08-07,14.0563,14.0602,13.9776,14.0184,6186583.0,1.0,0.0
2020-08-10,14.159,14.1856,13.9691,14.0668,21187012.0,1.0,0.0
2020-08-11,13.9427,13.957,13.7746,13.7973,18625742.0,1.0,0.0
2020-08-12,13.6871,13.7048,13.6742,13.6898,37024432.0,1.0,0.2
2020-08-13,13.6493,13.7236,13.5808,13.5925,15850292.0,1.0,0.0
2020-08-14,13.5617,13.5802,13.3503,13.428,18743107.0,1.0,0.0
2020-08-17,13.413,13.4722,13.332,13.4047,5676737.0,1.0,0.0
2020-08-18,13.4915,13.7101,13.4878,13.7054,7328987.0,1.0,0.0
2020-08-19,13.7539,13.8333,13.6757,13.7613,28274598.0,1.0,0.0
2020-08-20,13.8247,13.8725,13.6814,13.6963,11712398.0,1.0,0.0
2020-08-21,13.7638,13.8174,13.6328,13.6739,39765202.0,1.0,0.0
2020-08-24,13.7499,13.7683,13.7039,13.7347,47122636.0,1.0,0.0
2020-08-25,13.7133,13.7259,13.6354,13.6678,4544216.0,1.0,0.0
2020-08-26,13.7014,13.763,13.6064,13.6457,43770801.0,1.0,0.0
2020-08-27,13.7494,13.7628,13.5655,13.6448,24538761.0,1.0,0.0
2020-08-28,13.6202,13.6231,13.3725,13.4885,7005253.0,1.0,0.0
2020-08-31,13.8721,14.0651,13.8575,14.0377,12794756.0,1.0,0.0
2020-09-01,14.0412,14.084,14.0388,14.0397,28085322.0,1.0,0.0
2020-09-02,14.2534,14.2859,14.1272,14.2086,42284075.0,1.0,0.0
2020-09-03,14.2154,14.3612,14.1788,14.3608,17198690.0,1.0,0.0
2020-09-04,14.3499,14.3685,14.2574,14.2789,14129331.0,1.0,0.0
2020-09-08,14.3526,14.3679,14.0871,14.1032,24611313.0,1.0,0.0
2020-09-09,13.5926,13.6631,13.5101,13.5563,24080320.0,1.0,0.0
2020-09-10,13.6472,13.6582,13.5003,13.5206,7518907.0,1.0,0.0
2020-09-11,13.3892,13.4049,13.2616,13.3256,17653654.0,1.0,0.0
2020-09-14,13.2384,13.321,13.1958,13.2513,21280405.0,1.0,0.0
2020-09-15,13.4115,13.6449,13.3961,13.6364,31419025.0,1.0,0.0
2020-09-16,13.6887,13.855,13.6718,13.8111,41824250.0,1.0,0.0
2020-09-17,13.6864,14.0041,13.6737,13.992,41888682.0,1.0,0.0
2020-09-18,14.0208,14.0442,13.8163,13.8413,46054025.0,1.0,0.0
2020-09-21,13.7404,13.7601,13.6149,13.6589,37019566.0,1.0,0.0
2020-09-22,13.621,13.7108,13.6148,13.6675,7403096.0,1.0,0.0
2020-09-23,13.6357,13.6379,13.5187,13.5908,43470589.0,1.0,0.0
2020-09-24,13.5252,13.7367,13.4156,13.6757,41659979.0,1.0,0.0
2020-09-25,13.7653,13.8657,13.6741,13.8017,25197030.0,1.0,0.0
2020-09-28,13.6699,13.8343,13.6606,13.8268,10268542.0,1.0,0.0
2020-09-29,13.853,14.0753,13.7682,13.9986,46351170.0,1.0,0.0
2020-09-30,14.1845,14.218,14.035,14.0423,45677267.0,1.0,0.0
2020-10-01,14.2732,14.371,14.2716,14.3289,7245240.0,1.0,0.0
2020-10-02,14.3528,14.5832,14.3431,14.5302,46268785.0,1.0,0.0
2020-10-05,14.5508,14.576,14.5107,14.5198,13541267.0,1.0,0.0
2020-10-06,14.5944,14.7989,14.5125,14.7151,45289169.0,1.0,0.0
2020-10-07,14.8128,14.8867,14.6802,14.8646,3797869.0,1.0,0.0
2020-10-08,14.9129,14.9462,14.8902,14.9034,8847739.0,1.0,0.0
2020-10-09,14.9276,15.0144,14.9154,14.9193,23557722.0,1.0,0.0
2020-10-12,14.9144,14.9512,14.8951,14.9278,3721214.0,1.0,0.0
2020-10-13,14.92,15.0168,14.8569,14.8949,32710164.0,1.0,0.0
2020-10-14,14.8344,14.863,14.6779,14.6971,7196235.0,1.0,0.0
2020-10-15,14.5387,14.6945,14.5113,14.6686,37340589.0,1.0,0.0
2020-10-16,14.6489,14.7011,14.2338,14.3076,27899399.0,1.0,0.0
2020-10-19,14.4623,14.5193,14.2268,14.3042,5425919.0,1.0,0.0
2020-10-20,14.2403,14.285,14.1719,14.2275,4654912.0,1.0,0.0
2020-10-21,14.0219,14.0841,13.6863,13.7367,23142311.0,1.0,0.0
2020-10-22,13.7484,13.7923,13.5709,13.6136,34235739.0,1.0,0.0
2020-10-23,13.4748,13.5175,13.4004,13.4276,17651814.0,1.0,0.0
2020-10-26,13.4096,13.5939,13.374,13.5416,12441318.0,1.0,0.0
2020-10-27,13.4393,13.455,13.1237,13.1485,46254077.0,1.0,0.0
2020-10-28,13.1958,13.3173,13.1205,13.2978,35814575.0,1.0,0.0
2020-10-29,13.406,13.658,13.3786,13.6362,33088590.0,1.0,0.0
2020-10-30,13.4509,13.457,13.3091,13.3172,42806641.0,1.0,0.0
2020-11-02,13.335,13.4702,13.3161,13.4517,42501366.0,1.0,0.0
2020-11-03,13.5464,13.7116,13.5265,13.6962,30851861.0,1.0,0.0
2020-11-04,13.8454,13.9228,13.8252,13.8964,40555468.0,1.0,0.0
2020-11-05,13.8651,13.9581,13.8499,13.9045,34541806.0,1.0,0.0
2020-11-06,13.8103,13.8416,13.4559,13.5319,17168625.0,1.0,0.0
2020-11-09,13.2931,13.2989,13.242,13.2918,31236735.0,1.0,0.0
2020-11-10,13.4089,13.4896,13.3704,13.3856,17512399.0,1.0,0.0
2020-11-11,13.4972,13.5966,13.3778,13.3918,32653623.0,1.0,0.2
2020-11-12,13.5505,13.9307,13.5351,13.8611,27416671.0,1.0,0.0
2020-11-13,14.0447,14.1104,13.9153,13.9511,11861384.0,1.0,0.0
2020-11-16,13.918,13.9868,13.7028,13.7567,31077058.0,1.0,0.0
2020-11-17,13.8636,14.0505,13.7959,14.0149,4706792.0,1.0,0.0
2020-11-18,14.0914,14.2839,14.0737,14.2238,1763732.0,1.0,0.0
2020-11-19,14.0923,14.1269,13.9467,14.0126,7255303.0,1.0,0.0
2020-11-20,13.8956,13.9816,13.7052,13.7403,36894708.0,1.0,0.0
2020-11-23,13.6737,13.7224,13.6533,13.6613,43185355.0,1.0,0.0
2020-11-24,13.4884,13.8327,13.4558,13.8292,43268111.0,1.0,0.0
2020-11-25,13.9156,13.9406,13.8143,13.8261,38830354.0,1.0,0.0
2020-11-27,13.8544,13.865,13.711,13.7623,32295970.0,1.0,0.0
2020-11-30,13.8663,13.9648,13.8119,13.9572,44821601.0,1.0,0.0
2020-12-01,14.0136,14.1091,13.7601,13.791,13790356.0,1.0,0.0
2020-12-02,13.7518,13.817,13.5611,13.5892,10819484.0,1.0,0.0
2020-12-03,13.5693,13.7279,13.4717,13.6885,3443715.0,1.0,0.0
2020-12-04,13.7848,13.8461,13.7289,13.7454,31854590.0,1.0,0.0
2020-12-07,14.3184,14.327,14.0601,14.0628,40133503.0,1.0,0.0
2020-12-08,14.1637,14.2225,14.0699,14.2105,1289929.0,1.0,0.0
2020-12-09,13.8919,13.9834,13.8526,13.957,3233250.0,1.0,0.0
2020-12-10,13.9367,14.0851,13.8909,14.0332,29380703.0,1.0,0.0
2020-12-11,13.8133,13.9348,13.7492,13.7637,43835513.0,1.0,0.0
2020-12-14,13.3863,13.4572,13.3261,13.3987,29277228.0,1.0,0.0
2020-12-15,13.2109,13.2479,13.0974,13.1591,25679754.0,1.0,0.0
2020-12-16,12.9997,13.0303,12.8872,12.9092,42097752.0,1.0,0.0
2020-12-17,12.7213,12.8875,12.6636,12.8049,13223034.0,1.0,0.0
2020-12-18,12.6846,12.7469,12.5061,12.5451,8399943.0,1.0,0.0
2020-12-21,12.5647,12.6147,12.3696,12.4216,31125047.0,1.0,0.0
2020-12-22,12.4297,12.4896,12.2739,12.318,22967446.0,1.0,0.0
2020-12-23,12.3441,12.4019,12.3376,12.3885,14914508.0,1.0,0.0
2020-12-24,12.3325,12.3891,12.2954,12.3758,24470888.0,1.0,0.0
2020-12-28,12.4189,12.4788,12.3791,12.4779,19926921.0,1.0,0.0
2020-12-29,12.4176,12.5052,12.4108,12.4413,30944887.0,1.0,0.0
2020-12-30,12.5446,12.7287,12.4857,12.6762,34551625.0,1.0,0.0
2020-12-31,12.611,12.6909,12.5539,12.5724,22941737.0,1.0,0.0
2021-01-04,12.5868,12.5879,12.5689,12.5824,47921816.0,1.0,0.0
2021-01-05,12.5395,12.6241,12.5122,12.5776,9664151.0,1.0,0.0
2021-01-06,12.6064,12.9639,12.5872,12.9534,10656930.0,1.0,0.0
2021-01-07,12.9088,12.9964,12.8955,12.9458,10972691.0,1.0,0.0
2021-01-08,12.9227,12.9642,12.8327,12.8564,22283103.0,1.0,0.0
2021-01-11,12.8392,13.2705,12.8138,13.2462,44446823.0,1.0,0.0
2021-01-12,13.2306,13.2418,13.035,13.0383,28925509.0,1.0,0.0
2021-01-13,13.066,13.0673,12.8284,12.8531,1194493.0,1.0,0.0
2021-01-14,12.9447,13.0176,12.9225,12.98,37694082.0,1.0,0.0
2021-01-15,12.9602,12.9828,12.7164,12.7672,39908376.0,1.0,0.0
2021-01-19,12.8138,12.8174,12.6351,12.6489,1668218.0,1.0,0.0
2021-01-20,12.6308,12.7128,12.6054,12.7088,24912230.0,1.0,0.0
2021-01-21,12.6647,12.7579,12.6448,12.7365,26255989.0,1.0,0.0
2021-01-22,12.6639,12.7519,12.6077,12.7187,16552311.0,1.0,0.0
2021-01-25,12.6527,12.7825,12.5923,12.7727,6033729.0,1.0,0.0
2021-01-26,12.7665,12.8193,12.5704,12.5953,13983191.0,1.0,0.0
2021-01-27,12.5903,12.7675,12.5338,12.7609,44315258.0,1.0,0.0
2021-01-28,12.7888,12.9386,12.7627,12.8921,26609450.0,1.0,0.0
2021-01-29,12.8167,12.9153,12.8085,12.8604,11151064.0,1.0,0.0
2021-02-01,12.6589,12.6773,12.514,12.5834,48420379.0,1.0,0.0
2021-02-02,12.6893,12.8784,12.6708,12.8614,21470077.0,1.0,0.0
2021-02-03,12.8539,12.9133,12.8468,12.8642,7688563.0,1.0,0.0
2021-02-04,12.9559,13.2676,12.9557,13.255,4019888.0,1.0,0.0
2021-02-05,13.1824,13.213,13.0569,13.0721,32056170.0,1.0,0.0
2021-02-08,13.1318,13.1406,12.8877,12.9584,38092007.0,1.0,0.0
2021-02-09,12.9803,12.9862,12.7724,12.8045,39825432.0,1.0,0.0
2021-02-10,12.4898,12.5382,12.4121,12.4285,35859336.0,1.0,0.2
2021-02-11,12.4874,12.5735,12.3343,12.4203,11338308.0,1.0,0.0
2021-02-12,12.3859,12.5736,12.3767,12.5063,49123256.0,1.0,0.0
2021-02-16,12.6273,12.716,12.5973,12.6553,31710801.0,1.0,0.0
2021-02-17,12.6706,12.8094,12.6602,12.768,44828818.0,1.0,0.0
2021-02-18,12.802,12.9741,12.7658,12.9204,15571816.0,1.0,0.0
2021-02-19,12.9071,13.1908,12.8931,13.1638,32605784.0,1.0,0.0
2021-02-22,12.9722,13.1645,12.9512,13.1359,3499303.0,1.0,0.0
2021-02-23,13.1634,13.2071,13.1312,13.1399,7442138.0,1.0,0.0
2021-02-24,13.2418,13.3471,13.1899,13.2933,42602814.0,1.0,0.0
2021-02-25,13.2737,13.331,13.162,13.1989,21429126.0,1.0,0.0
2021-02-26,13.1037,13.2366,13.0203,13.0818,2081417.0,1.0,0.0
2021-03-01,12.9568,12.9751,12.6015,12.6749,42259481.0,1.0,0.0
2021-03-02,12.6087,12.6899,12.6052,12.6854,40573012.0,1.0,0.0
2021-03-03,12.7685,12.8357,12.7644,12.8155,22403251.0,1.0,0.0
2021-03-04,12.8075,12.8268,12.6794,12.774,29097987.0,1.0,0.0
2021-03-05,12.7961,12.9474,12.7804,12.9005,42072286.0,1.0,0.0
2021-03-08,12.6429,12.6495,12.4847,12.5483,25815774.0,1.0,0.0
2021-03-09,12.9854,13.0363,12.8156,12.8269,24131860.0,1.0,0.0
2021-03-10,13.0873,13.1025,13.0222,13.0887,16997193.0,1.0,0.0
2021-03-11,13.0108,13.0292,12.7375,12.7946,45306686.0,1.0,0.0
2021-03-12,12.7504,12.7912,12.5003,12.5486,42381975.0,1.0,0.0
2021-03-15,12.5428,12.5772,12.2764,12.3562,23034486.0,1.0,0.0
2021-03-16,12.2134,12.3174,12.1965,12.3006,27397557.0,1.0,0.0
2021-03-17,12.6497,12.6906,12.3927,12.4662,26143625.0,1.0,0.0
2021-03-18,12.4588,12.5402,12.2861,12.3015,18655055.0,1.0,0.0
2021-03-19,12.4929,12.5293,12.3537,12.4068,36077051.0,1.0,0.0
2021-03-22,12.6799,12.7693,12.6451,12.7647,47870846.0,1.0,0.0
2021-03-23,12.7121,12.9046,12.7077,12.8539,10255973.0,1.0,0.0
2021-03-24,13.0089,13.0351,12.9235,12.9571,10638137.0,1.0,0.0
2021-03-25,13.0868,13.2509,12.9976,13.1935,30477612.0,1.0,0.0
2021-03-26,13.0314,13.0372,12.9564,12.9594,30703599.0,1.0,0.0
2021-03-29,13.1121,13.2675,13.0747,13.2263,24944066.0,1.0,0.0
2021-03-30,13.27,13.3472,13.1027,13.1493,32851355.0,1.0,0.0
2021-03-31,13.4199,13.5332,13.3968,13.5275,29691091.0,1.0,0.0
2021-04-01,13.8003,13.9278,13.7848,13.8681,18578555.0,1.0,0.0
2021-04-05,13.9834,14.0501,13.855,13.9901,39594902.0,1.0,0.0
2021-04-06,14.1215,14.1823,14.0885,14.1069,27995444.0,1.0,0.0
2021-04-07,14.4332,14.5006,14.3629,14.4115,5480062.0,1.0,0.0
2021-04-08,14.443,14.4985,14.4203,14.4589,33909371.0,1.0,0.0
2021-04-09,14.552,14.5829,14.2466,14.2483,9737023.0,1.0,0.0
2021-04-12,14.1193,14.1309,14.0781,14.1189,43401127.0,1.0,0.0
2021-04-13,14.0763,14.0897,13.8566,13.9026,21758495.0,1.0,0.0
2021-04-14,13.9803,13.9946,13.6594,13.7232,27053341.0,1.0,0.0
2021-04-15,13.8294,13.9529,13.7748,13.9019,10203067.0,1.0,0.0
2021-04-16,13.9032,13.983,13.7933,13.8539,49573725.0,1.0,0.0
2021-04-19,13.8978,14.1935,13.893,14.0474,2903769.0,1.0,0.0
2021-04-20,13.9888,14.0351,13.858,13.8904,42157892.0,1.0,0.0
2021-04-21,13.9229,14.0575,13.917,14.0238,39629642.0,1.0,0.0
2021-04-22,14.0895,14.1326,13.9334,13.9839,48547872.0,1.0,0.0
2021-04-23,14.0302,14.0788,13.9255,13.9802,8634185.0,1.0,0.0
2021-04-26,14.0138,14.0562,13.997,14.0045,41766324.0,1.0,0.0
2021-04-27,13.9495,13.9897,13.8404,13.8467,2749222.0,1.0,0.0
2021-04-28,13.8644,13.9021,13.6122,13.6325,48094458.0,1.0,0.0
2021-04-29,13.6559,13.6624,13.3169,13.3695,36731353.0,1.0,0.0
2021-04-30,13.2047,13.2159,13.1222,13.1697,32880079.0,1.0,0.0
2021-05-03,13.1509,13.3764,13.1467,13.3324,46524719.0,1.0,0.0
2021-05-04,13.3208,13.3249,13.1836,13.2183,32908518.0,1.0,0.0
2021-05-05,13.2084,13.2117,12.9947,13.0223,33706536.0,1.0,0.0
2021-05-06,13.0126,13.0356,12.7828,12.7893,33360260.0,1.0,0.0
2021-05-07,12.8338,13.0989,12.8261,13.0554,37175073.0,1.0,0.0
2021-05-10,13.1493,13.2478,13.1039,13.2077,9292123.0,1.0,0.0
2021-05-11,13.2515,13.2753,13.0054,13.0691,14329050.0,1.0,0.0
2021-05-12,13.1013,13.1504,12.9882,13.1162,30268226.0,1.0,0.2
2021-05-13,13.0433,13.0878,12.7545,12.779,33731326.0,1.0,0.0
2021-05-14,12.705,12.7491,12.6358,12.6664,26256250.0,1.0,0.0
2021-05-17,12.617,12.6829,12.6162,12.6599,37056460.0,1.0,0.0
2021-05-18,12.8685,12.917,12.7402,12.7657,26969508.0,1.0,0.0
2021-05-19,12.955,13.0851,12.9483,12.9974,33951513.0,1.0,0.0
2021-05-20,13.0143,13.0451,12.9324,12.9562,6509403.0,1.0,0.0
2021-05-21,13.0679,13.0957,12.8474,12.8888,31157298.0,1.0,0.0
2021-05-24,12.9034,12.9876,12.9016,12.9759,2293207.0,1.0,0.0
2021-05-25,12.9361,12.9974,12.9046,12.9738,15425494.0,1.0,0.0
2021-05-26,13.092,13.1284,12.9914,13.0049,42450494.0,1.0,0.0
2021-05-27,12.8153,12.8413,12.7,12.7367,3231967.0,1.0,0.0
2021-05-28,12.7227,12.7631,12.5427,12.6134,32024285.0,1.0,0.0
2021-06-01,12.5632,12.5688,12.4794,12.5265,15677014.0,1.0,0.0
2021-06-02,12.6085,12.7644,12.5558,12.6919,11594857.0,1.0,0.0
2021-06-03,12.5984,12.7411,12.5303,12.6711,18731878.0,1.0,0.0
2021-06-04,12.6793,12.7094,12.5879,12.7027,33088060.0,1.0,0.0
2021-06-07,12.6454,12.7454,12.5818,12.6679,39623586.0,1.0,0.0
2021-06-08,12.661,12.832,12.6302,12.8259,22477540.0,1.0,0.0
2021-06-09,12.7584,12.7847,12.568,12.613,24908328.0,1.0,0.0
2021-06-10,12.6253,12.7411,12.6241,12.7092,7385116.0,1.0,0.0
2021-06-11,12.8314,12.8652,12.7757,12.8326,15957293.0,1.0,0.0
2021-06-14,12.9244,13.1585,12.849,13.1504,30956924.0,1.0,0.0
2021-06-15,13.2206,13.2923,13.2184,13.2582,36738163.0,1.0,0.0
2021-06-16,13.2444,13.3383,13.0045,13.083,35408708.0,1.0,0.0
2021-06-17,13.1838,13.3112,13.1698,13.3045,25905168.0,1.0,0.0
2021-06-18,13.4244,13.4824,13.3576,13.3803,29624910.0,1.0,0.0
2021-06-21,13.3733,13.3945,13.2314,13.2391,5422542.0,1.0,0.0
2021-06-22,13.3173,13.4848,13.2859,13.3723,36073071.0,1.0,0.0
2021-06-23,13.2652,13.2943,13.1393,13.2045,25249378.0,1.0,0.0
2021-06-24,13.0708,13.1047,13.0254,13.0399,4043630.0,1.0,0.0
2021-06-25,13.2279,13.2782,13.032,13.1152,26408925.0,1.0,0.0
2021-06-28,12.7312,13.0292,12.7072,12.9428,12627228.0,1.0,0.0
2021-06-29,12.7522,12.8441,12.6386,12.8408,37101616.0,1.0,0.0
2021-06-30,12.7358,12.9285,12.7096,12.9242,6207228.0,1.0,0.0
2021-07-01,12.9505,12.9737,12.9258,12.936,23813644.0,1.0,0.0
2021-07-02,12.8614,12.9161,12.8274,12.8795,21307727.0,1.0,0.0
2021-07-06,12.9819,13.1818,12.9315,13.1786,21773161.0,1.0,0.0
2021-07-07,13.0266,13.0635,13.0126,13.0406,30225837.0,1.0,0.0
2021-07-08,13.0258,13.1443,13.0033,13.1099,24476745.0,1.0,0.0
2021-07-09,12.9329,12.9832,12.6742,12.7305,6929626.0,1.0,0.0
2021-07-12,12.7655,12.8154,12.7596,12.8139,11039628.0,1.0,0.0
2021-07-13,12.9789,12.982,12.8192,12.8958,30266880.0,1.0,0.0
2021-07-14,12.8615,12.8668,12.6499,12.6618,28224783.0,1.0,0.0
2021-07-15,12.7002,12.7628,12.6746,12.7319,37447208.0,1.0,0.0
2021-07-16,12.7353,12.7768,12.6786,12.7682,43006838.0,1.0,0.0
2021-07-19,12.8311,13.0626,12.8065,13.0269,4070451.0,1.0,0.0
2021-07-20,13.095,13.3941,13.05,13.3784,42995318.0,1.0,0.0
2021-07-21,13.4756,13.5444,13.2895,13.3278,35012459.0,1.0,0.0
2021-07-22,13.3505,13.4531,13.3307,13.3991,8928381.0,1.0,0.0
2021-07-23,13.2668,13.2956,13.2017,13.2299,10688637.0,1.0,0.0
2021-07-26,13.2281,13.3952,13.217,13.3562,7397320.0,1.0,0.0
2021-07-27,13.3089,13.3985,13.2712,13.355,22876349.0,1.0,0.0
2021-07-28,13.3196,13.3669,13.2444,13.3667,29874147.0,1.0,0.0
2021-07-29,13.339,13.4227,13.303,13.3532,12824779.0,1.0,0.0
2021-07-30,13.3177,13.3733,13.2816,13.3038,33097532.0,1.0,0.0
2021-08-02,13.5149,13.5282,13.3857,13.3983,49618216.0,1.0,0.0
2021-08-03,13.4045,13.4513,13.289,13.3928,2650877.0,1.0,0.0
2021-08-04,13.2727,13.3124,13.0957,13.1802,48185160.0,1.0,0.0
2021-08-05,13.2502,13.2801,12.9246,12.9734,6090447.0,1.0,0.0
2021-08-06,13.014,13.1093,12.9716,13.0763,20592778.0,1.0,0.0
2021-08-09,13.0861,13.1035,12.9893,13.0564,30367133.0,1.0,0.0
2021-08-10,12.9343,12.9691,12.9175,12.9194,39686095.0,1.0,0.0
2021-08-11,12.7949,12.8611,12.7767,12.8525,16795283.0,1.0,0.2
2021-08-12,12.8329,13.2041,12.7627,13.1116,4913980.0,1.0,0.0
2021-08-13,12.9195,12.9474,12.7533,12.8538,42015924.0,1.0,0.0
2021-08-16,12.7619,12.7833,12.6228,12.6377,39556795.0,1.0,0.0
2021-08-17,12.7191,12.7722,12.6491,12.6809,32726945.0,1.0,0.0
2021-08-18,12.6705,12.7694,12.6028,12.6384,24094036.0,1.0,0.0
2021-08-19,12.6841,12.7991,12.6684,12.7792,17191616.0,1.0,0.0
2021-08-20,12.8604,12.8706,12.6884,12.7578,21409225.0,1.0,0.0
2021-08-23,12.6715,12.7326,12.6026,12.6672,28319139.0,1.0,0.0
2021-08-24,12.6511,12.7473,12.6508,12.7163,36143088.0,1.0,0.0
2021-08-25,12.8684,12.9479,12.8341,12.9064,2309022.0,1.0,0.0
2021-08-26,13.0045,13.117,12.8674,12.9279,26379998.0,1.0,0.0
2021-08-27,12.9594,13.0442,12.955,13.0223,24530978.0,1.0,0.0
2021-08-30,12.745,12.8521,12.6936,12.6989,24865469.0,1.0,0.0
2021-08-31,12.7513,12.7748,12.655,12.7241,34370121.0,1.0,0.0
2021-09-01,11.8591,12.0449,11.7706,12.01,25883194.0,1.0,0.0
2021-09-02,12.1892,12.1971,12.1042,12.1195,24141403.0,1.0,0.0
2021-09-03,12.0892,12.1204,12.0469,12.052,18630577.0,1.0,0.0
2021-09-07,11.8588,11.8658,11.5157,11.547,29970072.0,1.0,0.0
2021-09-08,11.3699,11.5301,11.3271,11.5222,28606722.0,1.0,0.0
2021-09-09,11.7054,11.7662,11.5061,11.5647,4871297.0,1.0,0.0
2021-09-10,11.2837,11.4495,11.2775,11.4279,48778233.0,1.0,0.0
2021-09-13,11.9753,11.9844,11.9615,11.9736,25661421.0,1.0,0.0
2021-09-14,11.7806,11.8045,11.6046,11.6561,45449915.0,1.0,0.0
2021-09-15,11.6311,11.6446,11.4072,11.4506,1675206.0,1.0,0.0
2021-09-16,11.4908,11.494,11.317,11.399,23374215.0,1.0,0.0
2021-09-17,11.4335,11.689,11.4023,11.636,3483813.0,1.0,0.0
2021-09-20,11.7522,11.8056,11.6215,11.6482,38998312.0,1.0,0.0
2021-09-21,11.5669,11.5876,11.5398,11.5814,12497169.0,1.0,0.0
2021-09-22,11.0796,11.2045,10.9945,11.189,6165805.0,1.0,0.0
2021-09-23,10.8767,10.9255,10.8184,10.9225,44957185.0,1.0,0.0
2021-09-24,10.9881,11.0196,10.9544,10.9634,2046565.0,1.0,0.0
2021-09-27,10.7027,10.7042,10.6631,10.6637,17188906.0,1.0,0.0
2021-09-28,10.5781,10.6083,10.348,10.3897,36288755.0,1.0,0.0
2021-09-29,10.4091,10.4196,10.381,10.4146,46907592.0,1.0,0.0
2021-09-30,10.3549,10.4048,10.2676,10.2997,2254803.0,1.0,0.0
2021-10-01,10.6537,10.7625,10.6513,10.693,32571343.0,1.0,0.0
2021-10-04,10.6639,10.7682,10.6564,10.7558,13020915.0,1.0,0.0
2021-10-05,10.735,10.7516,10.6836,10.6935,21090699.0,1.0,0.0
2021-10-06,10.6659,10.9579,10.648,10.9563,9074807.0,1.0,0.0
2021-10-07,10.9167,10.9228,10.8482,10.8995,12748399.0,1.0,0.0
2021-10-08,10.8593,11.0264,10.8171,11.0084,27313188.0,1.0,0.0
2021-10-11,10.9564,10.9653,10.8961,10.9283,44050085.0,1.0,0.0
2021-10-12,10.9063,11.0447,10.8456,10.9956,27020834.0,1.0,0.0
2021-10-13,10.9197,11.2147,10.8629,11.1787,19024739.0,1.0,0.0
2021-10-14,11.1719,11.2626,11.0747,11.1473,15803650.0,1.0,0.0
2021-10-15,11.3151,11.3186,11.2741,11.2946,1285963.0,1.0,0.0
2021-10-18,11.2004,11.276,11.1923,11.2189,12177256.0,1.0,0.0
2021-10-19,11.5127,11.6077,11.3289,11.3529,10043649.0,1.0,0.0
2021-10-20,11.4449,11.4478,11.3665,11.3717,6172835.0,1.0,0.0
2021-10-21,11.4771,11.5258,11.3985,11.4138,14100026.0,1.0,0.0
2021-10-22,11.5082,11.5814,11.4817,11.5239,22592374.0,1.0,0.0
2021-10-25,11.3696,11.6456,11.2947,11.6214,26059784.0,1.0,0.0
2021-10-26,11.6378,11.6589,11.5381,11.6512,21536794.0,1.0,0.0
2021-10-27,11.7764,11.8253,11.7236,11.8095,9283827.0,1.0,0.0
2021-10-28,11.7938,11.8292,11.5905,11.6065,7550216.0,1.0,0.0
2021-10-29,11.8219,11.8383,11.6325,11.7377,7995273.0,1.0,0.0
2021-11-01,11.7193,11.8284,11.7085,11.8111,45065743.0,1.0,0.0
2021-11-02,11.7643,11.9898,11.7291,11.9837,26682557.0,1.0,0.0
2021-11-03,11.9363,12.0366,11.8842,12.0186,39227321.0,1.0,0.0
2021-11-04,11.9678,12.0899,11.961,12.0477,14795591.0,1.0,0.0
2021-11-05,12.023,12.0335,11.7566,11.8554,11404214.0,1.0,0.0
2021-11-08,12.3716,12.3742,12.3285,12.3638,42306680.0,1.0,0.0
2021-11-09,12.2446,12.2723,12.2062,12.216,9392875.0,1.0,0.0
2021-11-10,12.0335,12.1607,11.9644,12.1388,48606170.0,1.0,0.2
2021-11-11,11.9704,12.0954,11.9246,12.0381,3895187.0,1.0,0.0
2021-11-12,12.1186,12.19,11.9888,12.0268,14251525.0,1.0,0.0
2021-11-15,11.9696,12.0154,11.8324,11.8456,40828083.0,1.0,0.0
2021-11-16,11.7955,11.8683,11.7482,11.8392,26112806.0,1.0,0.0
2021-11-17,12.044,12.0608,11.8637,11.8668,19852810.0,1.0,0.0
2021-11-18,11.9333,11.9367,11.7944,11.8199,21166924.0,1.0,0.0
2021-11-19,12.1098,12.2143,11.9813,12.0288,46363703.0,1.0,0.0
2021-11-22,12.3533,12.4048,12.2738,12.3291,7399851.0,1.0,0.0
2021-11-23,12.4543,12.4641,12.3618,12.4367,10023240.0,1.0,0.0
2021-11-24,12.2608,12.3992,12.2248,12.3888,37999272.0,1.0,0.0
2021-11-26,12.4056,12.5383,12.3947,12.5155,38597867.0,1.0,0.0
2021-11-29,12.289,12.4126,12.2633,12.4062,24578470.0,1.0,0.0
2021-11-30,12.4823,12.4967,12.3728,12.4163,49874969.0,1.0,0.0
2021-12-01,12.8228,12.8845,12.7607,12.8643,26853880.0,1.0,0.0
2021-12-02,12.9761,12.9764,12.8218,12.8555,36296825.0,1.0,0.0
2021-12-03,12.648,12.8479,12.6284,12.7998,15611073.0,1.0,0.0
2021-12-06,12.599,12.7914,12.583,12.6544,35939217.0,1.0,0.0
2021-12-07,12.7511,12.8173,12.6851,12.8157,20579129.0,1.0,0.0
2021-12-08,12.766,12.9302,12.7495,12.8648,40467966.0,1.0,0.0
2021-12-09,12.7642,12.9218,12.7409,12.8611,40699041.0,1.0,0.0
2021-12-10,12.7947,12.8888,12.7563,12.8158,26167147.0,1.0,0.0
2021-12-13,12.6725,12.7911,12.5945,12.7832,15777531.0,1.0,0.0
2021-12-14,12.6033,12.6939,12.4657,12.554,12482294.0,1.0,0.0
2021-12-15,13.0845,13.088,13.0318,13.0816,41085346.0,1.0,0.0
2021-12-16,13.2656,13.3155,13.239,13.287,5491631.0,1.0,0.0
2021-12-17,13.1094,13.3425,13.0943,13.3378,39244774.0,1.0,0.0
2021-12-20,13.8625,13.945,13.803,13.9444,19718338.0,1.0,0.0
2021-12-21,14.1419,14.1906,14.0733,14.1567,2169314.0,1.0,0.0
2021-12-22,13.9586,14.0592,13.847,13.8471,1789220.0,1.0,0.0
2021-12-23,13.8557,13.9029,13.7014,13.7317,7812282.0,1.0,0.0
2021-12-27,13.5899,13.7049,13.5564,13.625,18676482.0,1.0,0.0
2021-12-28,13.8523,13.9739,13.8319,13.9537,12339689.0,1.0,0.0
2021-12-29,13.8608,13.8757,13.6746,13.7269,32642261.0,1.0,0.0
2021-12-30,13.7173,13.7332,13.4332,13.4776,36223135.0,1.0,0.0
2021-12-31,13.4283,13.4545,13.3164,13.4059,28485030.0,1.0,0.0
2022-01-03,13.4722,13.477,13.3832,13.4163,37373685.0,1.0,0.0
2022-01-04,13.6806,13.7185,13.592,13.5923,17060051.0,1.0,0.0
2022-01-05,13.7592,13.8321,13.6937,13.8128,14606910.0,1.0,0.0
2022-01-06,13.9251,13.9407,13.8535,13.8695,48080308.0,1.0,0.0
2022-01-07,13.8123,13.846,13.7969,13.8019,43178048.0,1.0,0.0
2022-01-10,14.0035,14.0633,13.7985,13.8301,20410955.0,1.0,0.0
2022-01-11,13.8748,14.0118,13.8549,13.9422,30755377.0,1.0,0.0
2022-01-12,14.1165,14.1932,14.1157,14.1307,19125564.0,1.0,0.0
2022-01-13,14.3466,14.3887,14.2329,14.2777,22687090.0,1.0,0.0
2022-01-14,14.3566,14.3749,14.2292,14.2972,41444812.0,1.0,0.0
2022-01-18,14.2702,14.2905,14.1217,14.1617,24655244.0,1.0,0.0
2022-01-19,14.0382,14.1782,14.0077,14.1344,34309320.0,1.0,0.0
2022-01-20,14.0063,14.1544,13.9719,14.0655,30649364.0,1.0,0.0
2022-01-21,14.128,14.3831,14.0192,14.3083,35851577.0,1.0,0.0
2022-01-24,14.3604,14.5718,14.2848,14.5396,38253613.0,1.0,0.0
2022-01-25,14.4495,14.4799,14.316,14.3316,7972739.0,1.0,0.0
2022-01-26,14.182,14.2094,14.1232,14.1907,15595220.0,1.0,0.0
2022-01-27,14.2523,14.3219,13.9634,13.9701,16592420.0,1.0,0.0
2022-01-28,13.8082,13.9498,13.8056,13.9372,38313259.0,1.0,0.0
2022-01-31,13.9904,14.1393,13.9628,14.0412,37062753.0,1.0,0.0
2022-02-01,14.0577,14.1263,13.988,13.9899,4566787.0,1.0,0.0
2022-02-02,14.0882,14.3754,14.0578,14.337,43203746.0,1.0,0.0
2022-02-03,13.9798,13.9988,13.8217,13.8474,21602820.0,1.0,0.0
2022-02-04,13.8906,13.9084,13.8759,13.8903,13569702.0,1.0,0.0
2022-02-07,14.0182,14.0711,13.8556,13.8969,11470348.0,1.0,0.0
2022-02-08,13.7545,13.7918,13.6434,13.6806,36044753.0,1.0,0.0
2022-02-09,13.5011,13.8003,13.4618,13.7389,43438074.0,1.0,0.2
2022-02-10,13.6983,13.7853,13.6906,13.7168,10589658.0,1.0,0.0
2022-02-11,13.3835,13.4374,13.1977,13.3218,3189444.0,1.0,0.0
2022-02-14,13.4097,13.4245,13.2409,13.2874,22038886.0,1.0,0.0
2022-02-15,13.2201,13.2219,13.0653,13.1297,6800240.0,1.0,0.0
2022-02-16,13.0721,13.1795,13.0371,13.0806,4069747.0,1.0,0.0
2022-02-17,13.0087,13.2996,12.9926,13.2753,13869095.0,1.0,0.0
2022-02-18,13.2355,13.2486,13.1731,13.2072,38045483.0,1.0,0.0
2022-02-22,13.3403,13.347,13.1434,13.214,17767458.0,1.0,0.0
2022-02-23,13.086,13.2014,13.0274,13.0919,25447531.0,1.0,0.0
2022-02-24,13.0693,13.1208,12.9848,13.0407,15959748.0,1.0,0.0
2022-02-25,13.2566,13.2748,13.0385,13.0774,16890628.0,1.0,0.0
2022-02-28,13.1746,13.3014,13.159,13.2438,46727707.0,1.0,0.0
2022-03-01,13.3845,13.5237,13.3841,13.4904,35596941.0,1.0,0.0
2022-03-02,13.5638,13.5761,13.2648,13.2678,32134389.0,1.0,0.0
2022-03-03,13.1879,13.2225,13.1584,13.218,11040034.0,1.0,0.0
2022-03-04,13.2018,13.2354,13.1995,13.2037,26082618.0,1.0,0.0
2022-03-07,13.2017,13.5197,13.1269,13.4732,47752820.0,1.0,0.0
2022-03-08,13.5845,13.6338,13.4572,13.5146,33582066.0,1.0,0.0
2022-03-09,13.5098,13.585,13.5082,13.5614,16188918.0,1.0,0.0
2022-03-10,13.4521,13.4958,13.3981,13.4247,14254968.0,1.0,0.0
2022-03-11,13.4417,13.4887,13.3938,13.477,36585106.0,1.0,0.0
2022-03-14,13.5296,13.5517,13.4439,13.4554,39658914.0,1.0,0.0
2022-03-15,13.1224,13.1665,12.9117,12.9372,30073452.0,1.0,0.0
2022-03-16,12.8905,13.2753,12.87,13.1729,12355943.0,1.0,0.0
2022-03-17,13.0908,13.2686,13.0667,13.1475,25399296.0,1.0,0.0
2022-03-18,13.2157,13.2542,13.1901,13.1955,10573021.0,1.0,0.0
2022-03-21,13.2598,13.6186,13.2553,13.5729,48373699.0,1.0,0.0
2022-03-22,13.5581,13.7175,13.5149,13.6696,25256329.0,1.0,0.0
2022-03-23,13.7719,13.8912,13.7358,13.8714,37195303.0,1.0,0.0
2022-03-24,13.6955,13.7274,13.5696,13.5905,18152591.0,1.0,0.0
2022-03-25,13.6411,13.6843,13.5249,13.5683,21101817.0,1.0,0.0
2022-03-28,13.5351,13.654,13.4452,13.6102,21224175.0,1.0,0.0
2022-03-29,13.5261,13.6783,13.5228,13.6061,37427896.0,1.0,0.0
2022-03-30,13.4464,13.5058,13.3501,13.3548,16585129.0,1.0,0.0
2022-03-31,13.3125,13.3645,13.2505,13.341,48473791.0,1.0,0.0
2022-04-01,13.3288,13.5283,13.2905,13.5103,24274116.0,1.0,0.0
2022-04-04,12.9942,13.0494,12.967,13.042,20674939.0,1.0,0.0
2022-04-05,12.7969,12.8152,12.6503,12.6814,11299340.0,1.0,0.0
2022-04-06,12.772,13.209,12.7303,13.1483,28927572.0,1.0,0.0
2022-04-07,13.1088,13.1289,12.9188,12.9466,8452932.0,1.0,0.0
2022-04-08,13.3598,13.5437,13.33,13.5292,45284438.0,1.0,0.0
2022-04-11,13.0706,13.3234,13.0581,13.3061,20616745.0,1.0,0.0
2022-04-12,12.9366,12.9741,12.9038,12.9213,10632948.0,1.0,0.0
2022-04-13,13.5452,13.5594,13.4905,13.5533,24751816.0,1.0,0.0
2022-04-14,13.472,13.6993,13.4179,13.6269,22558484.0,1.0,0.0
2022-04-18,13.8638,13.8783,13.5145,13.5763,47434171.0,1.0,0.0
2022-04-19,13.5637,13.6244,13.4191,13.5085,25565043.0,1.0,0.0
2022-04-20,13.6252,13.9342,13.5917,13.9137,45959199.0,1.0,0.0
2022-04-21,13.7164,13.7269,13.5761,13.605,41791794.0,1.0,0.0
2022-04-22,13.9493,13.9835,13.6383,13.6705,20373999.0,1.0,0.0
2022-04-25,14.1495,14.2228,14.1356,14.2058,41223290.0,1.0,0.0
2022-04-26,14.0655,14.2233,13.9463,14.2139,20787058.0,1.0,0.0
2022-04-27,14.0397,14.3246,13.9839,14.3192,46844495.0,1.0,0.0
2022-04-28,14.1389,14.3682,14.1321,14.3306,11586267.0,1.0,0.0
2022-04-29,14.1375,14.1791,13.964,14.0094,27891155.0,1.0,0.0
2022-05-02,14.0128,14.0286,13.7531,13.7771,9837671.0,1.0,0.0
2022-05-03,13.687,13.7246,13.3796,13.4315,18814361.0,1.0,0.0
2022-05-04,13.3615,13.3693,13.2893,13.2909,25991121.0,1.0,0.0
2022-05-05,13.3058,13.3831,13.1354,13.1968,10993212.0,1.0,0.0
2022-05-06,13.0057,13.0907,12.9311,12.9504,6335084.0,1.0,0.0
2022-05-09,13.0373,13.1328,12.994,13.0846,5773174.0,1.0,0.0
2022-05-10,12.844,12.884,12.779,12.8782,35409700.0,1.0,0.0
2022-05-11,12.6436,12.762,12.5911,12.7148,16345141.0,1.0,0.2
2022-05-12,12.603,12.6264,12.5242,12.5642,2049251.0,1.0,0.0
2022-05-13,12.5056,12.5121,12.3244,12.3497,37522993.0,1.0,0.0
2022-05-16,12.3158,12.3273,12.153,12.2394,46421113.0,1.0,0.0
2022-05-17,12.2961,12.4797,12.2831,12.442,40687351.0,1.0,0.0
2022-05-18,12.4533,12.4669,12.2727,12.291,12583386.0,1.0,0.0
2022-05-19,12.3679,12.3747,12.2076,12.2288,33789205.0,1.0,0.0
2022-05-20,11.9917,12.1597,11.952,12.1535,45382760.0,1.0,0.0
2022-05-23,12.3408,12.4948,12.3395,12.4919,2995659.0,1.0,0.0
2022-05-24,12.45,12.45,12.3286,12.414,34427936.0,1.0,0.0
2022-05-25,12.4175,12.4413,12.3788,12.4277,6533761.0,1.0,0.0
2022-05-26,12.5145,12.6093,12.5102,12.5733,35801393.0,1.0,0.0
2022-05-27,12.6014,12.6476,12.5173,12.5829,20523673.0,1.0,0.0
2022-05-31,12.5958,12.6432,12.5192,12.5229,24716667.0,1.0,0.0
2022-06-01,12.5951,12.6144,12.3705,12.3981,8335602.0,1.0,0.0
2022-06-02,12.4807,12.6323,12.4523,12.6001,27457784.0,1.0,0.0
2022-06-03,12.5288,12.5701,12.3334,12.3362,11397932.0,1.0,0.0
2022-06-06,12.5847,12.742,12.5395,12.7331,12416024.0,1.0,0.0
2022-06-07,12.737,12.7917,12.6617,12.6769,5665109.0,1.0,0.0
2022-06-08,12.7478,12.7846,12.505,12.5717,14541272.0,1.0,0.0
2022-06-09,12.7364,12.9572,12.6154,12.9321,5025862.0,1.0,0.0
2022-06-10,13.0672,13.0876,13.0349,13.0526,33007449.0,1.0,0.0
2022-06-13,12.9978,13.1246,12.9578,13.0913,45458112.0,1.0,0.0
2022-06-14,13.1922,13.2732,13.1454,13.2707,49714642.0,1.0,0.0
2022-06-15,13.1983,13.3325,13.1614,13.2881,26675663.0,1.0,0.0
2022-06-16,13.3962,13.6136,13.3543,13.5012,16787375.0,1.0,0.0
2022-06-17,13.474,13.5121,13.3038,13.3238,21159106.0,1.0,0.0
2022-06-21,13.3395,13.3709,13.2413,13.2469,38763626.0,1.0,0.0
2022-06-22,13.3029,13.3314,13.1825,13.1832,12789363.0,1.0,0.0
2022-06-23,13.1624,13.2991,13.1357,13.2093,15867124.0,1.0,0.0
2022-06-24,13.1532,13.2252,13.1042,13.191,4318638.0,1.0,0.0
2022-06-27,13.2931,13.3385,12.9772,13.0767,29050068.0,1.0,0.0
2022-06-28,12.8212,13.0713,12.8182,13.0241,27819278.0,1.0,0.0
2022-06-29,13.1873,13.2097,13.0963,13.1039,5879201.0,1.0,0.0
2022-06-30,13.022,13.0974,12.9643,12.9676,13684528.0,1.0,0.0
2022-07-01,13.0257,13.0305,12.9437,12.9647,38352863.0,1.0,0.0
2022-07-05,12.9639,13.2006,12.929,13.1324,28348751.0,1.0,0.0
2022-07-06,13.0692,13.1508,12.9215,13.1437,13223711.0,1.0,0.0
2022-07-07,14.2143,14.3275,14.1945,14.2414,17406952.0,1.0,0.0
2022-07-08,14.4803,14.5785,14.3341,14.3921,49067934.0,1.0,0.0
2022-07-11,14.8944,15.0331,14.8485,15.0297,3218511.0,1.0,0.0
2022-07-12,15.2384,15.2831,14.8028,14.8253,40860277.0,1.0,0.0
2022-07-13,14.7953,14.9932,14.7709,14.9136,37036575.0,1.0,0.0
2022-07-14,14.2126,14.2826,14.1712,14.2471,3630718.0,1.0,0.0
2022-07-15,13.5523,13.7317,13.5484,13.7043,3236522.0,1.0,0.0
2022-07-18,14.0978,14.1019,14.0413,14.0463,9452639.0,1.0,0.0
2022-07-19,14.0255,14.0476,13.9465,13.9491,14699287.0,1.0,0.0
2022-07-20,13.9434,13.956,13.7809,13.8278,30017821.0,1.0,0.0
2022-07-21,14.2647,14.456,14.1931,14.4071,6196999.0,1.0,0.0
2022-07-22,14.6986,14.7866,14.6209,14.7794,47739233.0,1.0,0.0
2022-07-25,14.5809,14.6202,14.5531,14.5801,18988089.0,1.0,0.0
2022-07-26,14.3643,14.5248,14.3252,14.4588,10777867.0,1.0,0.0
2022-07-27,14.4575,14.6226,14.416,14.5978,4336480.0,1.0,0.0
2022-07-28,14.604,14.6171,14.5244,14.5898,17635871.0,1.0,0.0
2022-07-29,14.6616,14.69,14.6098,14.6877,47451218.0,1.0,0.0
2022-08-01,14.5824,14.7327,14.527,14.6934,35829045.0,1.0,0.0
2022-08-02,14.9709,14.9726,14.746,14.8318,27337966.0,1.0,0.0
2022-08-03,14.7549,14.7795,14.6158,14.6387,21513834.0,1.0,0.0
2022-08-04,14.724,14.8375,14.6555,14.6717,4826160.0,1.0,0.0
2022-08-05,14.5917,14.638,14.3154,14.3236,27303848.0,1.0,0.0
2022-08-08,14.1131,14.2241,13.9838,14.0514,27180038.0,1.0,0.0
2022-08-09,14.2083,14.2435,14.1008,14.1125,5103820.0,1.0,0.0
2022-08-10,13.8254,13.8702,13.6567,13.6678,25794158.0,1.0,0.2
2022-08-11,14.0004,14.0624,13.8415,13.8795,49255841.0,1.0,0.0
2022-08-12,13.9902,14.0543,13.9453,13.9471,10902324.0,1.0,0.0
2022-08-15,13.7576,13.8417,13.5334,13.6136,15911819.0,1.0,0.0
2022-08-16,13.7219,13.7723,13.6773,13.7493,12946697.0,1.0,0.0
2022-08-17,13.7663,13.7964,13.7024,13.7437,11275500.0,1.0,0.0
2022-08-18,13.9069,13.9405,13.7613,13.7851,24949354.0,1.0,0.0
2022-08-19,13.3619,13.67,13.3364,13.5589,13148527.0,1.0,0.0
2022-08-22,13.6209,13.8414,13.5313,13.8304,6937331.0,1.0,0.0
2022-08-23,13.4855,13.5446,13.3832,13.4806,27131744.0,1.0,0.0
2022-08-24,13.5183,13.5306,13.4528,13.4699,31954998.0,1.0,0.0
2022-08-25,13.0935,13.2054,12.9688,13.023,42211868.0,1.0,0.0
2022-08-26,13.1856,13.4677,13.1773,13.4376,45172593.0,1.0,0.0
2022-08-29,13.4732,13.6029,13.4536,13.545,6947623.0,1.0,0.0
2022-08-30,13.5995,13.7203,13.5935,13.7002,13783090.0,1.0,0.0
2022-08-31,14.1688,14.1974,13.939,13.9432,22406663.0,1.0,0.0
2022-09-01,13.8821,14.0218,13.8805,13.9622,15139214.0,1.0,0.0
2022-09-02,13.5175,13.7562,13.4248,13.7402,32218423.0,1.0,0.0
2022-09-06,13.825,13.9974,13.7886,13.9613,12226083.0,1.0,0.0
2022-09-07,13.8231,13.8993,13.7069,13.7244,44415596.0,1.0,0.0
2022-09-08,13.7418,13.8867,13.6959,13.8717,4261736.0,1.0,0.0
2022-09-09,13.7675,13.9966,13.7329,13.9224,12759329.0,1.0,0.0
2022-09-12,13.6793,13.7891,13.6232,13.7554,18451840.0,1.0,0.0
2022-09-13,13.6435,13.7868,13.5993,13.7609,48860167.0,1.0,0.0
2022-09-14,13.9821,14.0794,13.9754,13.9991,43439517.0,1.0,0.0
2022-09-15,13.7231,13.7915,13.6876,13.7881,5731871.0,1.0,0.0
2022-09-16,13.7018,13.7233,13.4027,13.4339,13214141.0,1.0,0.0
2022-09-19,13.2697,13.2891,13.2445,13.2815,43519458.0,1.0,0.0
2022-09-20,13.3703,13.4758,13.3531,13.4688,6283178.0,1.0,0.0
2022-09-21,13.3968,13.5204,13.2877,13.4986,11386022.0,1.0,0.0
2022-09-22,13.8521,13.868,13.728,13.744,15742944.0,1.0,0.0
2022-09-23,13.8193,14.1579,13.753,14.1543,6656944.0,1.0,0.0
2022-09-26,14.328,14.3408,14.321,14.3299,37265567.0,1.0,0.0
2022-09-27,14.2779,14.4319,14.233,14.3983,45871502.0,1.0,0.0
2022-09-28,14.2105,14.2937,14.0907,14.2268,27995563.0,1.0,0.0
2022-09-29,14.1258,14.159,14.0016,14.0712,21754677.0,1.0,0.0
2022-09-30,13.9793,14.0405,13.8488,13.8489,44858325.0,1.0,0.0
2022-10-03,13.7428,13.7966,13.6002,13.6715,15410755.0,1.0,0.0
2022-10-04,13.442,13.5502,13.3421,13.4784,1167578.0,1.0,0.0
2022-10-05,13.4858,13.5719,13.4577,13.5603,49510117.0,1.0,0.0
2022-10-06,13.5998,13.816,13.5579,13.743,47385922.0,1.0,0.0
2022-10-07,13.6859,13.7856,13.685,13.744,35669270.0,1.0,0.0
2022-10-10,13.6467,13.683,13.5518,13.6294,33812262.0,1.0,0.0
2022-10-11,13.4507,13.4532,13.2138,13.3114,4362665.0,1.0,0.0
2022-10-12,13.4921,13.5402,13.3748,13.4477,15317945.0,1.0,0.0
2022-10-13,13.1864,13.1985,13.0025,13.0551,41654341.0,1.0,0.0
2022-10-14,12.9418,12.9656,12.7436,12.8264,35336637.0,1.0,0.0
2022-10-17,12.8313,12.8714,12.7746,12.8092,20963828.0,1.0,0.0
2022-10-18,12.7605,12.7693,12.6526,12.6814,16098452.0,1.0,0.0
2022-10-19,12.4454,12.6442,12.4122,12.5495,36177307.0,1.0,0.0
2022-10-20,12.4923,12.5685,12.3981,12.4508,24160062.0,1.0,0.0
2022-10-21,12.3582,12.5455,12.3495,12.5033,25932747.0,1.0,0.0
2022-10-24,12.3976,12.498,12.3951,12.47,30419716.0,1.0,0.0
2022-10-25,12.4313,12.6041,12.4145,12.511,29127112.0,1.0,0.0
2022-10-26,12.5815,12.8088,12.5053,12.7627,47704086.0,1.0,0.0
2022-10-27,12.6972,12.8094,12.6636,12.7366,8336088.0,1.0,0.0
2022-10-28,12.6498,12.6643,12.5705,12.6641,5259532.0,1.0,0.0
2022-10-31,12.6932,12.8275,12.6582,12.8143,3115465.0,1.0,0.0
2022-11-01,12.7003,12.7842,12.6907,12.7199,47033615.0,1.0,0.0
2022-11-02,12.9063,12.9223,12.7635,12.7642,40542128.0,1.0,0.0
2022-11-03,12.7864,12.9076,12.7567,12.8944,33931451.0,1.0,0.0
2022-11-04,13.013,13.0809,13.0108,13.0543,48468208.0,1.0,0.0
2022-11-07,13.1048,13.1467,13.0688,13.1175,22760823.0,1.0,0.0
2022-11-08,13.1247,13.1908,13.0513,13.0994,40091645.0,1.0,0.0
2022-11-09,12.9827,13.1986,12.9107,13.163,36854198.0,1.0,0.2
2022-11-10,13.2862,13.3755,13.2228,13.3492,49378767.0,1.0,0.0
2022-11-11,13.4754,13.5174,13.4153,13.4412,42446791.0,1.0,0.0
2022-11-14,13.5585,13.7079,13.4933,13.609,30905522.0,1.0,0.0
2022-11-15,13.5686,13.6366,13.4542,13.508,4187692.0,1.0,0.0
2022-11-16,13.4265,13.4598,13.1702,13.179,26249810.0,1.0,0.0
2022-11-17,13.0801,13.149,12.8491,12.923,8488557.0,1.0,0.0
2022-11-18,12.9225,12.9794,12.8297,12.889,49237854.0,1.0,0.0
2022-11-21,13.0421,13.1968,13.017,13.1283,49423033.0,1.0,0.0
2022-11-22,12.8881,13.0826,12.8408,13.0147,10028886.0,1.0,0.0
2022-11-23,12.7009,12.7393,12.4971,12.5497,33340042.0,1.0,0.0
2022-11-25,12.6002,12.6562,12.4315,12.5716,24193731.0,1.0,0.0
2022-11-28,12.6251,12.6389,12.4483,12.5025,48332223.0,1.0,0.0
2022-11-29,12.6155,12.6685,12.6034,12.607,7813030.0,1.0,0.0
2022-11-30,12.523,12.5684,12.4294,12.4394,47798273.0,1.0,0.0
2022-12-01,12.4268,12.465,12.286,12.3407,44893295.0,1.0,0.0
2022-12-02,12.4406,12.4592,12.2872,12.304,18888016.0,1.0,0.0
2022-12-05,12.4041,12.4696,12.3302,12.3443,37982123.0,1.0,0.0
2022-12-06,12.2871,12.313,12.2656,12.2897,49117241.0,1.0,0.0
2022-12-07,12.2451,12.3187,12.2164,12.3092,44698014.0,1.0,0.0
2022-12-08,12.3127,12.3138,12.2687,12.2737,12862890.0,1.0,0.0
2022-12-09,12.3238,12.3411,12.169,12.2016,9127656.0,1.0,0.0
2022-12-12,12.0807,12.1672,11.9992,12.1084,48074352.0,1.0,0.0
2022-12-13,12.0888,12.1106,11.9326,11.933,7584755.0,1.0,0.0
2022-12-14,11.9894,12.3003,11.9799,12.2632,1736489.0,1.0,0.0
2022-12-15,12.2448,12.3078,12.2203,12.2369,41440873.0,1.0,0.0
2022-12-16,12.2012,12.2698,12.1442,12.2221,32827680.0,1.0,0.0
2022-12-19,12.1791,12.2087,11.8623,11.9289,16799262.0,1.0,0.0
2022-12-20,12.0389,12.0817,12.0197,12.0627,4471404.0,1.0,0.0
2022-12-21,12.0444,12.0565,11.9962,12.0185,42503478.0,1.0,0.0
2022-12-22,11.9965,12.0689,11.9798,12.0159,17293235.0,1.0,0.0
2022-12-23,12.0168,12.1622,11.9583,12.1369,15923969.0,1.0,0.0
2022-12-27,12.1072,12.1111,12.0117,12.045,6681831.0,1.0,0.0
2022-12-28,11.9904,12.2101,11.9418,12.1586,23789623.0,1.0,0.0
2022-12-29,12.2261,12.2611,12.1225,12.1297,1728397.0,1.0,0.0
2022-12-30,12.111,12.156,12.0802,12.096,15312759.0,1.0,0.0
2023-01-03,12.1161,12.1669,12.0663,12.1522,7865184.0,1.0,0.0
2023-01-04,12.0831,12.2084,12.0533,12.2059,3734869.0,1.0,0.0
2023-01-05,12.1127,12.1938,12.0986,12.1926,27436481.0,1.0,0.0
2023-01-06,12.138,12.2221,11.9401,11.9412,14894765.0,1.0,0.0
2023-01-09,12.039,12.243,11.9989,12.2387,25289898.0,1.0,0.0
2023-01-10,12.1468,12.2626,12.1297,12.1993,28691523.0,1.0,0.0
2023-01-11,12.4737,12.5081,12.3547,12.3862,38876252.0,1.0,0.0
2023-01-12,12.4059,12.4358,12.2926,12.3329,43841801.0,1.0,0.0
2023-01-13,12.3483,12.4949,12.2869,12.4396,36660829.0,1.0,0.0
2023-01-17,12.4348,12.4868,12.3053,12.4003,32148118.0,1.0,0.0
2023-01-18,12.3376,12.3618,12.2815,12.3435,39376545.0,1.0,0.0
2023-01-19,12.3912,12.4939,12.3572,12.4681,41844894.0,1.0,0.0
2023-01-20,12.3524,12.3616,12.1841,12.2481,48839380.0,1.0,0.0
2023-01-23,12.3003,12.3534,12.2464,12.2629,1819403.0,1.0,0.0
2023-01-24,12.3249,12.5053,12.3053,12.4408,9101426.0,1.0,0.0
2023-01-25,12.3636,12.4179,12.2365,12.2592,12539003.0,1.0,0.0
2023-01-26,12.3598,12.5365,12.3517,12.4967,3804972.0,1.0,0.0
2023-01-27,12.4988,12.5666,12.2023,12.2453,38539413.0,1.0,0.0
2023-01-30,12.491,12.6102,12.4755,12.5418,25490785.0,1.0,0.0
2023-01-31,12.6037,12.6878,12.578,12.6829,13379127.0,1.0,0.0
2023-02-01,12.7028,12.7308,12.5701,12.6218,26818015.0,1.0,0.0
2023-02-02,12.5813,12.5824,12.4091,12.4915,46781199.0,1.0,0.0
2023-02-03,12.5233,12.53,12.3495,12.3589,42578147.0,1.0,0.0
2023-02-06,12.2312,12.2874,12.1461,12.1743,24031779.0,1.0,0.0
2023-02-07,11.8914,12.0788,11.8299,12.0535,31340295.0,1.0,0.0
2023-02-08,11.7251,11.7326,11.5984,11.6211,29560750.0,1.0,0.2
2023-02-09,11.7088,11.9112,11.6838,11.8644,15122080.0,1.0,0.0
2023-02-10,12.0036,12.1248,11.9731,12.0531,14309565.0,1.0,0.0
2023-02-13,11.9319,12.0024,11.8408,11.9669,28551332.0,1.0,0.0
2023-02-14,11.9765,12.1425,11.9602,12.0568,11298213.0,1.0,0.0
2023-02-15,12.0054,12.1858,11.9211,12.1488,35695835.0,1.0,0.0
2023-02-16,12.129,12.299,12.0614,12.1918,35687173.0,1.0,0.0
2023-02-17,12.1861,12.3093,12.1848,12.269,20726148.0,1.0,0.0
2023-02-21,12.2022,12.3355,12.1208,12.3213,7389497.0,1.0,0.0
2023-02-22,12.2509,12.4491,12.2093,12.3782,1549481.0,1.0,0.0
2023-02-23,12.3434,12.4425,12.2138,12.2641,7622573.0,1.0,0.0
2023-02-24,12.1536,12.2614,12.1178,12.1969,16291812.0,1.0,0.0
2023-02-27,12.1396,12.2994,12.116,12.2652,32159974.0,1.0,0.0
2023-02-28,12.3102,12.3276,12.1251,12.2095,10109458.0,1.0,0.0
2023-03-01,12.1832,12.2148,12.1719,12.1982,29921178.0,1.0,0.0
2023-03-02,12.2806,12.2958,12.1398,12.1413,9873361.0,1.0,0.0
2023-03-03,12.1011,12.1669,11.9459,11.9947,17325549.0,1.0,0.0
2023-03-06,11.9635,12.0146,11.9212,11.9763,29656031.0,1.0,0.0
2023-03-07,12.0152,12.0166,11.9264,11.9367,26990059.0,1.0,0.0
2023-03-08,11.9593,12.0135,11.9503,11.9942,49401179.0,1.0,0.0
2023-03-09,11.9631,11.9772,11.9463,11.9719,14528932.0,1.0,0.0
2023-03-10,12.019,12.0454,11.8618,11.8795,1834145.0,1.0,0.0
2023-03-13,11.8625,11.915,11.7567,11.8188,27726518.0,1.0,0.0
2023-03-14,11.87,11.9004,11.6871,11.7724,23423528.0,1.0,0.0
2023-03-15,11.7985,11.9924,11.7431,11.9407,36467831.0,1.0,0.0
2023-03-16,11.9456,11.9808,11.8615,11.8768,48356375.0,1.0,0.0
2023-03-17,11.8643,11.9816,11.8299,11.9757,30101636.0,1.0,0.0
2023-03-20,11.9412,11.9562,11.8649,11.8672,23089696.0,1.0,0.0
2023-03-21,11.9184,11.9254,11.8929,11.922,43190409.0,1.0,0.0
2023-03-22,11.9862,12.0028,11.824,11.8761,13985917.0,1.0,0.0
2023-03-23,11.8864,11.895,11.7173,11.774,45569766.0,1.0,0.0
2023-03-24,11.7461,11.775,11.648,11.6615,1770312.0,1.0,0.0
2023-03-27,11.6079,11.654,11.5929,11.6367,48438983.0,1.0,0.0
2023-03-28,11.5875,11.5981,11.5704,11.5902,39086874.0,1.0,0.0
2023-03-29,11.5189,11.576,11.2854,11.3236,11823160.0,1.0,0.0
2023-03-30,11.3238,11.3564,11.2692,11.2873,14232054.0,1.0,0.0
2023-03-31,11.2719,11.2936,11.1726,11.2068,38421633.0,1.0,0.0
2023-04-03,11.1679,11.2383,11.0632,11.0771,28471805.0,1.0,0.0
2023-04-04,11.0573,11.1134,11.01,11.1004,2534317.0,1.0,0.0
2023-04-05,11.0022,11.1044,10.9171,11.0352,11196478.0,1.0,0.0
2023-04-06,11.0786,11.1127,10.9468,10.9486,6935362.0,1.0,0.0
2023-04-10,10.8959,11.0581,10.8258,11.0341,20371016.0,1.0,0.0
2023-04-11,11.0354,11.0853,11.0135,11.0245,27022488.0,1.0,0.0
2023-04-12,11.0172,11.0332,10.8081,10.8486,8544938.0,1.0,0.0
2023-04-13,10.7674,10.8633,10.7487,10.8256,26149855.0,1.0,0.0
2023-04-14,10.7794,10.9142,10.7503,10.8526,35952828.0,1.0,0.0
2023-04-17,10.9575,10.9987,10.8523,10.8532,16632958.0,1.0,0.0
2023-04-18,10.8785,10.9909,10.8676,10.9372,14730942.0,1.0,0.0
2023-04-19,10.9664,11.0182,10.8496,10.882,48678033.0,1.0,0.0
2023-04-20,10.9152,10.9789,10.909,10.977,24519864.0,1.0,0.0
2023-04-21,10.9573,10.9938,10.856,10.8975,18316678.0,1.0,0.0
2023-04-24,10.9007,10.9194,10.8618,10.8873,28129046.0,1.0,0.0
2023-04-25,10.7348,10.905,10.6885,10.8387,33639791.0,1.0,0.0
2023-04-26,10.7655,10.8431,10.7102,10.8177,36109957.0,1.0,0.0
2023-04-27,10.8439,10.8581,10.6769,10.7119,12518374.0,1.0,0.0
2023-04-28,10.6942,10.7409,10.6592,10.7044,11054029.0,1.0,0.0
2023-05-01,10.7818,10.8679,10.6957,10.8199,42897751.0,1.0,0.0
2023-05-02,10.9197,11.1363,10.878,11.1361,5689911.0,1.0,0.0
2023-05-03,11.001,11.0865,10.9813,11.0502,21404476.0,1.0,0.0
2023-05-04,11.0991,11.3754,11.0823,11.2816,15590169.0,1.0,0.0
2023-05-05,11.2986,11.3226,11.1446,11.2078,34240317.0,1.0,0.0
2023-05-08,11.1827,11.3286,11.1775,11.2517,19604702.0,1.0,0.0
2023-05-09,11.146,11.1649,11.1013,11.1369,44682336.0,1.0,0.0
2023-05-10,10.9235,10.9359,10.9227,10.9227,35278985.0,1.0,0.2
2023-05-11,10.9595,11.1682,10.9066,11.1639,47360469.0,1.0,0.0
2023-05-12,11.1674,11.2234,11.1005,11.2222,12418610.0,1.0,0.0
2023-05-15,11.0433,11.0704,10.9268,10.9588,29559373.0,1.0,0.0
2023-05-16,10.9187,11.0164,10.8925,10.918,36629899.0,1.0,0.0
2023-05-17,10.907,10.9187,10.7536,10.7882,16646022.0,1.0,0.0
2023-05-18,10.8458,10.858,10.7866,10.8125,35204902.0,1.0,0.0
2023-05-19,10.8075,10.8606,10.6723,10.691,33685664.0,1.0,0.0
2023-05-22,10.6505,10.6749,10.4611,10.499,6678040.0,1.0,0.0
2023-05-23,10.3575,10.3578,10.2622,10.3109,30998806.0,1.0,0.0
2023-05-24,10.3316,10.3851,10.2336,10.2675,24005263.0,1.0,0.0
2023-05-25,10.2394,10.2714,10.1488,10.1606,25021433.0,1.0,0.0
2023-05-26,10.05,10.148,10.0439,10.0946,26532376.0,1.0,0.0
2023-05-30,10.1497,10.2417,10.1264,10.1899,34623609.0,1.0,0.0
2023-05-31,10.101,10.1083,10.0247,10.0773,13508625.0,1.0,0.0
2023-06-01,10.0848,10.1015,9.935,9.9468,17914865.0,1.0,0.0
2023-06-02,9.8814,9.9769,9.7882,9.9716,46337445.0,1.0,0.0
2023-06-05,9.9043,9.979,9.893,9.932,12134754.0,1.0,0.0
2023-06-06,9.8692,9.9926,9.8257,9.9772,48467461.0,1.0,0.0
2023-06-07,9.961,10.0754,9.9408,10.0619,13810332.0,1.0,0.0
2023-06-08,10.045,10.2245,9.9901,10.2048,10838691.0,1.0,0.0
2023-06-09,10.2447,10.2601,10.1256,10.1626,18809293.0,1.0,0.0
2023-06-12,10.1614,10.1962,10.0514,10.1094,29524486.0,1.0,0.0
2023-06-13,10.1133,10.1316,10.0139,10.0238,10572233.0,1.0,0.0
2023-06-14,9.9435,9.9472,9.8031,9.8084,11275422.0,1.0,0.0
2023-06-15,9.8134,9.98,9.8132,9.9361,2196719.0,1.0,0.0
2023-06-16,9.9128,9.9245,9.807,9.8247,21103112.0,1.0,0.0
2023-06-20,9.8245,9.8308,9.6916,9.6939,20588795.0,1.0,0.0
2023-06-21,9.7473,9.7801,9.652,9.6783,46395896.0,1.0,0.0
2023-06-22,9.7191,9.7535,9.5968,9.6029,17604892.0,1.0,0.0
2023-06-23,9.5928,9.6127,9.4491,9.4731,46576814.0,1.0,0.0
2023-06-26,9.3418,9.3628,9.2981,9.3581,33924948.0,1.0,0.0
2023-06-27,9.355,9.3726,9.229,9.2484,49963406.0,1.0,0.0
2023-06-28,9.2972,9.3144,9.1629,9.1755,16576276.0,1.0,0.0
2023-06-29,9.2647,9.3263,9.1318,9.1597,17136943.0,1.0,0.0
2023-06-30,9.0216,9.1293,8.9779,9.0886,32675036.0,1.0,0.0
2023-07-03,9.0707,9.1088,9.0395,9.0415,18876147.0,1.0,0.0
2023-07-05,9.0909,9.2829,9.0377,9.2711,18019183.0,1.0,0.0
2023-07-06,9.1976,9.2162,9.1184,9.1301,30429934.0,1.0,0.0
2023-07-07,9.1452,9.2575,9.1124,9.2222,4811673.0,1.0,0.0
2023-07-10,9.2223,9.2519,9.0513,9.0719,26605053.0,1.0,0.0
2023-07-11,9.0251,9.145,8.9934,9.1182,48275701.0,1.0,0.0
2023-07-12,9.0583,9.0797,9.0172,9.0471,43339887.0,1.0,0.0
2023-07-13,9.1157,9.2276,9.109,9.2224,11723695.0,1.0,0.0
2023-07-14,9.1871,9.3514,9.1079,9.2727,41773222.0,1.0,0.0
2023-07-17,9.2859,9.3138,9.2224,9.2719,44110834.0,1.0,0.0
2023-07-18,9.3429,9.3985,9.3279,9.3604,2774995.0,1.0,0.0
2023-07-19,9.3269,9.3548,9.2817,9.2899,3937792.0,1.0,0.0
2023-07-20,9.2283,9.3149,9.0551,9.0801,31986684.0,1.0,0.0
2023-07-21,9.133,9.1646,9.1055,9.122,40576280.0,1.0,0.0
2023-07-24,9.1391,9.1633,9.1132,9.1337,42497357.0,1.0,0.0
2023-07-25,9.1325,9.2135,9.0939,9.1528,37240817.0,1.0,0.0
2023-07-26,9.0699,9.2228,8.9888,9.1654,24695381.0,1.0,0.0
2023-07-27,9.2213,9.2299,9.103,9.1242,23145609.0,1.0,0.0
2023-07-28,9.234,9.2736,9.2264,9.2434,7921056.0,1.0,0.0
2023-07-31,9.1765,9.257,9.135,9.1726,39820221.0,1.0,0.0
2023-08-01,9.304,9.3304,9.1978,9.2444,36381816.0,1.0,0.0
2023-08-02,9.5027,9.5985,9.4117,9.5753,28375534.0,1.0,0.0
2023-08-03,9.9036,9.9714,9.8464,9.9163,11207619.0,1.0,0.0
2023-08-04,10.0562,10.1147,10.0109,10.018,7119047.0,1.0,0.0
2023-08-07,9.9066,10.0437,9.8692,10.0035,18590565.0,1.0,0.0
2023-08-08,9.9272,9.9277,9.7666,9.7971,31015598.0,1.0,0.0
2023-08-09,9.646,9.8287,9.6356,9.7965,12163078.0,1.0,0.2
2023-08-10,9.8761,9.8876,9.6706,9.6926,22961837.0,1.0,0.0
2023-08-11,9.7527,9.7963,9.6502,9.6708,23097057.0,1.0,0.0
2023-08-14,9.7797,9.7816,9.6888,9.7137,35850814.0,1.0,0.0
2023-08-15,9.5841,9.6453,9.4694,9.4859,18434042.0,1.0,0.0
2023-08-16,9.6004,9.8318,9.5785,9.7361,40186986.0,1.0,0.0
2023-08-17,9.7426,9.8584,9.687,9.825,32418449.0,1.0,0.0
2023-08-18,9.8777,9.926,9.8666,9.884,48469147.0,1.0,0.0
2023-08-21,9.7434,9.7469,9.5691,9.6074,16683062.0,1.0,0.0
2023-08-22,9.7473,9.8028,9.6504,9.6595,23916204.0,1.0,0.0
2023-08-23,10.0428,10.1099,10.0377,10.1089,14281233.0,1.0,0.0
2023-08-24,10.1849,10.2274,10.1507,10.2233,44210205.0,1.0,0.0
2023-08-25,10.3707,10.4531,10.3326,10.3796,21799187.0,1.0,0.0
2023-08-28,10.4077,10.4343,10.3323,10.3358,15515764.0,1.0,0.0
2023-08-29,10.4543,10.5642,10.4407,10.5046,32198286.0,1.0,0.0
2023-08-30,10.5695,10.5903,10.4409,10.4756,22427283.0,1.0,0.0
2023-08-31,10.4398,10.4655,10.2865,10.2975,29392148.0,1.0,0.0
2023-09-01,10.1984,10.2289,10.1477,10.1553,22099492.0,1.0,0.0
2023-09-05,10.2438,10.3433,10.2051,10.2948,16941001.0,1.0,0.0
2023-09-06,10.4364,10.438,10.4013,10.4099,11187679.0,1.0,0.0
2023-09-07,10.2273,10.2857,10.1468,10.1915,20154561.0,1.0,0.0
2023-09-08,10.0802,10.1217,9.9093,9.9094,9660009.0,1.0,0.0
2023-09-11,9.91,10.032,9.9077,10.0271,11508699.0,1.0,0.0
2023-09-12,10.1545,10.2045,10.0557,10.077,49485587.0,1.0,0.0
2023-09-13,9.8434,9.8527,9.7589,9.8113,29803268.0,1.0,0.0
2023-09-14,9.7011,9.7551,9.4453,9.4952,45056836.0,1.0,0.0
2023-09-15,9.5068,9.5153,9.4863,9.5042,44467877.0,1.0,0.0
2023-09-18,9.2864,9.316,9.144,9.1516,28101614.0,1.0,0.0
2023-09-19,9.2872,9.4848,9.2716,9.3937,45618653.0,1.0,0.0
2023-09-20,9.4888,9.4961,9.3746,9.4011,15407738.0,1.0,0.0
2023-09-21,9.409,9.4734,9.3784,9.4368,41939791.0,1.0,0.0
2023-09-22,9.3699,9.5069,9.3693,9.4918,44658613.0,1.0,0.0
2023-09-25,9.6555,9.8182,9.6034,9.8065,38788853.0,1.0,0.0
2023-09-26,9.8001,9.9167,9.6945,9.7264,13148072.0,1.0,0.0
2023-09-27,9.7412,9.7458,9.521,9.5574,40956073.0,1.0,0.0
2023-09-28,9.7717,9.7859,9.7407,9.7512,14630838.0,1.0,0.0
2023-09-29,9.7458,9.8334,9.7099,9.7968,16639571.0,1.0,0.0
2023-10-02,9.7594,9.7654,9.5351,9.5544,44941648.0,1.0,0.0
2023-10-03,9.6048,9.6193,9.5189,9.5579,13271698.0,1.0,0.0
2023-10-04,9.585,9.6195,9.4811,9.4854,12171300.0,1.0,0.0
2023-10-05,9.4754,9.5111,9.4008,9.4093,31523018.0,1.0,0.0
2023-10-06,9.3347,9.372,9.2114,9.2335,48171971.0,1.0,0.0
2023-10-09,9.1184,9.1833,9.054,9.1682,28969588.0,1.0,0.0
2023-10-10,9.1688,9.2531,9.1446,9.2509,46074958.0,1.0,0.0
2023-10-11,9.3439,9.3856,9.3256,9.3362,25103282.0,1.0,0.0
2023-10-12,9.2811,9.4862,9.2592,9.4091,30026683.0,1.0,0.0
2023-10-13,9.4865,9.5325,9.4271,9.4605,14919638.0,1.0,0.0
2023-10-16,9.3903,9.4662,9.2207,9.2539,20323562.0,1.0,0.0
2023-10-17,9.2193,9.2321,9.1813,9.1896,40847207.0,1.0,0.0
2023-10-18,9.3109,9.3567,9.1939,9.2002,49902893.0,1.0,0.0
2023-10-19,9.2546,9.2614,9.1999,9.2039,12490273.0,1.0,0.0
2023-10-20,9.0601,9.1073,9.0406,9.0709,36916592.0,1.0,0.0
2023-10-23,9.1412,9.161,9.1389,9.1595,14007345.0,1.0,0.0
2023-10-24,9.1177,9.1284,8.9692,9.0047,31374911.0,1.0,0.0
2023-10-25,8.8147,9.0,8.7944,8.9926,9136743.0,1.0,0.0
2023-10-26,8.9879,9.0466,8.9635,9.0105,40388252.0,1.0,0.0
2023-10-27,9.0534,9.0976,8.9866,9.0092,1980088.0,1.0,0.0
2023-10-30,9.1224,9.1606,9.0414,9.099,37095729.0,1.0,0.0
2023-10-31,9.1113,9.1265,9.0076,9.0195,45150479.0,1.0,0.0
2023-11-01,9.1188,9.1315,9.0901,9.1267,27987851.0,1.0,0.0
2023-11-02,9.0685,9.2166,9.0324,9.1267,7920417.0,1.0,0.0
2023-11-03,9.1337,9.1465,9.1282,9.1386,23235821.0,1.0,0.0
2023-11-06,9.0228,9.0275,8.8973,8.9015,8030871.0,1.0,0.0
2023-11-07,8.9268,9.0173,8.9052,8.9914,20773020.0,1.0,0.0
2023-11-08,8.769,8.803,8.7423,8.766,45620403.0,1.0,0.2
2023-11-09,8.8257,8.8484,8.6799,8.7211,24093622.0,1.0,0.0
2023-11-10,8.7492,8.7696,8.6467,8.6673,25364606.0,1.0,0.0
2023-11-13,8.8321,8.8806,8.8188,8.8396,30620119.0,1.0,0.0
2023-11-14,8.8818,8.9007,8.7584,8.7955,44643268.0,1.0,0.0
2023-11-15,8.907,9.0092,8.8694,8.991,35888656.0,1.0,0.0
2023-11-16,8.9561,8.9718,8.8605,8.898,29819066.0,1.0,0.0
2023-11-17,8.9266,9.0109,8.8767,8.9719,28132686.0,1.0,0.0
2023-11-20,9.0131,9.0962,9.0021,9.0852,46455976.0,1.0,0.0
2023-11-21,9.107,9.1657,9.0632,9.1064,19207169.0,1.0,0.0
2023-11-22,9.076,9.0969,8.9831,9.0252,20444383.0,1.0,0.0
2023-11-24,8.9971,9.0264,8.9546,9.0006,40559838.0,1.0,0.0
2023-11-27,9.0257,9.0746,8.9637,9.0396,26877987.0,1.0,0.0
2023-11-28,8.9864,9.1132,8.9563,9.0819,49633486.0,1.0,0.0
2023-11-29,9.1637,9.1704,9.1088,9.1158,33607901.0,1.0,0.0
2023-11-30,9.0696,9.0892,8.9227,8.9779,48398829.0,1.0,0.0
2023-12-01,9.0114,9.0281,9.0072,9.0171,14531991.0,1.0,0.0
2023-12-04,8.9591,9.057,8.9248,9.0543,12936088.0,1.0,0.0
2023-12-05,8.9757,9.0046,8.8796,8.8996,2808996.0,1.0,0.0
2023-12-06,8.9294,8.9474,8.8545,8.8806,33936182.0,1.0,0.0
2023-12-07,8.8987,8.904,8.7754,8.8185,13614910.0,1.0,0.0
2023-12-08,8.7846,8.7864,8.7521,8.7862,36318505.0,1.0,0.0
2023-12-11,8.8639,9.0304,8.862,8.9897,49402302.0,1.0,0.0
2023-12-12,9.1129,9.1183,9.0904,9.1157,20426884.0,1.0,0.0
2023-12-13,9.1867,9.2119,9.1737,9.1776,44848162.0,1.0,0.0
2023-12-14,9.3258,9.3268,9.3076,9.3199,42962216.0,1.0,0.0
2023-12-15,9.2346,9.3275,9.1628,9.2939,13422837.0,1.0,0.0
2023-12-18,9.2598,9.3176,9.2552,9.2975,9978657.0,1.0,0.0
2023-12-19,9.2867,9.46,9.2667,9.4131,36489489.0,1.0,0.0
2023-12-20,9.3786,9.4374,9.3576,9.3723,29173533.0,1.0,0.0
2023-12-21,9.3838,9.4013,9.1829,9.2039,22399979.0,1.0,0.0
2023-12-22,9.2545,9.2623,9.1553,9.1712,16950711.0,1.0,0.0
2023-12-26,9.2365,9.2909,9.077,9.0852,37483340.0,1.0,0.0
2023-12-27,9.0567,9.068,8.8402,8.8422,35009925.0,1.0,0.0
2023-12-28,8.9375,8.9492,8.8459,8.8511,26919877.0,1.0,0.0
2023-12-29,8.9308,8.9722,8.9058,8.9201,38467189.0,1.0,0.0
