date,open,high,low,close,volume,split_ratio,dividend
2016-01-04,2.9905,3.055,2.978,3.0504,34681409.0,1.0,0.0
2016-01-05,2.8786,2.8906,2.8433,2.8591,26939494.0,1.0,0.0
2016-01-06,2.7272,2.7373,2.6822,2.6939,49007689.0,1.0,0.0
2016-01-07,2.6937,2.7451,2.6737,2.6844,9144083.0,1.0,0.0
2016-01-08,2.5433,2.5596,2.443,2.452,47112105.0,1.0,0.0
2016-01-11,2.4389,2.47,2.4174,2.4651,32350823.0,1.0,0.0
2016-01-12,2.4817,2.5241,2.4644,2.4754,45678358.0,1.0,0.0
2016-01-13,2.4449,2.4474,2.3861,2.3862,48487470.0,1.0,0.0
2016-01-14,2.4412,2.4721,2.3992,2.412,30898226.0,1.0,0.0
2016-01-15,2.6741,2.7494,2.6568,2.7374,6007823.0,1.0,0.0
2016-01-19,2.7982,2.8417,2.7832,2.8409,40624970.0,1.0,0.0
2016-01-20,2.6961,2.716,2.594,2.6188,4037821.0,1.0,0.0
2016-01-21,2.5673,2.5879,2.5038,2.5132,28578507.0,1.0,0.0
2016-01-22,2.6236,2.653,2.5877,2.6398,26267323.0,1.0,0.0
2016-01-25,2.4128,2.5234,2.4076,2.4826,7820590.0,1.0,0.0
2016-01-26,2.2068,2.2204,2.1933,2.209,45042536.0,1.0,0.0
2016-01-27,2.1917,2.1929,2.1538,2.1778,44166509.0,1.0,0.0
2016-01-28,2.0526,2.0745,2.0329,2.0471,19400649.0,1.0,0.0
2016-01-29,1.918,1.9219,1.8752,1.8793,18581626.0,1.0,0.0
2016-02-01,2.0259,2.0516,2.0236,2.05,29849576.0,1.0,0.0
2016-02-02,2.0704,2.0861,2.0506,2.059,31197808.0,1.0,0.0
2016-02-03,2.0442,2.0563,2.0174,2.0207,15014605.0,1.0,0.0
2016-02-04,2.0894,2.1041,2.0854,2.0976,35803803.0,1.0,0.0
2016-02-05,2.0619,2.1079,2.0598,2.0962,49048324.0,1.0,0.0
2016-02-08,2.0778,2.0811,2.0584,2.0675,40130594.0,1.0,0.0
2016-02-09,2.0816,2.111,2.0684,2.0686,9404809.0,1.0,0.0
2016-02-10,2.0576,2.0715,2.0317,2.0489,7499382.0,1.0,0.0
2016-02-11,2.0396,2.0633,2.027,2.0549,25603029.0,1.0,0.0
2016-02-12,2.0482,2.0535,1.9993,2.0037,34425920.0,1.0,0.0
2016-02-16,1.971,1.9839,1.9101,1.9237,5233898.0,1.0,0.0
2016-02-17,1.8815,1.8998,1.8427,1.8578,1094920.0,1.0,0.0
2016-02-18,1.8729,1.913,1.8712,1.899,19649844.0,1.0,0.0
2016-02-19,1.8343,1.8417,1.83,1.8389,16334813.0,1.0,0.0
2016-02-22,1.8343,1.8453,1.7916,1.8037,39929465.0,1.0,0.0
2016-02-23,1.7593,1.762,1.7306,1.7384,39570105.0,1.0,0.0
2016-02-24,1.7223,1.7369,1.715,1.7319,2053564.0,1.0,0.0
2016-02-25,1.7255,1.7292,1.7181,1.7188,19878391.0,1.0,0.0
2016-02-26,1.6824,1.6912,1.6374,1.6459,18029863.0,1.0,0.0
2016-02-29,1.6095,1.6474,1.6004,1.6313,4112429.0,1.0,0.0
2016-03-01,1.5665,1.5741,1.5492,1.5712,32502569.0,1.0,0.0
2016-03-02,1.4747,1.4817,1.4049,1.4133,9455092.0,1.0,0.0
2016-03-03,1.3704,1.3776,1.3634,1.3696,27200565.0,1.0,0.0
2016-03-04,1.3821,1.4407,1.3765,1.4294,47793072.0,1.0,0.0
2016-03-07,1.3752,1.4508,1.3645,1.4428,23290177.0,1.0,0.0
2016-03-08,1.4192,1.4515,1.4186,1.4224,30357071.0,1.0,0.0
2016-03-09,1.4756,1.4988,1.4697,1.4863,5154631.0,1.0,0.0
2016-03-10,1.4555,1.4801,1.4299,1.4315,12306996.0,1.0,0.0
2016-03-11,1.4207,1.4366,1.3956,1.4093,35042558.0,1.0,0.0
2016-03-14,1.407,1.4099,1.3814,1.3821,7306377.0,1.0,0.0
2016-03-15,1.3374,1.3707,1.3348,1.3558,9723479.0,1.0,0.0
2016-03-16,1.355,1.3613,1.3514,1.3581,49460005.0,1.0,0.0
2016-03-17,1.3339,1.3431,1.3327,1.3384,23671061.0,1.0,0.0
2016-03-18,1.4099,1.4459,1.4018,1.4344,45664644.0,1.0,0.0
2016-03-21,1.4073,1.4092,1.3883,1.3978,2732002.0,1.0,0.0
2016-03-22,1.3692,1.4202,1.3656,1.4129,34159061.0,1.0,0.0
2016-03-23,1.443,1.5511,1.4405,1.5361,48621513.0,1.0,0.0
2016-03-24,1.5729,1.604,1.5565,1.5925,11277723.0,1.0,0.0
2016-03-28,1.5852,1.6165,1.5305,1.538,13678804.0,1.0,0.0
2016-03-29,1.5304,1.5735,1.5152,1.547,11682281.0,1.0,0.0
2016-03-30,1.5105,1.5165,1.5063,1.5075,36709231.0,1.0,0.0
2016-03-31,1.5318,1.5366,1.525,1.5328,36747258.0,1.0,0.0
2016-04-01,1.5225,1.5349,1.4702,1.4858,21578610.0,1.0,0.0
2016-04-04,1.5153,1.5178,1.4887,1.5127,44701149.0,1.0,0.0
2016-04-05,1.5138,1.5244,1.4934,1.4973,30700180.0,1.0,0.0
2016-04-06,1.4738,1.4856,1.4424,1.4445,1125002.0,1.0,0.0
2016-04-07,1.4421,1.5133,1.4215,1.504,37935465.0,1.0,0.0
2016-04-08,1.5433,1.5613,1.5015,1.515,27756970.0,1.0,0.0
2016-04-11,1.5046,1.5068,1.4847,1.4871,6081800.0,1.0,0.0
2016-04-12,1.5121,1.5292,1.4965,1.4998,30995134.0,1.0,0.0
2016-04-13,1.56,1.5911,1.5362,1.5855,32528095.0,1.0,0.0
2016-04-14,1.6353,1.6416,1.614,1.6154,44043967.0,1.0,0.0
2016-04-15,1.6391,1.7186,1.625,1.6959,25343923.0,1.0,0.0
2016-04-18,1.7036,1.7523,1.6924,1.7473,33833536.0,1.0,0.0
2016-04-19,1.7731,1.7932,1.7671,1.7859,37308408.0,1.0,0.0
2016-04-20,1.7891,1.9104,1.7704,1.9035,43893011.0,1.0,0.0
2016-04-21,1.8864,1.918,1.8861,1.9166,47238758.0,1.0,0.0
2016-04-22,1.9078,1.9987,1.906,1.9836,26763760.0,1.0,0.0
2016-04-25,2.0094,2.018,1.9618,1.9921,29104016.0,1.0,0.0
2016-04-26,2.04,2.0452,1.9795,1.9842,41030199.0,1.0,0.0
2016-04-27,1.9635,2.0105,1.9576,2.0092,35271187.0,1.0,0.0
2016-04-28,2.0251,2.0633,2.0031,2.054,32500202.0,1.0,0.0
2016-04-29,2.0023,2.0253,1.9952,2.0062,39632243.0,1.0,0.0
2016-05-02,1.9861,1.9952,1.9556,1.9616,23535721.0,1.0,0.0
2016-05-03,2.0627,2.1192,2.0461,2.1134,6555708.0,1.0,0.0
2016-05-04,2.0252,2.0499,1.9997,2.0014,7059844.0,1.0,0.0
2016-05-05,2.041,2.0541,1.9316,1.9426,17021130.0,1.0,0.0
2016-05-06,1.9305,1.9559,1.9165,1.9216,46267563.0,1.0,0.0
2016-05-09,1.9636,1.9813,1.9116,1.9164,25428454.0,1.0,0.0
2016-05-10,1.9639,1.9818,1.9448,1.9785,29831288.0,1.0,0.0
2016-05-11,1.9728,2.0169,1.9633,2.0157,16044964.0,1.0,0.0
2016-05-12,1.9682,2.0205,1.9539,2.0047,33673140.0,1.0,0.0
2016-05-13,1.9004,1.9121,1.8439,1.8466,42678991.0,1.0,0.0
2016-05-16,1.8609,1.8727,1.7889,1.8203,17211622.0,1.0,0.0
2016-05-17,1.6874,1.7035,1.6079,1.6291,19697470.0,1.0,0.0
2016-05-18,1.6471,1.6727,1.6467,1.6592,26844707.0,1.0,0.0
2016-05-19,1.6951,1.7308,1.6819,1.7167,18560160.0,1.0,0.0
2016-05-20,1.7646,1.7698,1.7447,1.7574,18218015.0,1.0,0.0
2016-05-23,1.7403,1.7414,1.7257,1.7343,29798918.0,1.0,0.0
2016-05-24,1.746,1.7501,1.7228,1.7255,40559552.0,1.0,0.0
2016-05-25,1.6972,1.7202,1.6906,1.7112,9665512.0,1.0,0.0
2016-05-26,1.4064,1.4541,1.399,1.4474,31644375.0,1.0,0.0
2016-05-27,1.4271,1.4293,1.4213,1.4214,36413035.0,1.0,0.0
2016-05-31,1.368,1.3737,1.3642,1.3661,49807762.0,1.0,0.0
2016-06-01,1.423,1.4233,1.412,1.4194,38398695.0,1.0,0.0
2016-06-02,1.4665,1.4688,1.4305,1.4429,20593916.0,1.0,0.0
2016-06-03,1.4533,1.4676,1.4523,1.4675,7195952.0,1.0,0.0
2016-06-06,1.4151,1.4291,1.4064,1.4222,33723056.0,1.0,0.0
2016-06-07,1.4402,1.4566,1.4321,1.4509,44399034.0,1.0,0.0
2016-06-08,1.3886,1.4021,1.3812,1.3932,13665898.0,1.0,0.0
2016-06-09,1.3848,1.3944,1.3576,1.3642,19348049.0,1.0,0.0
2016-06-10,1.3184,1.3519,1.3094,1.3384,16135751.0,1.0,0.0
2016-06-13,1.2578,1.263,1.2463,1.2593,12328681.0,1.0,0.0
2016-06-14,1.2953,1.3145,1.2874,1.3137,45719088.0,1.0,0.0
2016-06-15,1.2414,1.2972,1.233,1.2852,16639671.0,1.0,0.0
2016-06-16,1.1736,1.1769,1.1557,1.1726,15895940.0,1.0,0.0
2016-06-17,1.14,1.144,1.1263,1.1317,43550879.0,1.0,0.0
2016-06-20,1.1277,1.128,1.1175,1.1216,37865933.0,1.0,0.0
2016-06-21,1.0729,1.0832,1.022,1.03,31972988.0,1.0,0.0
2016-06-22,0.9767,0.9839,0.964,0.9674,49991901.0,1.0,0.0
2016-06-23,1.0088,1.035,1.0018,1.0323,23067769.0,1.0,0.0
2016-06-24,1.0498,1.0595,1.0411,1.0524,8366335.0,1.0,0.0
2016-06-27,1.0199,1.0302,1.0024,1.0198,22158855.0,1.0,0.0
2016-06-28,1.0446,1.0554,1.0154,1.017,33362625.0,1.0,0.0
2016-06-29,0.9854,1.018,0.9789,1.0083,39924499.0,1.0,0.0
2016-06-30,1.0425,1.0934,1.0396,1.0864,3944794.0,1.0,0.0
2016-07-01,0.9498,0.9658,0.937,0.9629,19265196.0,1.0,0.0
2016-07-05,0.9126,0.9152,0.8907,0.9051,26351696.0,1.0,0.0
2016-07-06,0.9914,1.0161,0.9885,1.01,21329077.0,1.0,0.0
2016-07-07,1.0307,1.0485,1.0281,1.0317,22239790.0,1.0,0.0
2016-07-08,0.9609,0.9701,0.9503,0.952,36944455.0,1.0,0.0
2016-07-11,0.9026,0.9225,0.8989,0.9102,1207194.0,1.0,0.0
2016-07-12,0.8953,0.8994,0.8801,0.8854,41258820.0,1.0,0.0
2016-07-13,0.8992,0.9186,0.893,0.9157,22477140.0,1.0,0.0
2016-07-14,0.8786,0.8858,0.8762,0.8776,15118746.0,1.0,0.0
2016-07-15,0.8072,0.8109,0.7771,0.7811,4611855.0,1.0,0.0
2016-07-18,0.8551,0.859,0.85,0.8542,10620622.0,1.0,0.0
2016-07-19,0.8632,0.869,0.8577,0.8632,41185996.0,1.0,0.0
2016-07-20,0.9234,0.9262,0.9037,0.9133,3764483.0,1.0,0.0
2016-07-21,0.8576,0.8727,0.8537,0.8682,3205702.0,1.0,0.0
2016-07-22,0.7769,0.7828,0.7719,0.7722,43998487.0,1.0,0.0
2016-07-25,0.8378,0.8418,0.8253,0.83,17804062.0,1.0,0.0
2016-07-26,0.9343,0.9403,0.9083,0.9178,25718314.0,1.0,0.0
2016-07-27,0.9424,0.9627,0.931,0.9584,46590178.0,1.0,0.0
2016-07-28,0.7959,0.7971,0.7927,0.7935,15174346.0,1.0,0.0
2016-07-29,0.7451,0.7528,0.7345,0.7354,39996494.0,1.0,0.0
2016-08-01,0.7097,0.7182,0.7052,0.7168,48524676.0,1.0,0.0
2016-08-02,0.7241,0.7339,0.704,0.7093,22972261.0,1.0,0.0
2016-08-03,0.6982,0.7055,0.6913,0.6979,30169561.0,1.0,0.0
2016-08-04,0.7736,0.7778,0.7643,0.7645,45839728.0,1.0,0.0
2016-08-05,0.7705,0.7772,0.742,0.756,30606417.0,1.0,0.0
2016-08-08,0.7461,0.7488,0.722,0.7258,46898884.0,1.0,0.0
2016-08-09,0.8206,0.8231,0.8184,0.8204,4227280.0,1.0,0.0
2016-08-10,0.7459,0.7685,0.7285,0.7649,43821041.0,1.0,0.0
2016-08-11,0.7561,0.7571,0.7442,0.7496,36822512.0,1.0,0.0
2016-08-12,0.761,0.7621,0.7496,0.7613,18163715.0,1.0,0.0
2016-08-15,0.868,0.8994,0.8641,0.8922,42644471.0,1.0,0.0
2016-08-16,0.8565,0.8593,0.8395,0.8454,12693586.0,1.0,0.0
2016-08-17,0.7876,0.7977,0.779,0.7792,21590986.0,1.0,0.0
2016-08-18,0.7453,0.747,0.7278,0.731,49777780.0,1.0,0.0
2016-08-19,0.6939,0.6953,0.6845,0.6911,36827587.0,1.0,0.0
2016-08-22,0.6385,0.6453,0.6274,0.6299,2880499.0,1.0,0.0
2016-08-23,0.668,0.671,0.6501,0.651,23061693.0,1.0,0.0
2016-08-24,0.5772,0.586,0.5524,0.5528,48274205.0,1.0,0.0
2016-08-25,0.5749,0.5892,0.5713,0.5779,39024932.0,1.0,0.0
2016-08-26,0.5672,0.5829,0.5624,0.5786,34139626.0,1.0,0.0
2016-08-29,0.5795,0.5844,0.5776,0.5779,31938752.0,1.0,0.0
2016-08-30,0.5734,0.5745,0.5567,0.5576,19367556.0,1.0,0.0
2016-08-31,0.5469,0.5507,0.5449,0.5505,45085900.0,1.0,0.0
2016-09-01,0.5579,0.5583,0.5396,0.5412,46204009.0,1.0,0.0
2016-09-02,0.5639,0.5814,0.5619,0.5749,38933155.0,1.0,0.0
2016-09-06,0.5851,0.593,0.5828,0.5901,31995285.0,1.0,0.0
2016-09-07,0.5635,0.5853,0.5594,0.585,14498496.0,1.0,0.0
2016-09-08,0.6108,0.6117,0.5863,0.5876,15077184.0,1.0,0.0
2016-09-09,0.5722,0.58,0.5711,0.5782,13515343.0,1.0,0.0
2016-09-12,0.601,0.6025,0.5793,0.5877,25600798.0,1.0,0.0
2016-09-13,0.598,0.6035,0.5942,0.5969,41442422.0,1.0,0.0
2016-09-14,0.6416,0.6586,0.6366,0.6558,28370975.0,1.0,0.0
2016-09-15,0.686,0.7074,0.6771,0.6969,8007708.0,1.0,0.0
2016-09-16,0.6914,0.6917,0.6852,0.6853,44423873.0,1.0,0.0
2016-09-19,0.6674,0.6794,0.661,0.6769,35026391.0,1.0,0.0
2016-09-20,0.6525,0.6554,0.6433,0.6448,18161209.0,1.0,0.0
2016-09-21,0.5907,0.6088,0.5895,0.6059,37867239.0,1.0,0.0
2016-09-22,0.5962,0.6054,0.5928,0.6018,49990155.0,1.0,0.0
2016-09-23,0.5817,0.602,0.5783,0.5947,5452096.0,1.0,0.0
2016-09-26,0.5854,0.5952,0.5845,0.5943,25608019.0,1.0,0.0
2016-09-27,0.5914,0.5945,0.5875,0.5897,12483136.0,1.0,0.0
2016-09-28,0.6367,0.6442,0.6333,0.6423,9248054.0,1.0,0.0
2016-09-29,0.6352,0.6371,0.6281,0.6294,44346150.0,1.0,0.0
2016-09-30,0.627,0.6402,0.6185,0.6392,5292592.0,1.0,0.0
2016-10-03,0.6525,0.6827,0.6512,0.6707,13726999.0,1.0,0.0
2016-10-04,0.663,0.6883,0.6624,0.685,13290991.0,1.0,0.0
2016-10-05,0.7032,0.7165,0.6975,0.6978,13066227.0,1.0,0.0
2016-10-06,0.7101,0.7186,0.707,0.7155,43822684.0,1.0,0.0
2016-10-07,0.7176,0.7184,0.7085,0.7111,19866579.0,1.0,0.0
2016-10-10,0.7032,0.7061,0.6891,0.6894,42903586.0,1.0,0.0
2016-10-11,0.7735,0.7779,0.7681,0.7689,21114247.0,1.0,0.0
2016-10-12,0.8035,0.8176,0.801,0.8158,19801834.0,1.0,0.0
2016-10-13,0.8218,0.8227,0.818,0.821,45235087.0,1.0,0.0
2016-10-14,0.8175,0.8314,0.8146,0.8285,27441378.0,1.0,0.0
2016-10-17,0.8445,0.8594,0.8371,0.8473,46070122.0,1.0,0.0
2016-10-18,0.8731,0.8822,0.8543,0.8552,7573199.0,1.0,0.0
2016-10-19,0.8731,0.8888,0.8405,0.8531,32624772.0,1.0,0.0
2016-10-20,0.8401,0.8491,0.8152,0.8204,13017031.0,1.0,0.0
2016-10-21,0.8104,0.8178,0.7889,0.7926,39233426.0,1.0,0.0
2016-10-24,0.7896,0.7996,0.7797,0.7826,15321843.0,1.0,0.0
2016-10-25,0.7902,0.8021,0.781,0.7847,7724758.0,1.0,0.0
2016-10-26,0.798,0.8232,0.7971,0.8229,15938750.0,1.0,0.0
2016-10-27,0.8059,0.8177,0.7996,0.8169,13745225.0,1.0,0.0
2016-10-28,0.8225,0.825,0.7875,0.7916,10708855.0,1.0,0.0
2016-10-31,0.808,0.8289,0.8054,0.8212,18022197.0,1.0,0.0
2016-11-01,0.8049,0.8218,0.799,0.8211,27108117.0,1.0,0.0
2016-11-02,0.8373,0.8547,0.8317,0.8474,44730484.0,1.0,0.0
2016-11-03,0.8419,0.845,0.823,0.8337,23157686.0,1.0,0.0
2016-11-04,0.8296,0.83,0.8158,0.8195,34768543.0,1.0,0.0
2016-11-07,0.8137,0.8327,0.8081,0.8274,37408842.0,1.0,0.0
2016-11-08,0.8287,0.8412,0.8129,0.8212,43948341.0,1.0,0.0
2016-11-09,0.8192,0.8333,0.7993,0.8041,7969997.0,1.0,0.0
2016-11-10,0.8488,0.8535,0.8246,0.8264,47970115.0,1.0,0.0
2016-11-11,0.8414,0.8435,0.8272,0.8392,35994539.0,1.0,0.0
2016-11-14,0.8106,0.8177,0.8055,0.8079,22497775.0,1.0,0.0
2016-11-15,0.8555,0.8634,0.8397,0.8413,17993604.0,1.0,0.0
2016-11-16,0.8413,0.8444,0.8111,0.8122,40304055.0,1.0,0.0
2016-11-17,0.7864,0.7898,0.7662,0.7689,31253793.0,1.0,0.0
2016-11-18,0.7736,0.7741,0.7453,0.7454,1406021.0,1.0,0.0
2016-11-21,0.7457,0.7542,0.7423,0.7534,18437803.0,1.0,0.0
2016-11-22,0.7556,0.7568,0.7299,0.7332,10884520.0,1.0,0.0
2016-11-23,0.7258,0.7311,0.7192,0.7233,2070037.0,1.0,0.0
2016-11-25,0.7175,0.7273,0.7073,0.711,37742035.0,1.0,0.0
2016-11-28,0.7183,0.7273,0.7103,0.7178,12804165.0,1.0,0.0
2016-11-29,0.7301,0.757,0.7271,0.7506,25924367.0,1.0,0.0
2016-11-30,0.7631,0.7693,0.75,0.7506,22639333.0,1.0,0.0
2016-12-01,0.7545,0.7945,0.748,0.7891,19181630.0,1.0,0.0
2016-12-02,0.8159,0.8512,0.8134,0.8464,31000100.0,1.0,0.0
2016-12-05,0.8604,0.8685,0.8541,0.8615,27489836.0,1.0,0.0
2016-12-06,0.8643,0.8903,0.8478,0.8879,49903531.0,1.0,0.0
2016-12-07,0.9156,0.9293,0.9095,0.9271,18267562.0,1.0,0.0
2016-12-08,0.9152,0.9361,0.9054,0.9325,20571000.0,1.0,0.0
2016-12-09,0.9284,0.9395,0.9162,0.9255,22356213.0,1.0,0.0
2016-12-12,0.908,0.9131,0.87,0.8804,8656902.0,1.0,0.0
2016-12-13,0.8727,0.8927,0.8578,0.889,29137019.0,1.0,0.0
2016-12-14,0.8505,0.8556,0.8481,0.8486,12510972.0,1.0,0.0
2016-12-15,0.8599,0.8682,0.8451,0.8475,41808681.0,1.0,0.0
2016-12-16,0.8722,0.8759,0.85,0.8611,44879911.0,1.0,0.0
2016-12-19,0.8541,0.8655,0.8485,0.8535,17894119.0,1.0,0.0
2016-12-20,0.8789,0.902,0.8713,0.8928,17705902.0,1.0,0.0
2016-12-21,0.8983,0.9002,0.8821,0.8858,16745453.0,1.0,0.0
2016-12-22,0.8861,0.904,0.877,0.8921,47737205.0,1.0,0.0
2016-12-23,0.9227,0.9331,0.8966,0.9052,24864271.0,1.0,0.0
2016-12-27,0.9032,0.9213,0.9022,0.9195,30163080.0,1.0,0.0
2016-12-28,0.9167,0.9424,0.9133,0.939,18136635.0,1.0,0.0
2016-12-29,0.9506,0.9834,0.9469,0.9747,47673138.0,1.0,0.0
2016-12-30,0.9874,1.0064,0.9823,1.0043,29885258.0,1.0,0.0
2017-01-03,1.0185,1.0271,0.9938,1.0022,36315250.0,1.0,0.0
2017-01-04,0.975,0.991,0.9729,0.9807,15290716.0,1.0,0.0
2017-01-05,0.9574,0.96,0.9308,0.9368,1509206.0,1.0,0.0
2017-01-06,0.8896,0.8937,0.878,0.8812,4400455.0,1.0,0.0
2017-01-09,1.0348,1.0388,1.0226,1.0243,1555967.0,1.0,0.0
2017-01-10,1.002,1.0147,0.997,1.0109,28328773.0,1.0,0.0
2017-01-11,1.0404,1.0669,1.034,1.0651,13285715.0,1.0,0.0
2017-01-12,1.0727,1.0883,1.0623,1.0666,26675511.0,1.0,0.0
2017-01-13,1.0489,1.082,1.0487,1.0753,11994070.0,1.0,0.0
2017-01-17,1.0951,1.1029,1.0928,1.0998,37022518.0,1.0,0.0
2017-01-18,1.0252,1.0383,1.0244,1.034,39255424.0,1.0,0.0
2017-01-19,1.0237,1.0248,1.01,1.0115,40416643.0,1.0,0.0
2017-01-20,1.0477,1.0562,1.0309,1.0374,2504717.0,1.0,0.0
2017-01-23,1.2076,1.2076,1.1952,1.1966,48873799.0,1.0,0.0
2017-01-24,1.2236,1.2461,1.2212,1.2424,7931273.0,1.0,0.0
2017-01-25,1.3673,1.3716,1.3131,1.3202,34052014.0,1.0,0.0
2017-01-26,1.4153,1.418,1.3944,1.4021,34433161.0,1.0,0.0
2017-01-27,1.361,1.3679,1.3215,1.3356,24306860.0,1.0,0.0
2017-01-30,1.1829,1.21,1.1642,1.2097,46089801.0,1.0,0.0
2017-01-31,1.0824,1.0858,1.0262,1.0497,3657124.0,1.0,0.0
2017-02-01,1.0565,1.1173,1.0501,1.1021,23329216.0,1.0,0.0
2017-02-02,1.0022,1.0212,0.982,1.0149,26396454.0,1.0,0.0
2017-02-03,1.001,1.0186,0.997,1.0095,45906888.0,1.0,0.0
2017-02-06,0.9935,1.0298,0.9913,1.02,32538236.0,1.0,0.0
2017-02-07,1.0152,1.0276,1.0133,1.0191,34156732.0,1.0,0.0
2017-02-08,1.0224,1.0255,1.0081,1.0123,22175438.0,1.0,0.0
2017-02-09,0.9286,0.9362,0.9124,0.9149,34963882.0,1.0,0.0
2017-02-10,0.909,0.9105,0.893,0.8943,10676733.0,1.0,0.0
2017-02-13,0.6785,0.6855,0.6729,0.6796,34832205.0,1.0,0.0
2017-02-14,0.686,0.6923,0.6799,0.6807,30548591.0,1.0,0.0
2017-02-15,0.7309,0.7388,0.7275,0.7368,26594651.0,1.0,0.0
2017-02-16,0.7374,0.7547,0.7321,0.7411,24352041.0,1.0,0.0
2017-02-17,0.7595,0.7745,0.7562,0.7741,39690046.0,1.0,0.0
2017-02-21,0.7351,0.7622,0.7323,0.758,1646187.0,1.0,0.0
2017-02-22,0.76,0.7742,0.7594,0.7713,7613420.0,1.0,0.0
2017-02-23,0.6856,0.6869,0.6745,0.6751,13883049.0,1.0,0.0
2017-02-24,0.8987,0.8999,0.8738,0.8821,49746699.0,1.0,0.0
2017-02-27,0.7827,0.7831,0.775,0.7763,19961862.0,1.0,0.0
2017-02-28,0.7406,0.7488,0.7334,0.7379,35968885.0,1.0,0.0
2017-03-01,0.8194,0.8247,0.8166,0.8214,44496366.0,1.0,0.0
2017-03-02,0.8723,0.8807,0.8414,0.8463,14463690.0,1.0,0.0
2017-03-03,0.8132,0.8213,0.8121,0.8164,37119411.0,1.0,0.0
2017-03-06,0.8571,0.882,0.8529,0.881,35150816.0,1.0,0.0
2017-03-07,1.0593,1.0789,1.049,1.077,16188515.0,1.0,0.0
2017-03-08,1.1137,1.1377,1.1029,1.1335,44315749.0,1.0,0.0
2017-03-09,1.0517,1.0553,1.0361,1.0386,32421844.0,1.0,0.0
2017-03-10,0.811,0.8197,0.7877,0.7891,26032942.0,1.0,0.0
2017-03-13,0.7205,0.7302,0.7052,0.7127,43062800.0,1.0,0.0
2017-03-14,0.755,0.7724,0.7504,0.77,46323194.0,1.0,0.0
2017-03-15,0.7419,0.7486,0.7402,0.7478,30160835.0,1.0,0.0
2017-03-16,0.7319,0.7338,0.7184,0.72,14987007.0,1.0,0.0
2017-03-17,0.7631,0.7689,0.7556,0.7558,25445175.0,1.0,0.0
2017-03-20,0.7033,0.7203,0.6991,0.7203,35470570.0,1.0,0.0
2017-03-21,0.6376,0.6436,0.6332,0.6342,5011438.0,1.0,0.0
2017-03-22,0.5605,0.5626,0.5555,0.5568,7130505.0,1.0,0.0
2017-03-23,0.5164,0.5183,0.5125,0.5159,3937676.0,1.0,0.0
2017-03-24,0.5581,0.581,0.557,0.5782,16845726.0,1.0,0.0
2017-03-27,0.567,0.5682,0.5649,0.567,12708462.0,1.0,0.0
2017-03-28,0.5373,0.5438,0.5357,0.5421,49094834.0,1.0,0.0
2017-03-29,0.545,0.5481,0.5392,0.5435,4519529.0,1.0,0.0
2017-03-30,0.5085,0.5126,0.5068,0.5117,33260168.0,1.0,0.0
2017-03-31,0.5267,0.5431,0.521,0.5375,18207009.0,1.0,0.0
2017-04-03,0.5984,0.6041,0.5979,0.6031,25714004.0,1.0,0.0
2017-04-04,0.6409,0.6436,0.6321,0.6363,14230101.0,1.0,0.0
2017-04-05,0.6595,0.6711,0.6517,0.6551,1433812.0,1.0,0.0
2017-04-06,0.6566,0.657,0.631,0.6412,44809991.0,1.0,0.0
2017-04-07,0.6185,0.6275,0.6165,0.6262,46148097.0,1.0,0.0
2017-04-10,0.6349,0.6349,0.6272,0.632,24799265.0,1.0,0.0
2017-04-11,0.6201,0.6337,0.6085,0.6271,44792251.0,1.0,0.0
2017-04-12,0.617,0.6208,0.6147,0.617,38791899.0,1.0,0.0
2017-04-13,0.5867,0.59,0.5678,0.5712,28654799.0,1.0,0.0
2017-04-17,0.5682,0.5729,0.5551,0.5591,5213691.0,1.0,0.0
2017-04-18,0.5515,0.5535,0.5389,0.5404,29006297.0,1.0,0.0
2017-04-19,0.5364,0.5399,0.5329,0.5335,31683926.0,1.0,0.0
2017-04-20,0.463,0.4744,0.4597,0.471,10848955.0,1.0,0.0
2017-04-21,0.4628,0.4639,0.4524,0.4529,42738890.0,1.0,0.0
2017-04-24,0.4432,0.4521,0.441,0.4516,1670666.0,1.0,0.0
2017-04-25,0.4669,0.4717,0.4667,0.4696,24962420.0,1.0,0.0
2017-04-26,0.5186,0.5496,0.5145,0.545,22492859.0,1.0,0.0
2017-04-27,0.4954,0.4976,0.4947,0.4962,13832534.0,1.0,0.0
2017-04-28,0.5115,0.5159,0.4971,0.4992,25584591.0,1.0,0.0
2017-05-01,0.5245,0.5305,0.5015,0.5069,23383444.0,1.0,0.0
2017-05-02,0.5185,0.5188,0.5164,0.5184,6693428.0,1.0,0.0
2017-05-03,0.5253,0.5623,0.5221,0.5579,5748641.0,1.0,0.0
2017-05-04,0.5959,0.602,0.5799,0.5804,41662483.0,1.0,0.0
2017-05-05,0.5753,0.5758,0.5727,0.5738,44590663.0,1.0,0.0
2017-05-08,0.572,0.5733,0.5678,0.5683,33774567.0,1.0,0.0
2017-05-09,0.5604,0.5667,0.5579,0.5622,3484440.0,1.0,0.0
2017-05-10,0.534,0.5353,0.5288,0.5328,16091487.0,1.0,0.0
2017-05-11,0.4993,0.5,0.4917,0.4943,39368269.0,1.0,0.0
2017-05-12,0.501,0.51,0.4822,0.4834,32204177.0,1.0,0.0
2017-05-15,0.475,0.4777,0.4722,0.4765,20484109.0,1.0,0.0
2017-05-16,0.5016,0.5033,0.49,0.4953,37463858.0,1.0,0.0
2017-05-17,0.4841,0.486,0.4706,0.4766,34089131.0,1.0,0.0
2017-05-18,0.5001,0.5152,0.497,0.5129,40992924.0,1.0,0.0
2017-05-19,0.4798,0.4897,0.4786,0.4835,9237632.0,1.0,0.0
2017-05-22,0.4905,0.4944,0.4891,0.4899,28972163.0,1.0,0.0
2017-05-23,0.5078,0.51,0.4952,0.4957,40718513.0,1.0,0.0
2017-05-24,0.5166,0.5244,0.5111,0.5226,23272582.0,1.0,0.0
2017-05-25,0.5269,0.5353,0.5129,0.515,42547405.0,1.0,0.0
2017-05-26,0.5085,0.5235,0.5078,0.5166,45116579.0,1.0,0.0
2017-05-30,0.6042,0.6101,0.5927,0.6007,20743989.0,1.0,0.0
2017-05-31,0.6304,0.6307,0.6262,0.6278,7782710.0,1.0,0.0
2017-06-01,0.6398,0.6455,0.6284,0.6333,30312635.0,1.0,0.0
2017-06-02,0.6144,0.6222,0.5972,0.6077,10364500.0,1.0,0.0
2017-06-05,0.6119,0.6158,0.6099,0.6154,3573778.0,1.0,0.0
2017-06-06,0.5896,0.5961,0.5889,0.5935,40622871.0,1.0,0.0
2017-06-07,0.6012,0.609,0.5991,0.6061,16540489.0,1.0,0.0
2017-06-08,0.5889,0.595,0.5814,0.5822,43461965.0,1.0,0.0
2017-06-09,0.5801,0.5854,0.5756,0.5792,38528343.0,1.0,0.0
2017-06-12,0.5677,0.571,0.5477,0.5534,17053782.0,1.0,0.0
2017-06-13,0.543,0.55,0.5379,0.5413,1100708.0,1.0,0.0
2017-06-14,0.5227,0.5345,0.5209,0.5316,19097450.0,1.0,0.0
2017-06-15,0.5339,0.5352,0.5323,0.5339,10474918.0,1.0,0.0
2017-06-16,0.4922,0.4952,0.4824,0.4845,43232430.0,1.0,0.0
2017-06-19,0.4861,0.4931,0.482,0.4854,39334567.0,1.0,0.0
2017-06-20,0.4994,0.5018,0.4957,0.4991,20061912.0,1.0,0.0
2017-06-21,0.499,0.499,0.4941,0.4947,7888491.0,1.0,0.0
2017-06-22,0.4795,0.4901,0.4768,0.4892,42466643.0,1.0,0.0
2017-06-23,0.504,0.5286,0.5038,0.5234,24483792.0,1.0,0.0
2017-06-26,0.4961,0.501,0.4943,0.4972,15847413.0,1.0,0.0
2017-06-27,0.4912,0.4944,0.4901,0.4932,44055901.0,1.0,0.0
2017-06-28,0.4826,0.4873,0.4758,0.4787,16473026.0,1.0,0.0
2017-06-29,0.5008,0.5021,0.4942,0.4986,47946926.0,1.0,0.0
2017-06-30,0.551,0.554,0.5396,0.543,14279246.0,1.0,0.0
2017-07-03,0.6133,0.6179,0.6116,0.6163,38774886.0,1.0,0.0
2017-07-05,0.6477,0.6554,0.6446,0.6524,37755367.0,1.0,0.0
2017-07-06,0.6573,0.6632,0.6521,0.6535,19485033.0,1.0,0.0
2017-07-07,0.6746,0.6785,0.6731,0.6747,42384439.0,1.0,0.0
2017-07-10,0.6958,0.6975,0.6831,0.6852,37694172.0,1.0,0.0
2017-07-11,0.6741,0.6879,0.6732,0.685,4746262.0,1.0,0.0
2017-07-12,0.7066,0.7081,0.6949,0.701,11750540.0,1.0,0.0
2017-07-13,0.6864,0.7005,0.6855,0.6996,2994028.0,1.0,0.0
2017-07-14,0.6926,0.7163,0.6838,0.7088,35369263.0,1.0,0.0
2017-07-17,0.6783,0.6835,0.6692,0.6723,10637202.0,1.0,0.0
2017-07-18,0.6938,0.6995,0.6743,0.6839,34855906.0,1.0,0.0
2017-07-19,0.7509,0.7643,0.7503,0.755,33262712.0,1.0,0.0
2017-07-20,0.7672,0.7803,0.7636,0.7784,19033336.0,1.0,0.0
2017-07-21,0.7688,0.7779,0.7654,0.7709,43808031.0,1.0,0.0
2017-07-24,0.7761,0.8029,0.7735,0.7976,15517063.0,1.0,0.0
2017-07-25,0.7983,0.804,0.7969,0.8006,33883181.0,1.0,0.0
2017-07-26,0.8397,0.8474,0.8366,0.8406,10245972.0,1.0,0.0
2017-07-27,0.839,0.8398,0.8252,0.8291,15082363.0,1.0,0.0
2017-07-28,0.8232,0.8328,0.8208,0.828,25504350.0,1.0,0.0
2017-07-31,0.8096,0.8099,0.7969,0.8058,39534154.0,1.0,0.0
2017-08-01,0.7994,0.8064,0.7824,0.7831,42001752.0,1.0,0.0
2017-08-02,0.7877,0.7889,0.7636,0.7685,38458100.0,1.0,0.0
2017-08-03,0.7912,0.8156,0.7842,0.8108,22820349.0,1.0,0.0
2017-08-04,0.7955,0.814,0.7833,0.8105,25892511.0,1.0,0.0
2017-08-07,0.7825,0.7852,0.7538,0.7559,3689567.0,1.0,0.0
2017-08-08,0.7327,0.755,0.7281,0.7494,47902544.0,1.0,0.0
2017-08-09,0.7695,0.7998,0.7671,0.7961,14938575.0,1.0,0.0
2017-08-10,0.7852,0.7938,0.7834,0.7837,2240292.0,1.0,0.0
2017-08-11,0.7897,0.8199,0.7896,0.8173,30779552.0,1.0,0.0
2017-08-14,0.7749,0.778,0.7426,0.7461,21059616.0,1.0,0.0
2017-08-15,0.7515,0.754,0.744,0.7499,34929091.0,1.0,0.0
2017-08-16,0.7471,0.7598,0.7466,0.7547,36433136.0,1.0,0.0
2017-08-17,0.7502,0.7577,0.7481,0.7534,16723325.0,1.0,0.0
2017-08-18,0.7514,0.769,0.7504,0.7615,43554807.0,1.0,0.0
2017-08-21,0.7756,0.7824,0.7606,0.7644,37229577.0,1.0,0.0
2017-08-22,0.7451,0.7486,0.7377,0.7477,24212707.0,1.0,0.0
2017-08-23,0.7277,0.7332,0.7068,0.7115,42919566.0,1.0,0.0
2017-08-24,0.7327,0.7332,0.7309,0.7321,32787569.0,1.0,0.0
2017-08-25,0.7311,0.7313,0.7138,0.7162,13275708.0,1.0,0.0
2017-08-28,0.7439,0.7445,0.735,0.7418,45695141.0,1.0,0.0
2017-08-29,0.7523,0.7527,0.7342,0.7386,25356463.0,1.0,0.0
2017-08-30,0.7419,0.7436,0.7159,0.7226,18491724.0,1.0,0.0
2017-08-31,0.7216,0.7289,0.7196,0.7241,21994566.0,1.0,0.0
2017-09-01,0.7489,0.7734,0.739,0.7723,3799531.0,1.0,0.0
2017-09-05,0.796,0.8032,0.7832,0.7893,47334833.0,1.0,0.0
2017-09-06,0.7954,0.8025,0.787,0.7882,36668004.0,1.0,0.0
2017-09-07,0.7841,0.7857,0.7645,0.7675,41400672.0,1.0,0.0
2017-09-08,0.7575,0.7608,0.7386,0.759,5778426.0,1.0,0.0
2017-09-11,0.7434,0.7572,0.7406,0.7519,30117922.0,1.0,0.0
2017-09-12,0.7646,0.7667,0.7347,0.7417,38343731.0,1.0,0.0
2017-09-13,0.7351,0.7428,0.7275,0.7384,35242104.0,1.0,0.0
2017-09-14,0.7461,0.7696,0.745,0.7625,20386593.0,1.0,0.0
2017-09-15,0.8392,0.8407,0.8166,0.8307,34621848.0,1.0,0.0
2017-09-18,0.8557,0.8608,0.8466,0.8567,17012106.0,1.0,0.0
2017-09-19,0.7857,0.788,0.7659,0.7761,48739839.0,1.0,0.0
2017-09-20,0.7782,0.8054,0.7757,0.8052,35676676.0,1.0,0.0
2017-09-21,0.7572,0.7842,0.7545,0.7797,25089945.0,1.0,0.0
2017-09-22,0.7805,0.797,0.7735,0.7937,34836057.0,1.0,0.0
2017-09-25,0.7952,0.8031,0.7932,0.7982,45855835.0,1.0,0.0
2017-09-26,0.7808,0.7843,0.7693,0.7719,48687891.0,1.0,0.0
2017-09-27,0.7727,0.7797,0.7374,0.7397,29554257.0,1.0,0.0
2017-09-28,0.6719,0.6732,0.6615,0.6617,3808522.0,1.0,0.0
2017-09-29,0.684,0.6897,0.6741,0.6785,26785405.0,1.0,0.0
2017-10-02,0.6671,0.6751,0.6648,0.672,22100711.0,1.0,0.0
2017-10-03,0.6368,0.6437,0.6262,0.6263,43688553.0,1.0,0.0
2017-10-04,0.5954,0.6076,0.59,0.6017,39103862.0,1.0,0.0
2017-10-05,0.5909,0.5925,0.5832,0.5916,8662700.0,1.0,0.0
2017-10-06,0.5689,0.576,0.5626,0.5696,8182236.0,1.0,0.0
2017-10-09,0.5852,0.5878,0.5803,0.582,35509025.0,1.0,0.0
2017-10-10,0.5704,0.576,0.5574,0.558,44518651.0,1.0,0.0
2017-10-11,0.5522,0.5826,0.5516,0.5794,21517637.0,1.0,0.0
2017-10-12,0.5692,0.5895,0.5688,0.5842,10854128.0,1.0,0.0
2017-10-13,0.5951,0.5972,0.5727,0.5818,26347172.0,1.0,0.0
2017-10-16,0.6078,0.6185,0.5964,0.6002,43887371.0,1.0,0.0
2017-10-17,0.5715,0.5756,0.5468,0.5514,41512666.0,1.0,0.0
2017-10-18,0.5539,0.5729,0.5474,0.5722,29037894.0,1.0,0.0
2017-10-19,0.5754,0.5895,0.5742,0.5876,17755608.0,1.0,0.0
2017-10-20,0.6017,0.6406,0.6012,0.6399,47591824.0,1.0,0.0
2017-10-23,0.6437,0.6555,0.6426,0.6492,6327436.0,1.0,0.0
2017-10-24,0.6357,0.6525,0.6329,0.6508,12077499.0,1.0,0.0
2017-10-25,0.6558,0.6644,0.6438,0.6445,16715158.0,1.0,0.0
2017-10-26,0.6799,0.6904,0.6755,0.6861,25138735.0,1.0,0.0
2017-10-27,0.7262,0.7484,0.717,0.7446,38528787.0,1.0,0.0
2017-10-30,0.7348,0.7548,0.734,0.7502,2406836.0,1.0,0.0
2017-10-31,0.7576,0.7645,0.7436,0.7469,22655412.0,1.0,0.0
2017-11-01,0.7553,0.7638,0.7124,0.7158,10178921.0,1.0,0.0
2017-11-02,0.7381,0.7551,0.7374,0.7432,38543398.0,1.0,0.0
2017-11-03,0.733,0.7411,0.7227,0.7377,19411627.0,1.0,0.0
2017-11-06,0.7137,0.7186,0.7083,0.7148,28327683.0,1.0,0.0
2017-11-07,0.7167,0.7168,0.7024,0.7038,46385002.0,1.0,0.0
2017-11-08,0.7075,0.7076,0.6966,0.6967,14006653.0,1.0,0.0
2017-11-09,0.7039,0.7093,0.6981,0.6989,46394065.0,1.0,0.0
2017-11-10,0.6912,0.698,0.663,0.6679,36860649.0,1.0,0.0
2017-11-13,0.6791,0.6847,0.6789,0.6843,43461619.0,1.0,0.0
2017-11-14,0.7079,0.7104,0.6986,0.7026,48748223.0,1.0,0.0
2017-11-15,0.7045,0.7045,0.687,0.6874,42569082.0,1.0,0.0
2017-11-16,0.6841,0.6978,0.6805,0.6969,30310869.0,1.0,0.0
2017-11-17,0.7081,0.7175,0.7053,0.7122,18983289.0,1.0,0.0
2017-11-20,0.7252,0.7255,0.7022,0.7087,29315072.0,1.0,0.0
2017-11-21,0.713,0.7155,0.6822,0.6875,28648910.0,1.0,0.0
2017-11-22,0.67,0.6798,0.6557,0.6606,11016615.0,1.0,0.0
2017-11-24,0.6743,0.6767,0.6527,0.658,34880084.0,1.0,0.0
2017-11-27,0.6633,0.6715,0.6491,0.6538,44170704.0,1.0,0.0
2017-11-28,0.6573,0.6593,0.6445,0.6468,25865921.0,1.0,0.0
2017-11-29,0.6494,0.6628,0.6486,0.6628,44813537.0,1.0,0.0
2017-11-30,0.6658,0.6714,0.6494,0.6538,48549751.0,1.0,0.0
2017-12-01,0.6418,0.6455,0.6384,0.64,16814674.0,1.0,0.0
2017-12-04,0.6428,0.6429,0.6213,0.6254,33132452.0,1.0,0.0
2017-12-05,0.6218,0.6252,0.5993,0.6075,20129959.0,1.0,0.0
2017-12-06,0.6112,0.6117,0.5886,0.5928,5682596.0,1.0,0.0
2017-12-07,0.59,0.5901,0.5607,0.5675,35862213.0,1.0,0.0
2017-12-08,0.5608,0.5651,0.5589,0.561,36886197.0,1.0,0.0
2017-12-11,0.5645,0.5687,0.5489,0.5512,48331599.0,1.0,0.0
2017-12-12,0.5607,0.5631,0.5528,0.5622,32262830.0,1.0,0.0
2017-12-13,0.5645,0.5932,0.5627,0.5892,9063289.0,1.0,0.0
2017-12-14,0.5947,0.607,0.586,0.5899,21447407.0,1.0,0.0
2017-12-15,0.5821,0.5835,0.5741,0.5774,48483153.0,1.0,0.0
2017-12-18,0.584,0.5907,0.5761,0.5804,29637449.0,1.0,0.0
2017-12-19,0.5736,0.5742,0.5574,0.5582,4081381.0,1.0,0.0
2017-12-20,0.5621,0.569,0.5573,0.562,19523121.0,1.0,0.0
2017-12-21,0.5571,0.5588,0.5409,0.5489,26018249.0,1.0,0.0
2017-12-22,0.5557,0.5565,0.5427,0.5454,27271812.0,1.0,0.0
2017-12-26,0.5376,0.5403,0.5307,0.531,47803855.0,1.0,0.0
2017-12-27,0.5315,0.5403,0.5147,0.5173,3150334.0,1.0,0.0
2017-12-28,0.5266,0.5453,0.5243,0.538,24340666.0,1.0,0.0
2017-12-29,0.5285,0.5315,0.5094,0.5101,11827029.0,1.0,0.0
2018-01-02,0.5066,0.51,0.5004,0.5049,22021616.0,1.0,0.0
2018-01-03,0.5084,0.5173,0.5008,0.512,46031612.0,1.0,0.0
2018-01-04,0.5037,0.5108,0.4947,0.4975,33683375.0,1.0,0.0
2018-01-05,0.4834,0.4915,0.4767,0.4796,25005718.0,1.0,0.0
2018-01-08,0.4769,0.4894,0.472,0.4871,40808228.0,1.0,0.0
2018-01-09,0.4929,0.4958,0.4771,0.4824,29599623.0,1.0,0.0
2018-01-10,0.4958,0.5128,0.4944,0.5103,8997929.0,1.0,0.0
2018-01-11,0.5203,0.5288,0.5146,0.5284,18980732.0,1.0,0.0
2018-01-12,0.5202,0.5226,0.5099,0.5132,39428691.0,1.0,0.0
2018-01-16,0.5101,0.5113,0.5032,0.5103,31051357.0,1.0,0.0
2018-01-17,0.5063,0.5127,0.4881,0.4932,43881457.0,1.0,0.0
2018-01-18,0.4962,0.5133,0.4947,0.508,20061018.0,1.0,0.0
2018-01-19,0.507,0.5071,0.4989,0.5057,40993013.0,1.0,0.0
2018-01-22,0.5037,0.5056,0.5037,0.5052,5320351.0,1.0,0.0
2018-01-23,0.5144,0.5187,0.5103,0.5113,45451135.0,1.0,0.0
2018-01-24,0.5039,0.5059,0.5023,0.5054,15027022.0,1.0,0.0
2018-01-25,0.5056,0.5084,0.5021,0.5082,48146409.0,1.0,0.0
2018-01-26,0.5071,0.5084,0.5052,0.5072,17223341.0,1.0,0.0
2018-01-29,0.5177,0.5264,0.5088,0.5205,25556917.0,1.0,0.0
2018-01-30,0.5137,0.5313,0.5137,0.5249,40779451.0,1.0,0.0
2018-01-31,0.5108,0.5144,0.494,0.5019,13053172.0,1.0,0.0
2018-02-01,0.4977,0.4993,0.4931,0.4984,49896036.0,1.0,0.0
2018-02-02,0.491,0.493,0.4743,0.4783,35786922.0,1.0,0.0
2018-02-05,0.4946,0.498,0.4818,0.487,12309282.0,1.0,0.0
2018-02-06,0.4929,0.4945,0.4901,0.4944,41060335.0,1.0,0.0
2018-02-07,0.4886,0.4923,0.467,0.4711,38679518.0,1.0,0.0
2018-02-08,0.4714,0.4883,0.4683,0.4867,42385141.0,1.0,0.0
2018-02-09,0.4957,0.5021,0.4954,0.4962,1433902.0,1.0,0.0
2018-02-12,0.502,0.5075,0.5,0.5049,12237268.0,1.0,0.0
2018-02-13,0.5058,0.5089,0.4949,0.5002,41272638.0,1.0,0.0
2018-02-14,0.4953,0.5039,0.4921,0.4999,29349419.0,1.0,0.0
2018-02-15,0.4963,0.4982,0.4902,0.492,41976669.0,1.0,0.0
2018-02-16,0.5002,0.5009,0.4978,0.4989,47572942.0,1.0,0.0
2018-02-20,0.4965,0.5075,0.4894,0.506,30135964.0,1.0,0.0
2018-02-21,0.5059,0.5288,0.5044,0.5238,49057430.0,1.0,0.0
2018-02-22,0.5105,0.5149,0.475,0.4764,47672960.0,1.0,0.0
2018-02-23,0.4816,0.4898,0.4807,0.4876,10746903.0,1.0,0.0
2018-02-26,0.4928,0.5076,0.4908,0.5041,36441678.0,1.0,0.0
2018-02-27,0.5148,0.515,0.5132,0.514,15879273.0,1.0,0.0
2018-02-28,0.5128,0.5164,0.5069,0.5076,47758715.0,1.0,0.0
2018-03-01,0.5119,0.5174,0.5075,0.517,1089465.0,1.0,0.0
2018-03-02,0.5123,0.5287,0.5109,0.5259,4647449.0,1.0,0.0
2018-03-05,0.5207,0.5281,0.5185,0.5266,9517627.0,1.0,0.0
2018-03-06,0.537,0.5427,0.5316,0.5325,29110277.0,1.0,0.0
2018-03-07,0.5374,0.5417,0.5364,0.5364,18847300.0,1.0,0.0
2018-03-08,0.5316,0.5397,0.5309,0.5373,25905132.0,1.0,0.0
2018-03-09,0.5388,0.5434,0.5355,0.5356,24025063.0,1.0,0.0
2018-03-12,0.527,0.5482,0.5246,0.5476,40365999.0,1.0,0.0
2018-03-13,0.5569,0.5597,0.55,0.553,19609783.0,1.0,0.0
2018-03-14,0.5485,0.5676,0.5482,0.5623,29885075.0,1.0,0.0
2018-03-15,0.5672,0.575,0.56,0.5656,29277596.0,1.0,0.0
2018-03-16,0.5597,0.5844,0.5597,0.5807,12271610.0,1.0,0.0
2018-03-19,0.589,0.6179,0.5878,0.617,8400508.0,1.0,0.0
2018-03-20,0.6117,0.6327,0.6109,0.6302,15968957.0,1.0,0.0
2018-03-21,0.6264,0.6318,0.6248,0.6301,41406688.0,1.0,0.0
2018-03-22,0.6366,0.6539,0.6347,0.6521,42109557.0,1.0,0.0
2018-03-23,0.6539,0.6638,0.6522,0.6623,4680351.0,1.0,0.0
2018-03-26,0.6551,0.6617,0.6478,0.648,44098916.0,1.0,0.0
2018-03-27,0.6586,0.6733,0.6474,0.6707,9682755.0,1.0,0.0
2018-03-28,0.6732,0.6758,0.6388,0.642,16461406.0,1.0,0.0
2018-03-29,0.6439,0.669,0.6419,0.6601,49667416.0,1.0,0.0
2018-04-02,0.6588,0.6682,0.6521,0.6632,10291242.0,1.0,0.0
2018-04-03,0.6484,0.665,0.6461,0.659,24162060.0,1.0,0.0
2018-04-04,0.6595,0.6759,0.6593,0.6702,2105333.0,1.0,0.0
2018-04-05,0.6636,0.6773,0.6618,0.6766,8477864.0,1.0,0.0
2018-04-06,0.6792,0.6842,0.6789,0.6842,38382499.0,1.0,0.0
2018-04-09,0.6687,0.6851,0.6667,0.6823,26694072.0,1.0,0.0
2018-04-10,0.6865,0.687,0.6794,0.6823,38764392.0,1.0,0.0
2018-04-11,0.6831,0.6861,0.6577,0.6665,29295959.0,1.0,0.0
2018-04-12,0.6623,0.6661,0.6419,0.6442,21816546.0,1.0,0.0
2018-04-13,0.636,0.6454,0.6356,0.6395,13398310.0,1.0,0.0
2018-04-16,0.6532,0.6608,0.6475,0.6603,15151714.0,1.0,0.0
2018-04-17,0.6644,0.665,0.6539,0.6542,4770229.0,1.0,0.0
2018-04-18,0.6558,0.6665,0.6436,0.6642,44439228.0,1.0,0.0
2018-04-19,0.6561,0.6621,0.6502,0.6595,38313475.0,1.0,0.0
2018-04-20,0.655,0.6643,0.6453,0.6504,42561933.0,1.0,0.0
2018-04-23,0.6332,0.6407,0.6204,0.6268,12470358.0,1.0,0.0
2018-04-24,0.624,0.6388,0.6223,0.6345,3529391.0,1.0,0.0
2018-04-25,0.6339,0.6482,0.631,0.6414,31195239.0,1.0,0.0
2018-04-26,0.639,0.6463,0.635,0.6451,16491546.0,1.0,0.0
2018-04-27,0.6388,0.6396,0.632,0.6339,13919504.0,1.0,0.0
2018-04-30,0.6446,0.6498,0.6274,0.6326,1730760.0,1.0,0.0
2018-05-01,0.6352,0.6392,0.6107,0.6147,25966714.0,1.0,0.0
2018-05-02,0.6185,0.6201,0.6013,0.6081,31380026.0,1.0,0.0
2018-05-03,0.6036,0.6195,0.6013,0.6189,1993516.0,1.0,0.0
2018-05-04,0.6116,0.6186,0.5931,0.5941,48918478.0,1.0,0.0
2018-05-07,0.6102,0.6135,0.6064,0.6108,37461413.0,1.0,0.0
2018-05-08,0.6373,0.6487,0.6373,0.647,14438203.0,1.0,0.0
2018-05-09,0.6439,0.6524,0.6391,0.6481,49761964.0,1.0,0.0
2018-05-10,0.6307,0.6389,0.6284,0.6384,20537929.0,1.0,0.0
2018-05-11,0.6437,0.6501,0.6399,0.6457,9259801.0,1.0,0.0
2018-05-14,0.6372,0.6518,0.6363,0.6466,27347445.0,1.0,0.0
2018-05-15,0.6617,0.692,0.6544,0.6786,18351885.0,1.0,0.0
2018-05-16,0.6859,0.6934,0.6833,0.6905,31338094.0,1.0,0.0
2018-05-17,0.7003,0.7171,0.6999,0.7111,43955366.0,1.0,0.0
2018-05-18,0.7068,0.7291,0.7038,0.7247,29553462.0,1.0,0.0
2018-05-21,0.732,0.7404,0.7074,0.712,39876953.0,1.0,0.0
2018-05-22,0.7103,0.7133,0.6891,0.697,39875303.0,1.0,0.0
2018-05-23,0.7195,0.7307,0.6937,0.6975,25058300.0,1.0,0.0
2018-05-24,0.693,0.698,0.6737,0.6745,44895923.0,1.0,0.0
2018-05-25,0.6838,0.6998,0.6795,0.6974,33890936.0,1.0,0.0
2018-05-29,0.7002,0.7243,0.685,0.7186,43624123.0,1.0,0.0
2018-05-30,0.729,0.7417,0.7266,0.7296,1186404.0,1.0,0.0
2018-05-31,0.7314,0.735,0.7205,0.728,26921035.0,1.0,0.0
2018-06-01,0.7234,0.7249,0.7097,0.7139,27018875.0,1.0,0.0
2018-06-04,0.6991,0.7058,0.6957,0.6975,5498242.0,1.0,0.0
2018-06-05,0.696,0.7057,0.6881,0.7053,5453545.0,1.0,0.0
2018-06-06,0.701,0.7073,0.6966,0.698,22937581.0,1.0,0.0
2018-06-07,0.7016,0.7049,0.6909,0.6931,36571436.0,1.0,0.0
2018-06-08,0.6655,0.6703,0.64,0.6411,27098738.0,1.0,0.0
2018-06-11,0.6682,0.6731,0.6637,0.6655,45679660.0,1.0,0.0
2018-06-12,0.6894,0.7067,0.6865,0.6961,16187460.0,1.0,0.0
2018-06-13,0.7015,0.7533,0.6999,0.7409,40978580.0,1.0,0.0
2018-06-14,0.7374,0.7512,0.7312,0.7499,32043948.0,1.0,0.0
2018-06-15,0.7558,0.7776,0.7523,0.7768,29724977.0,1.0,0.0
2018-06-18,0.7575,0.8017,0.7484,0.8013,6902599.0,1.0,0.0
2018-06-19,0.8224,0.8231,0.8014,0.8085,22036546.0,1.0,0.0
2018-06-20,0.8078,0.8192,0.8051,0.8185,17421555.0,1.0,0.0
2018-06-21,0.8099,0.8179,0.7969,0.7989,28958594.0,1.0,0.0
2018-06-22,0.7975,0.8347,0.7952,0.8291,36244685.0,1.0,0.0
2018-06-25,0.8371,0.8665,0.8352,0.8571,2893591.0,1.0,0.0
2018-06-26,0.8389,0.8442,0.8298,0.8332,13717522.0,1.0,0.0
2018-06-27,0.8344,0.839,0.8231,0.8239,18491265.0,1.0,0.0
2018-06-28,0.8376,0.8552,0.8342,0.8464,37669898.0,1.0,0.0
2018-06-29,0.8478,0.8522,0.8398,0.8486,35502751.0,1.0,0.0
2018-07-02,0.8614,0.8835,0.848,0.8763,19712390.0,1.0,0.0
2018-07-03,0.8787,0.9075,0.8731,0.8949,21500508.0,1.0,0.0
2018-07-05,0.8915,0.8999,0.8714,0.8799,47967714.0,1.0,0.0
2018-07-06,0.876,0.8776,0.8587,0.8606,25915660.0,1.0,0.0
2018-07-09,0.8305,0.8315,0.8209,0.8232,3870708.0,1.0,0.0
2018-07-10,0.8269,0.8569,0.8239,0.8534,38759076.0,1.0,0.0
2018-07-11,0.8966,0.9415,0.8958,0.9324,35189937.0,1.0,0.0
2018-07-12,0.9312,0.9519,0.9232,0.949,36841288.0,1.0,0.0
2018-07-13,0.9409,0.9602,0.9398,0.9564,10340032.0,1.0,0.0
2018-07-16,0.9259,0.9352,0.9181,0.9298,20978058.0,1.0,0.0
2018-07-17,0.9072,0.9167,0.8855,0.8975,28562636.0,1.0,0.0
2018-07-18,0.898,0.9154,0.8878,0.9081,5740708.0,1.0,0.0
2018-07-19,0.8182,0.8508,0.8122,0.8485,9480708.0,1.0,0.0
2018-07-20,0.8569,0.8685,0.8542,0.8616,39647376.0,1.0,0.0
2018-07-23,0.9285,0.9355,0.8992,0.9038,31791510.0,1.0,0.0
2018-07-24,0.9494,0.9526,0.9319,0.9326,38330046.0,1.0,0.0
2018-07-25,0.9159,0.924,0.9147,0.9151,9021830.0,1.0,0.0
2018-07-26,0.8969,0.8989,0.8574,0.8659,42758572.0,1.0,0.0
2018-07-27,0.8533,0.8659,0.8481,0.8645,43734691.0,1.0,0.0
2018-07-30,0.8182,0.8234,0.8087,0.8127,27637394.0,1.0,0.0
2018-07-31,0.7875,0.8004,0.7846,0.7996,35826467.0,1.0,0.0
2018-08-01,0.7769,0.8029,0.7695,0.7963,13323738.0,1.0,0.0
2018-08-02,0.7776,0.7796,0.7592,0.767,3950745.0,1.0,0.0
2018-08-03,0.7419,0.76,0.7418,0.7511,20759668.0,1.0,0.0
2018-08-06,0.7732,0.7737,0.7637,0.7647,43534905.0,1.0,0.0
2018-08-07,0.742,0.7568,0.7368,0.7514,13878415.0,1.0,0.0
2018-08-08,0.7491,0.75,0.7447,0.7496,31389447.0,1.0,0.0
2018-08-09,0.7455,0.7476,0.7302,0.7319,40624235.0,1.0,0.0
2018-08-10,0.7452,0.7696,0.7416,0.7674,26222877.0,1.0,0.0
2018-08-13,0.7949,0.8169,0.7949,0.8154,31252799.0,1.0,0.0
2018-08-14,0.8092,0.8181,0.7894,0.7911,31090396.0,1.0,0.0
2018-08-15,0.7809,0.7852,0.7785,0.7823,17280945.0,1.0,0.0
2018-08-16,0.7722,0.7781,0.7546,0.7666,34125017.0,1.0,0.0
2018-08-17,0.7793,0.8085,0.7759,0.8065,9151236.0,1.0,0.0
2018-08-20,0.8133,0.8143,0.7934,0.8004,36953551.0,1.0,0.0
2018-08-21,0.8083,0.8156,0.8001,0.8022,4649225.0,1.0,0.0
2018-08-22,0.8262,0.8307,0.8161,0.8214,16255977.0,1.0,0.0
2018-08-23,0.7987,0.7992,0.7906,0.7962,16681456.0,1.0,0.0
2018-08-24,0.8079,0.8217,0.807,0.8188,13384802.0,1.0,0.0
2018-08-27,0.8563,0.8685,0.8522,0.8547,11430811.0,1.0,0.0
2018-08-28,0.8742,0.882,0.8708,0.8818,1015260.0,1.0,0.0
2018-08-29,0.9041,0.9071,0.9001,0.9037,6408670.0,1.0,0.0
2018-08-30,0.9013,0.9026,0.8943,0.8996,44845492.0,1.0,0.0
2018-08-31,0.9075,0.9142,0.8968,0.8971,18718483.0,1.0,0.0
2018-09-04,0.8672,0.9042,0.8623,0.8917,38935218.0,1.0,0.0
2018-09-05,0.8811,0.8825,0.867,0.8738,29896573.0,1.0,0.0
2018-09-06,0.8994,0.9291,0.8937,0.9262,7299348.0,1.0,0.0
2018-09-07,0.9785,0.999,0.9769,0.9973,8857982.0,1.0,0.0
2018-09-10,1.047,1.0698,1.0363,1.0592,2653557.0,1.0,0.0
2018-09-11,1.1087,1.1192,1.0806,1.0935,34322447.0,1.0,0.0
2018-09-12,1.0941,1.1117,1.0911,1.0951,34032509.0,1.0,0.0
2018-09-13,1.0187,1.0236,1.0073,1.0211,10704331.0,1.0,0.0
2018-09-14,0.975,0.9806,0.9223,0.9256,27834881.0,1.0,0.0
2018-09-17,0.9443,0.9524,0.9399,0.9429,34344016.0,1.0,0.0
2018-09-18,0.9347,0.9525,0.934,0.9476,43208155.0,1.0,0.0
2018-09-19,0.8871,0.8894,0.8632,0.8709,23689173.0,1.0,0.0
2018-09-20,0.8792,0.8924,0.8785,0.8898,34006533.0,1.0,0.0
2018-09-21,0.888,0.9112,0.8861,0.9057,32324940.0,1.0,0.0
2018-09-24,0.8546,0.8558,0.8328,0.834,20989612.0,1.0,0.0
2018-09-25,0.8448,0.8544,0.8413,0.8512,47657346.0,1.0,0.0
2018-09-26,0.9216,0.9334,0.9204,0.9216,19573519.0,1.0,0.0
2018-09-27,0.9297,0.9304,0.9117,0.917,45531449.0,1.0,0.0
2018-09-28,0.9408,0.949,0.9398,0.9435,26132929.0,1.0,0.0
2018-10-01,0.946,0.9523,0.9295,0.9328,31942708.0,1.0,0.0
2018-10-02,0.9118,0.9295,0.9021,0.9214,18903587.0,1.0,0.0
2018-10-03,0.9665,0.9714,0.9415,0.9576,4173928.0,1.0,0.0
2018-10-04,0.9772,0.9813,0.9558,0.966,46740516.0,1.0,0.0
2018-10-05,0.9026,0.9042,0.8815,0.883,10873672.0,1.0,0.0
2018-10-08,0.8558,0.8615,0.8556,0.8583,5636512.0,1.0,0.0
2018-10-09,0.8338,0.8342,0.8228,0.8258,3213875.0,1.0,0.0
2018-10-10,0.8346,0.8364,0.8249,0.8275,46811648.0,1.0,0.0
2018-10-11,0.8392,0.8654,0.8316,0.8541,44683316.0,1.0,0.0
2018-10-12,0.8691,0.8789,0.8411,0.8414,25136509.0,1.0,0.0
2018-10-15,0.8673,0.8681,0.8568,0.8574,3348400.0,1.0,0.0
2018-10-16,0.8335,0.8417,0.8322,0.8344,38915732.0,1.0,0.0
2018-10-17,0.8625,0.868,0.8286,0.8349,28222266.0,1.0,0.0
2018-10-18,0.807,0.8166,0.8033,0.8067,7004786.0,1.0,0.0
2018-10-19,0.8074,0.8102,0.7926,0.8044,19434900.0,1.0,0.0
2018-10-22,0.8212,0.8284,0.8116,0.825,29290481.0,1.0,0.0
2018-10-23,0.8472,0.8603,0.8372,0.8519,14000341.0,1.0,0.0
2018-10-24,0.8419,0.8729,0.8341,0.8676,34358163.0,1.0,0.0
2018-10-25,0.85,0.888,0.8488,0.8766,15437960.0,1.0,0.0
2018-10-26,0.8808,0.8866,0.8575,0.8577,38200176.0,1.0,0.0
2018-10-29,0.8551,0.8758,0.8532,0.861,40235565.0,1.0,0.0
2018-10-30,0.8437,0.8465,0.834,0.8361,46078533.0,1.0,0.0
2018-10-31,0.8354,0.8485,0.8013,0.8094,24956617.0,1.0,0.0
2018-11-01,0.8413,0.8677,0.8371,0.8659,18178099.0,1.0,0.0
2018-11-02,0.8902,0.8963,0.8674,0.8738,24682951.0,1.0,0.0
2018-11-05,0.8108,0.8271,0.8067,0.8208,8335541.0,1.0,0.0
2018-11-06,0.803,0.8251,0.8016,0.8204,44397394.0,1.0,0.0
2018-11-07,0.7927,0.8057,0.792,0.7985,28205393.0,1.0,0.0
2018-11-08,0.7141,0.725,0.7123,0.7156,34251307.0,1.0,0.0
2018-11-09,0.7013,0.7042,0.6905,0.6941,4136262.0,1.0,0.0
2018-11-12,0.6862,0.6929,0.6685,0.6695,11648367.0,1.0,0.0
2018-11-13,0.6674,0.6746,0.6638,0.6739,8337465.0,1.0,0.0
2018-11-14,0.6747,0.6978,0.6745,0.6918,13930287.0,1.0,0.0
2018-11-15,0.6907,0.6956,0.6872,0.6936,49212058.0,1.0,0.0
2018-11-16,0.6959,0.6973,0.688,0.691,3423411.0,1.0,0.0
2018-11-19,0.6837,0.6847,0.657,0.6605,40086382.0,1.0,0.0
2018-11-20,0.6579,0.6604,0.643,0.6433,28723257.0,1.0,0.0
2018-11-21,0.6744,0.6892,0.6676,0.6881,32979036.0,1.0,0.0
2018-11-23,0.7293,0.7367,0.7267,0.7345,35813773.0,1.0,0.0
2018-11-26,0.7334,0.777,0.725,0.7694,49973648.0,1.0,0.0
2018-11-27,0.7891,0.7916,0.7689,0.7777,4693521.0,1.0,0.0
2018-11-28,0.7735,0.7898,0.7713,0.7873,14392601.0,1.0,0.0
2018-11-29,0.7835,0.7901,0.7769,0.7893,10519596.0,1.0,0.0
2018-11-30,0.7849,0.791,0.7815,0.791,29120948.0,1.0,0.0
2018-12-03,0.7951,0.8084,0.7866,0.8033,1426771.0,1.0,0.0
2018-12-04,0.7967,0.8094,0.7883,0.8065,19664871.0,1.0,0.0
2018-12-06,0.8176,0.8182,0.804,0.8068,26242081.0,1.0,0.0
2018-12-07,0.796,0.7962,0.7944,0.7946,15436593.0,1.0,0.0
2018-12-10,0.8088,0.811,0.7927,0.7968,1025908.0,1.0,0.0
2018-12-11,0.7906,0.8027,0.7885,0.7929,23142217.0,1.0,0.0
2018-12-12,0.7739,0.7825,0.7737,0.7809,48073514.0,1.0,0.0
2018-12-13,0.788,0.7916,0.7747,0.7751,36152127.0,1.0,0.0
2018-12-14,0.7949,0.796,0.7839,0.7953,28235829.0,1.0,0.0
2018-12-17,0.7631,0.7692,0.7459,0.7549,39806594.0,1.0,0.0
2018-12-18,0.7325,0.7403,0.7286,0.7333,38135660.0,1.0,0.0
2018-12-19,0.7587,0.7909,0.7581,0.7775,38762580.0,1.0,0.0
2018-12-20,0.7872,0.7892,0.7717,0.7769,43742271.0,1.0,0.0
2018-12-21,0.7767,0.7833,0.7523,0.7567,12162445.0,1.0,0.0
2018-12-24,0.7533,0.7562,0.7306,0.7381,26590835.0,1.0,0.0
2018-12-26,0.6768,0.678,0.6751,0.6759,12684763.0,1.0,0.0
2018-12-27,0.679,0.682,0.657,0.6599,42072779.0,1.0,0.0
2018-12-28,0.6469,0.6621,0.6434,0.6576,48107724.0,1.0,0.0
2018-12-31,0.6326,0.6419,0.6264,0.6409,29903002.0,1.0,0.0
2019-01-02,0.6478,0.6754,0.6437,0.6725,35574886.0,1.0,0.0
2019-01-03,0.6414,0.6623,0.6359,0.6534,26203958.0,1.0,0.0
2019-01-04,0.647,0.6648,0.6417,0.6586,36868951.0,1.0,0.0
2019-01-07,0.65,0.6528,0.6481,0.6485,48155721.0,1.0,0.0
2019-01-08,0.643,0.6468,0.6305,0.6342,27012103.0,1.0,0.0
2019-01-09,0.634,0.6362,0.6252,0.632,44652330.0,1.0,0.0
2019-01-10,0.7165,0.7209,0.7162,0.7181,6800148.0,1.0,0.0
2019-01-11,0.706,0.7192,0.7026,0.7164,31176743.0,1.0,0.0
2019-01-14,0.7043,0.7062,0.6978,0.7015,29626578.0,1.0,0.0
2019-01-15,0.7386,0.7422,0.7299,0.7368,34676472.0,1.0,0.0
2019-01-16,0.7201,0.7501,0.7096,0.7499,34977348.0,1.0,0.0
2019-01-17,0.7523,0.7699,0.7519,0.7671,33270154.0,1.0,0.0
2019-01-18,0.7752,0.7756,0.7621,0.7695,38832336.0,1.0,0.0
2019-01-22,0.8034,0.8303,0.8025,0.8173,11008086.0,1.0,0.0
2019-01-23,0.8295,0.8472,0.8228,0.846,36677173.0,1.0,0.0
2019-01-24,0.8622,0.8683,0.85,0.8525,11084555.0,1.0,0.0
2019-01-25,0.8273,0.8499,0.8268,0.8464,5305763.0,1.0,0.0
2019-01-28,0.8426,0.8546,0.8377,0.848,21079715.0,1.0,0.0
2019-01-29,0.8589,0.8877,0.8588,0.8767,44887144.0,1.0,0.0
2019-01-30,0.8656,0.87,0.8586,0.86,34538601.0,1.0,0.0
2019-01-31,0.8504,0.8534,0.8456,0.8521,21788781.0,1.0,0.0
2019-02-01,0.8331,0.8521,0.8233,0.8448,38316466.0,1.0,0.0
2019-02-04,0.8413,0.8433,0.8326,0.8364,29488421.0,1.0,0.0
2019-02-05,0.8373,0.8536,0.8281,0.8465,20986742.0,1.0,0.0
2019-02-06,0.8582,0.8645,0.8505,0.8609,13948455.0,1.0,0.0
2019-02-07,0.861,0.8711,0.8582,0.8681,42825187.0,1.0,0.0
2019-02-08,0.8425,0.8537,0.837,0.8465,13015114.0,1.0,0.0
2019-02-11,0.8536,0.8596,0.8491,0.8563,22079755.0,1.0,0.0
2019-02-12,0.8568,0.8592,0.8531,0.8543,45165422.0,1.0,0.0
2019-02-13,0.8414,0.8423,0.8141,0.8198,26742468.0,1.0,0.0
2019-02-14,0.829,0.8475,0.8266,0.8395,24867472.0,1.0,0.0
2019-02-15,0.8349,0.8421,0.8281,0.8393,8203195.0,1.0,0.0
2019-02-19,0.7958,0.8029,0.7929,0.8,17508720.0,1.0,0.0
2019-02-20,0.8017,0.8086,0.7981,0.7987,40937035.0,1.0,0.0
2019-02-21,0.7805,0.786,0.7579,0.7654,31103470.0,1.0,0.0
2019-02-22,0.7661,0.7731,0.7658,0.7727,24959617.0,1.0,0.0
2019-02-25,0.7777,0.7891,0.7742,0.7874,21287233.0,1.0,0.0
2019-02-26,0.8014,0.814,0.8005,0.8126,35894106.0,1.0,0.0
2019-02-27,0.7827,0.7853,0.7498,0.754,25010288.0,1.0,0.0
2019-02-28,0.7534,0.7644,0.7459,0.7635,26358111.0,1.0,0.0
2019-03-01,0.7658,0.7905,0.7653,0.7862,9420591.0,1.0,0.0
2019-03-04,0.7759,0.7852,0.7671,0.7773,9346085.0,1.0,0.0
2019-03-05,0.7889,0.7916,0.7725,0.7742,44933147.0,1.0,0.0
2019-03-06,0.773,0.7802,0.7642,0.7785,35674250.0,1.0,0.0
2019-03-07,0.7766,0.7991,0.7737,0.798,49138490.0,1.0,0.0
2019-03-08,0.8105,0.829,0.8097,0.8283,28430198.0,1.0,0.0
2019-03-11,0.824,0.8415,0.8145,0.8405,2797613.0,1.0,0.0
2019-03-12,0.8257,0.8312,0.7965,0.805,4584832.0,1.0,0.0
2019-03-13,0.8039,0.804,0.8019,0.8032,26956869.0,1.0,0.0
2019-03-14,0.7945,0.7958,0.7891,0.7957,12243762.0,1.0,0.0
2019-03-15,0.7933,0.8017,0.7922,0.8002,22362129.0,1.0,0.0
2019-03-18,0.8145,0.8226,0.8077,0.8212,47839591.0,1.0,0.0
2019-03-19,0.8062,0.81,0.7877,0.795,33288512.0,1.0,0.0
2019-03-20,0.8246,0.8489,0.8186,0.8456,6388785.0,1.0,0.0
2019-03-21,0.83,0.8414,0.8286,0.8339,17342097.0,1.0,0.0
2019-03-22,0.8419,0.8435,0.8262,0.8291,25990607.0,1.0,0.0
2019-03-25,0.8559,0.8742,0.8499,0.8675,11605671.0,1.0,0.0
2019-03-26,0.8563,0.8594,0.8385,0.8407,12763249.0,1.0,0.0
2019-03-27,0.8509,0.8575,0.8507,0.8557,42065871.0,1.0,0.0
2019-03-28,0.8459,0.8631,0.8415,0.8593,17585449.0,1.0,0.0
2019-03-29,0.8865,0.9058,0.885,0.8954,42209256.0,1.0,0.0
2019-04-01,0.8998,0.9006,0.8986,0.8994,49148308.0,1.0,0.0
2019-04-02,0.9424,0.9546,0.9381,0.9449,14240936.0,1.0,0.0
2019-04-03,0.9369,0.9399,0.936,0.9369,49366231.0,1.0,0.0
2019-04-04,0.9233,0.9262,0.9196,0.9221,31521567.0,1.0,0.0
2019-04-05,0.9131,0.919,0.8902,0.906,8155592.0,1.0,0.0
2019-04-08,0.8588,0.8692,0.8582,0.8661,46006638.0,1.0,0.0
2019-04-09,0.8572,0.8627,0.8263,0.8317,30309131.0,1.0,0.0
2019-04-10,0.8175,0.8368,0.8066,0.8276,3566139.0,1.0,0.0
2019-04-11,0.8326,0.8353,0.8249,0.8286,44883792.0,1.0,0.0
2019-04-12,0.8019,0.8051,0.7961,0.7994,49350556.0,1.0,0.0
2019-04-15,0.8125,0.8301,0.8125,0.8275,43259180.0,1.0,0.0
2019-04-16,0.834,0.8343,0.8179,0.822,7327325.0,1.0,0.0
2019-04-17,0.8146,0.8401,0.8068,0.8375,46377519.0,1.0,0.0
2019-04-18,0.8266,0.8336,0.8158,0.8334,39920830.0,1.0,0.0
2019-04-22,0.8507,0.875,0.8475,0.8643,19965483.0,1.0,0.0
2019-04-23,0.8817,0.8951,0.868,0.8919,47260085.0,1.0,0.0
2019-04-24,0.8632,0.8655,0.8598,0.862,7706981.0,1.0,0.0
2019-04-25,0.8543,0.8688,0.8497,0.8633,1888610.0,1.0,0.0
2019-04-26,0.8651,0.8723,0.8645,0.8702,10959400.0,1.0,0.0
2019-04-29,0.8953,0.9227,0.89,0.9216,21640639.0,1.0,0.0
2019-04-30,0.9331,0.9508,0.9295,0.9458,18563371.0,1.0,0.0
2019-05-01,0.9434,0.9443,0.933,0.9359,9237709.0,1.0,0.0
2019-05-02,0.9887,0.995,0.9841,0.9843,19173273.0,1.0,0.0
2019-05-03,0.9511,0.9539,0.9297,0.9348,24642251.0,1.0,0.0
2019-05-06,0.9339,0.9388,0.9229,0.9231,19084729.0,1.0,0.0
2019-05-07,0.9487,0.953,0.9191,0.9196,10531331.0,1.0,0.0
2019-05-08,0.8847,0.9138,0.8716,0.9072,22910006.0,1.0,0.0
2019-05-09,0.9065,0.9169,0.9046,0.9168,24506688.0,1.0,0.0
2019-05-10,0.8956,0.9051,0.8666,0.8748,30480067.0,1.0,0.0
2019-05-13,0.8867,0.8946,0.8862,0.8871,21355935.0,1.0,0.0
2019-05-14,0.8884,0.8888,0.8532,0.8608,30370567.0,1.0,0.0
2019-05-15,0.8267,0.8272,0.8235,0.8244,1750783.0,1.0,0.0
2019-05-16,0.8309,0.8319,0.7978,0.8034,42216082.0,1.0,0.0
2019-05-17,0.8082,0.814,0.8036,0.8072,16653924.0,1.0,0.0
2019-05-20,0.797,0.8168,0.7898,0.8119,8154406.0,1.0,0.0
2019-05-21,0.7982,0.8009,0.7683,0.779,12854557.0,1.0,0.0
2019-05-22,0.7802,0.7881,0.7652,0.7658,15766938.0,1.0,0.0
2019-05-23,0.7902,0.8067,0.785,0.8012,48359710.0,1.0,0.0
2019-05-24,0.8381,0.8482,0.8109,0.8163,43744482.0,1.0,0.0
2019-05-28,0.7842,0.7856,0.7687,0.7729,39644656.0,1.0,0.0
2019-05-29,0.7682,0.7862,0.7675,0.7795,44351763.0,1.0,0.0
2019-05-30,0.7852,0.7992,0.7815,0.796,13088977.0,1.0,0.0
2019-05-31,0.8151,0.8162,0.7959,0.7978,29609433.0,1.0,0.0
2019-06-03,0.7979,0.8042,0.792,0.8027,40993521.0,1.0,0.0
2019-06-04,0.8116,0.8257,0.8104,0.8211,42557929.0,1.0,0.0
2019-06-05,0.8041,0.8056,0.7909,0.7962,26584741.0,1.0,0.0
2019-06-06,0.7956,0.7959,0.7833,0.7897,43347314.0,1.0,0.0
2019-06-07,0.794,0.7947,0.7842,0.7862,5180798.0,1.0,0.0
2019-06-10,0.773,0.7735,0.7594,0.7615,17231876.0,1.0,0.0
2019-06-11,0.7395,0.7428,0.7394,0.7409,34115079.0,1.0,0.0
2019-06-12,0.7631,0.7719,0.7494,0.7506,28479714.0,1.0,0.0
2019-06-13,0.7741,0.7772,0.7701,0.7762,35834377.0,1.0,0.0
2019-06-14,0.7691,0.7815,0.7362,0.7403,4663974.0,1.0,0.0
2019-06-17,0.7376,0.7514,0.7293,0.7504,27753041.0,1.0,0.0
2019-06-18,0.7556,0.7686,0.7453,0.7611,38916343.0,1.0,0.0
2019-06-19,0.7312,0.7511,0.7307,0.7447,4739603.0,1.0,0.0
2019-06-20,0.7519,0.7525,0.7286,0.7338,7299534.0,1.0,0.0
2019-06-21,0.7534,0.7735,0.7525,0.761,11235021.0,1.0,0.0
2019-06-24,0.7503,0.7607,0.7373,0.7379,15865248.0,1.0,0.0
2019-06-25,0.7386,0.7388,0.732,0.7352,23434965.0,1.0,0.0
2019-06-26,0.7456,0.7458,0.7182,0.7249,39284397.0,1.0,0.0
2019-06-27,0.6727,0.6771,0.6458,0.6464,28490959.0,1.0,0.0
2019-06-28,0.6442,0.6519,0.6338,0.6381,45508899.0,1.0,0.0
2019-07-01,0.6263,0.6365,0.625,0.6286,49604873.0,1.0,0.0
2019-07-02,0.6227,0.6274,0.6218,0.6247,38591504.0,1.0,0.0
2019-07-03,0.6125,0.6158,0.6063,0.6097,15731302.0,1.0,0.0
2019-07-05,0.6053,0.6302,0.6047,0.6258,3408017.0,1.0,0.0
2019-07-08,0.649,0.6505,0.6221,0.6333,7606827.0,1.0,0.0
2019-07-09,0.6141,0.6242,0.6121,0.6191,25165346.0,1.0,0.0
2019-07-10,0.6122,0.6453,0.6084,0.642,6542243.0,1.0,0.0
2019-07-11,0.6319,0.6357,0.6271,0.6297,40773360.0,1.0,0.0
2019-07-12,0.6324,0.6372,0.6182,0.6182,41012697.0,1.0,0.0
2019-07-15,0.5961,0.599,0.5875,0.5941,20543511.0,1.0,0.0
2019-07-16,0.6097,0.6196,0.6068,0.615,33270383.0,1.0,0.0
2019-07-17,0.5892,0.6028,0.5842,0.6016,34214973.0,1.0,0.0
2019-07-18,0.5784,0.5957,0.5714,0.5927,3795741.0,1.0,0.0
2019-07-19,0.6174,0.6202,0.6064,0.6085,2526486.0,1.0,0.0
2019-07-22,0.5959,0.5961,0.5881,0.5952,40650067.0,1.0,0.0
2019-07-23,0.6027,0.6084,0.5775,0.5841,15176915.0,1.0,0.0
2019-07-24,0.5978,0.6088,0.5965,0.6078,26161944.0,1.0,0.0
2019-07-25,0.6471,0.6531,0.6408,0.6491,16888738.0,1.0,0.0
2019-07-26,0.6554,0.6559,0.6254,0.6299,10157598.0,1.0,0.0
2019-07-29,0.6507,0.663,0.6275,0.6342,4428378.0,1.0,0.0
2019-07-30,0.6392,0.6486,0.6321,0.641,24550733.0,1.0,0.0
2019-07-31,0.6386,0.6391,0.6295,0.6332,21411893.0,1.0,0.0
2019-08-01,0.6099,0.618,0.6074,0.6163,9672162.0,1.0,0.0
2019-08-02,0.6119,0.648,0.611,0.6395,18285259.0,1.0,0.0
2019-08-05,0.6397,0.64,0.6341,0.6347,10151876.0,1.0,0.0
2019-08-06,0.6177,0.6363,0.6173,0.6292,49179617.0,1.0,0.0
2019-08-07,0.6205,0.6288,0.6097,0.6138,6297084.0,1.0,0.0
2019-08-08,0.6102,0.614,0.587,0.5924,20505454.0,1.0,0.0
2019-08-09,0.5988,0.6066,0.5946,0.6065,48013191.0,1.0,0.0
2019-08-12,0.5602,0.5674,0.5532,0.5612,28587846.0,1.0,0.0
2019-08-13,0.5725,0.5904,0.5711,0.5862,18435379.0,1.0,0.0
2019-08-14,0.6158,0.6162,0.599,0.599,15127193.0,1.0,0.0
2019-08-15,0.621,0.6407,0.6165,0.6386,26741263.0,1.0,0.0
2019-08-16,0.6484,0.6643,0.648,0.6616,36436339.0,1.0,0.0
2019-08-19,0.6584,0.6624,0.6426,0.6483,36781465.0,1.0,0.0
2019-08-20,0.6487,0.6699,0.6449,0.6668,19656983.0,1.0,0.0
2019-08-21,0.6683,0.6719,0.6662,0.6676,10899810.0,1.0,0.0
2019-08-22,0.6684,0.6729,0.6679,0.6691,43636643.0,1.0,0.0
2019-08-23,0.6669,0.6808,0.664,0.679,27983904.0,1.0,0.0
2019-08-26,0.6882,0.7103,0.6816,0.7089,29401096.0,1.0,0.0
2019-08-27,0.7007,0.7203,0.6919,0.7177,49151030.0,1.0,0.0
2019-08-28,0.7085,0.7223,0.7049,0.7139,18840846.0,1.0,0.0
2019-08-29,0.7118,0.7198,0.6967,0.7027,6802456.0,1.0,0.0
2019-08-30,0.6836,0.6904,0.6672,0.6794,10045737.0,1.0,0.0
2019-09-03,0.6266,0.64,0.6255,0.6384,26122406.0,1.0,0.0
2019-09-04,0.643,0.6552,0.642,0.6542,5299026.0,1.0,0.0
2019-09-05,0.6741,0.686,0.6712,0.6798,14252806.0,1.0,0.0
2019-09-06,0.6848,0.6876,0.6686,0.669,38228271.0,1.0,0.0
2019-09-09,0.6905,0.6932,0.6794,0.6854,9344321.0,1.0,0.0
2019-09-10,0.6966,0.7014,0.6951,0.6987,46522688.0,1.0,0.0
2019-09-11,0.7027,0.7033,0.6917,0.6949,33655191.0,1.0,0.0
2019-09-12,0.6965,0.7067,0.6918,0.7034,27622441.0,1.0,0.0
2019-09-13,0.693,0.7089,0.6923,0.7032,23119871.0,1.0,0.0
2019-09-16,0.69,0.6948,0.6762,0.677,27025087.0,1.0,0.0
2019-09-17,0.6725,0.6763,0.6563,0.6581,36595449.0,1.0,0.0
2019-09-18,0.654,0.6569,0.6374,0.6381,41841363.0,1.0,0.0
2019-09-19,0.639,0.6429,0.6182,0.6244,20553137.0,1.0,0.0
2019-09-20,0.6512,0.6584,0.6453,0.6484,23074604.0,1.0,0.0
2019-09-23,0.6245,0.6395,0.6218,0.6367,49007868.0,1.0,0.0
2019-09-24,0.6468,0.6604,0.6451,0.6535,15977487.0,1.0,0.0
2019-09-25,0.6444,0.6468,0.6425,0.6425,47296995.0,1.0,0.0
2019-09-26,0.648,0.6666,0.6449,0.665,4886152.0,1.0,0.0
2019-09-27,0.6774,0.6806,0.6666,0.674,14315182.0,1.0,0.0
2019-09-30,0.6773,0.6879,0.6642,0.6654,39886567.0,1.0,0.0
2019-10-01,0.6727,0.6839,0.666,0.6679,2402318.0,1.0,0.0
2019-10-02,0.6894,0.7026,0.6841,0.6958,20608700.0,1.0,0.0
2019-10-03,0.7073,0.7158,0.6893,0.7017,29318529.0,1.0,0.0
2019-10-04,0.7013,0.7172,0.6998,0.7125,45966251.0,1.0,0.0
2019-10-07,0.7105,0.7276,0.7061,0.7253,43342179.0,1.0,0.0
2019-10-08,0.711,0.7124,0.7,0.707,46050712.0,1.0,0.0
2019-10-09,0.7142,0.7204,0.7122,0.7132,4954278.0,1.0,0.0
2019-10-10,0.7073,0.7162,0.7004,0.7128,43379964.0,1.0,0.0
2019-10-11,0.7128,0.7215,0.7085,0.721,32491426.0,1.0,0.0
2019-10-14,0.734,0.7473,0.7339,0.7444,11196036.0,1.0,0.0
2019-10-15,0.7498,0.7591,0.7321,0.7324,24825874.0,1.0,0.0
2019-10-16,0.744,0.7475,0.713,0.7175,31431062.0,1.0,0.0
2019-10-17,0.7157,0.7221,0.7104,0.7161,11279986.0,1.0,0.0
2019-10-18,0.7163,0.719,0.6968,0.7031,23641370.0,1.0,0.0
2019-10-21,0.6995,0.709,0.6975,0.7075,32089873.0,1.0,0.0
2019-10-22,0.6885,0.6913,0.6661,0.671,36874179.0,1.0,0.0
2019-10-23,0.6812,0.6851,0.6732,0.6746,24205603.0,1.0,0.0
2019-10-24,0.6742,0.6784,0.6448,0.6456,1641260.0,1.0,0.0
2019-10-25,0.6468,0.6527,0.6405,0.6451,33115713.0,1.0,0.0
2019-10-28,0.6486,0.6668,0.6454,0.6635,21621735.0,1.0,0.0
2019-10-29,0.6652,0.6731,0.6543,0.6663,46895274.0,1.0,0.0
2019-10-30,0.6528,0.6623,0.6522,0.6609,33063734.0,1.0,0.0
2019-10-31,0.6557,0.6715,0.6486,0.6594,44533548.0,1.0,0.0
2019-11-01,0.6518,0.6632,0.6493,0.6628,24080240.0,1.0,0.0
2019-11-04,0.6616,0.6862,0.6574,0.6838,42408407.0,1.0,0.0
2019-11-05,0.6833,0.7033,0.6829,0.7007,7487970.0,1.0,0.0
2019-11-06,0.7015,0.71,0.6961,0.709,17588587.0,1.0,0.0
2019-11-07,0.7177,0.7234,0.703,0.7081,39090915.0,1.0,0.0
2019-11-08,0.7094,0.7095,0.6993,0.6996,22089194.0,1.0,0.0
2019-11-11,0.6819,0.687,0.6793,0.6844,14911715.0,1.0,0.0
2019-11-12,0.6774,0.6822,0.6746,0.6776,18541473.0,1.0,0.0
2019-11-13,0.6833,0.6874,0.6621,0.6791,3837884.0,1.0,0.0
2019-11-14,0.6737,0.7022,0.6729,0.6928,37611355.0,1.0,0.0
2019-11-15,0.703,0.7063,0.6856,0.6876,3108403.0,1.0,0.0
2019-11-18,0.7013,0.711,0.6996,0.7104,3335882.0,1.0,0.0
2019-11-19,0.7222,0.7259,0.6806,0.6873,20941888.0,1.0,0.0
2019-11-20,0.6753,0.6965,0.6724,0.694,17022740.0,1.0,0.0
2019-11-21,0.6927,0.7193,0.6916,0.7144,10025641.0,1.0,0.0
2019-11-22,0.7129,0.7155,0.6878,0.691,36316743.0,1.0,0.0
2019-11-25,0.6814,0.6994,0.6736,0.6964,15823097.0,1.0,0.0
2019-11-26,0.6948,0.7011,0.6805,0.6807,2557414.0,1.0,0.0
2019-11-27,0.6858,0.7134,0.6845,0.704,12871546.0,1.0,0.0
2019-11-29,0.7038,0.7046,0.7023,0.7023,17692360.0,1.0,0.0
2019-12-02,0.7127,0.7128,0.6871,0.6886,29725301.0,1.0,0.0
2019-12-03,0.6701,0.671,0.6531,0.6553,29590519.0,1.0,0.0
2019-12-04,0.6417,0.6418,0.6231,0.6233,26655291.0,1.0,0.0
2019-12-05,0.6276,0.632,0.6225,0.6291,44978239.0,1.0,0.0
2019-12-06,0.6371,0.6404,0.6323,0.6379,3609905.0,1.0,0.0
2019-12-09,0.644,0.6472,0.6408,0.6457,45717021.0,1.0,0.0
2019-12-10,0.6299,0.6515,0.6264,0.6429,20389922.0,1.0,0.0
2019-12-11,0.6308,0.6376,0.6306,0.6357,5306357.0,1.0,0.0
2019-12-12,0.639,0.6442,0.6325,0.6332,18669403.0,1.0,0.0
2019-12-13,0.631,0.6395,0.6159,0.6187,15864860.0,1.0,0.0
2019-12-16,0.6018,0.6149,0.5952,0.614,24218811.0,1.0,0.0
2019-12-17,0.6092,0.6299,0.6038,0.622,7101583.0,1.0,0.0
2019-12-18,0.6177,0.6351,0.6131,0.6242,2716722.0,1.0,0.0
2019-12-19,0.6226,0.6261,0.6061,0.6093,21098302.0,1.0,0.0
2019-12-20,0.5975,0.6007,0.5807,0.5833,45016227.0,1.0,0.0
2019-12-23,0.5843,0.5854,0.5782,0.5788,10298906.0,1.0,0.0
2019-12-24,0.5906,0.595,0.5737,0.5787,28954963.0,1.0,0.0
2019-12-26,0.5746,0.5751,0.5711,0.5722,3275035.0,1.0,0.0
2019-12-27,0.5836,0.5978,0.5821,0.5971,5563188.0,1.0,0.0
2019-12-30,0.6024,0.6177,0.5987,0.6085,18675344.0,1.0,0.0
2019-12-31,0.631,0.6561,0.6259,0.6454,20467966.0,1.0,0.0
2020-01-02,0.6492,0.6493,0.6247,0.6276,39207637.0,1.0,0.0
2020-01-03,0.6207,0.6318,0.6203,0.6252,15778412.0,1.0,0.0
2020-01-06,0.6303,0.639,0.6074,0.6095,23768133.0,1.0,0.0
2020-01-07,0.612,0.6153,0.6051,0.6132,17927608.0,1.0,0.0
2020-01-08,0.6143,0.628,0.6058,0.6064,32185836.0,1.0,0.0
2020-01-09,0.6065,0.6081,0.5943,0.6006,30704668.0,1.0,0.0
2020-01-10,0.6004,0.6102,0.5958,0.6075,6292156.0,1.0,0.0
2020-01-13,0.6065,0.6258,0.5986,0.6241,32017401.0,1.0,0.0
2020-01-14,0.619,0.6197,0.6125,0.6162,32743699.0,1.0,0.0
2020-01-15,0.6129,0.6131,0.6102,0.6124,38743267.0,1.0,0.0
2020-01-16,0.6179,0.6197,0.603,0.6103,17792278.0,1.0,0.0
2020-01-17,0.6071,0.6213,0.6012,0.6191,42456595.0,1.0,0.0
2020-01-21,0.6211,0.6236,0.6062,0.616,13172424.0,1.0,0.0
2020-01-22,0.6023,0.6076,0.5927,0.5964,7134225.0,1.0,0.0
2020-01-23,0.5944,0.5977,0.5813,0.5835,2029236.0,1.0,0.0
2020-01-24,0.6004,0.6041,0.5853,0.5861,24095460.0,1.0,0.0
2020-01-27,0.5904,0.5954,0.5824,0.5862,41593209.0,1.0,0.0
2020-01-28,0.5871,0.5885,0.5789,0.5808,39260809.0,1.0,0.0
2020-01-29,0.5919,0.5941,0.5855,0.5881,48478381.0,1.0,0.0
2020-01-30,0.592,0.5973,0.5802,0.5819,48158504.0,1.0,0.0
2020-01-31,0.587,0.5999,0.5847,0.5989,4208504.0,1.0,0.0
2020-02-03,0.5947,0.5992,0.588,0.5945,25095298.0,1.0,0.0
2020-02-04,0.5834,0.6082,0.5809,0.6049,39452287.0,1.0,0.0
2020-02-05,0.6053,0.6065,0.6028,0.6064,12968870.0,1.0,0.0
2020-02-06,0.5992,0.6,0.5827,0.5899,5486917.0,1.0,0.0
2020-02-07,0.5857,0.5944,0.5834,0.5939,6597713.0,1.0,0.0
2020-02-10,0.6692,0.6692,0.6525,0.6568,40945744.0,1.0,0.0
2020-02-11,0.6401,0.6548,0.6389,0.6547,42035969.0,1.0,0.0
2020-02-12,0.6649,0.6796,0.6534,0.6715,41066455.0,1.0,0.0
2020-02-13,0.68,0.6806,0.6643,0.6648,4556316.0,1.0,0.0
2020-02-14,0.6849,0.6867,0.6779,0.6806,19868798.0,1.0,0.0
2020-02-18,0.7162,0.718,0.7106,0.7111,17465761.0,1.0,0.0
2020-02-19,0.7003,0.7112,0.6962,0.7103,33058449.0,1.0,0.0
2020-02-20,0.6888,0.7044,0.681,0.6983,48727752.0,1.0,0.0
2020-02-21,0.6668,0.673,0.6617,0.6714,46699032.0,1.0,0.0
2020-02-24,0.635,0.6397,0.6285,0.6306,36607535.0,1.0,0.0
2020-02-25,0.6221,0.6257,0.6211,0.6254,17782957.0,1.0,0.0
2020-02-26,0.6319,0.6376,0.6285,0.6292,43971637.0,1.0,0.0
2020-02-27,0.6162,0.6168,0.6069,0.6134,17596998.0,1.0,0.0
2020-02-28,0.6191,0.6322,0.6115,0.6224,43396550.0,1.0,0.0
2020-03-02,0.5996,0.6008,0.5966,0.597,40617761.0,1.0,0.0
2020-03-03,0.5938,0.616,0.5896,0.6159,47767327.0,1.0,0.0
2020-03-04,0.6216,0.622,0.617,0.6179,26444384.0,1.0,0.0
2020-03-05,0.6233,0.6381,0.6213,0.6254,24653714.0,1.0,0.0
2020-03-06,0.6072,0.6192,0.6051,0.6179,8056336.0,1.0,0.0
2020-03-09,0.6254,0.6409,0.6254,0.6378,43824724.0,1.0,0.0
2020-03-10,0.6782,0.6899,0.6704,0.6716,40979404.0,1.0,0.0
2020-03-11,0.6829,0.6908,0.6792,0.6875,39545264.0,1.0,0.0
2020-03-12,0.6796,0.6863,0.6744,0.6845,30308935.0,1.0,0.0
2020-03-13,0.6844,0.71,0.6796,0.7034,30405478.0,1.0,0.0
2020-03-16,0.699,0.701,0.6851,0.6873,25501689.0,1.0,0.0
2020-03-17,0.7097,0.7157,0.6977,0.7049,37842147.0,1.0,0.0
2020-03-18,0.7164,0.7233,0.7033,0.7073,15431827.0,1.0,0.0
2020-03-19,0.7092,0.7153,0.7018,0.7135,39450644.0,1.0,0.0
2020-03-20,0.6983,0.6986,0.6874,0.6902,5116044.0,1.0,0.0
2020-03-23,0.7177,0.7428,0.7021,0.7347,11805516.0,1.0,0.0
2020-03-24,0.7348,0.7391,0.7243,0.7384,27843469.0,1.0,0.0
2020-03-25,0.7297,0.7316,0.723,0.7264,1127242.0,1.0,0.0
2020-03-26,0.7205,0.7294,0.7126,0.7152,12127424.0,1.0,0.0
2020-03-27,0.7113,0.7253,0.7109,0.7231,15492904.0,1.0,0.0
2020-03-30,0.7086,0.7163,0.7034,0.7157,5984117.0,1.0,0.0
2020-03-31,0.7169,0.726,0.7114,0.7131,10012605.0,1.0,0.0
2020-04-01,0.7127,0.7194,0.7049,0.7174,34829643.0,1.0,0.0
2020-04-02,0.7168,0.724,0.7142,0.718,41495230.0,1.0,0.0
2020-04-03,0.7012,0.7117,0.697,0.7044,36045255.0,1.0,0.0
2020-04-06,0.7118,0.7233,0.7065,0.7185,17048492.0,1.0,0.0
2020-04-07,0.7187,0.7188,0.6902,0.6934,41225820.0,1.0,0.0
2020-04-08,0.6841,0.6924,0.6795,0.69,43001561.0,1.0,0.0
2020-04-09,0.6899,0.6945,0.6839,0.6879,29482881.0,1.0,0.0
2020-04-13,0.6856,0.6982,0.683,0.6908,12662949.0,1.0,0.0
2020-04-14,0.6964,0.7135,0.6962,0.7079,2432807.0,1.0,0.0
2020-04-15,0.6998,0.7094,0.6934,0.7048,9952889.0,1.0,0.0
2020-04-16,0.7195,0.7197,0.7171,0.7179,41458018.0,1.0,0.0
2020-04-17,0.72,0.7201,0.7153,0.7172,13761693.0,1.0,0.0
2020-04-20,0.7126,0.7198,0.7032,0.716,39338256.0,1.0,0.0
2020-04-21,0.7314,0.7416,0.7234,0.741,20372733.0,1.0,0.0
2020-04-22,0.7586,0.7662,0.7567,0.7651,16151369.0,1.0,0.0
2020-04-23,0.7559,0.7585,0.7512,0.7525,26868622.0,1.0,0.0
2020-04-24,0.736,0.7451,0.7294,0.7403,48057368.0,1.0,0.0
2020-04-27,0.7389,0.7453,0.7263,0.7274,31931686.0,1.0,0.0
2020-04-28,0.7377,0.7387,0.7356,0.7361,31306357.0,1.0,0.0
2020-04-29,0.7296,0.7361,0.7174,0.7316,1880379.0,1.0,0.0
2020-04-30,0.7523,0.78,0.7443,0.7756,23011338.0,1.0,0.0
2020-05-01,0.7612,0.7757,0.7608,0.7744,33786817.0,1.0,0.0
2020-05-04,0.7655,0.7744,0.7597,0.7658,8378941.0,1.0,0.0
2020-05-05,0.7652,0.7688,0.7531,0.7563,29483893.0,1.0,0.0
2020-05-06,0.756,0.7722,0.7539,0.7692,8019005.0,1.0,0.0
2020-05-07,0.777,0.8127,0.7765,0.804,33998956.0,1.0,0.0
2020-05-08,0.8101,0.8255,0.8068,0.8177,35969458.0,1.0,0.0
2020-05-11,0.8253,0.8523,0.8196,0.8442,48464515.0,1.0,0.0
2020-05-12,0.836,0.8457,0.8111,0.8194,23918412.0,1.0,0.0
2020-05-13,0.8218,0.8442,0.806,0.832,40586299.0,1.0,0.0
2020-05-14,0.8168,0.8227,0.7792,0.7844,20691206.0,1.0,0.0
2020-05-15,0.7725,0.7845,0.7705,0.7835,30584635.0,1.0,0.0
2020-05-18,0.7553,0.7681,0.754,0.7601,20864483.0,1.0,0.0
2020-05-19,0.7584,0.7634,0.7486,0.7526,32065462.0,1.0,0.0
2020-05-20,0.7381,0.7479,0.7168,0.7197,15483039.0,1.0,0.0
2020-05-21,0.7375,0.7384,0.7299,0.7348,11571973.0,1.0,0.0
2020-05-22,0.7328,0.7431,0.7237,0.741,31456062.0,1.0,0.0
2020-05-26,0.7411,0.7577,0.7359,0.7562,17516797.0,1.0,0.0
2020-05-27,0.7523,0.7849,0.749,0.7832,2550357.0,1.0,0.0
2020-05-28,0.7753,0.7865,0.7743,0.7842,27994041.0,1.0,0.0
2020-05-29,0.7529,0.7649,0.7501,0.7605,12262144.0,1.0,0.0
2020-06-01,0.774,0.7789,0.7625,0.7646,12842348.0,1.0,0.0
2020-06-02,0.7621,0.7843,0.7593,0.7807,17248550.0,1.0,0.0
2020-06-03,0.7691,0.7726,0.7521,0.7596,1379962.0,1.0,0.0
2020-06-04,0.7546,0.7655,0.7512,0.7632,34614187.0,1.0,0.0
2020-06-05,0.7694,0.7769,0.7606,0.7626,46847260.0,1.0,0.0
2020-06-08,0.7432,0.7665,0.7429,0.7623,19632426.0,1.0,0.0
2020-06-09,0.7648,0.7787,0.7641,0.7759,45447913.0,1.0,0.0
2020-06-10,0.7667,0.7723,0.765,0.7677,13987393.0,1.0,0.0
2020-06-11,0.7736,0.7912,0.7703,0.7882,26338522.0,1.0,0.0
2020-06-12,0.7886,0.7908,0.7759,0.7782,24597880.0,1.0,0.0
2020-06-15,0.7818,0.7873,0.7442,0.7475,30351997.0,1.0,0.0
2020-06-16,0.744,0.747,0.7287,0.7316,35727197.0,1.0,0.0
2020-06-17,0.7576,0.7613,0.7481,0.7523,12046963.0,1.0,0.0
2020-06-18,0.7736,0.7816,0.7659,0.7723,40801163.0,1.0,0.0
2020-06-19,0.7899,0.7921,0.7764,0.7836,3306665.0,1.0,0.0
2020-06-22,0.7937,0.8042,0.7876,0.7882,16710611.0,1.0,0.0
2020-06-23,0.8001,0.8056,0.7865,0.7944,29810660.0,1.0,0.0
2020-06-24,0.8069,0.8223,0.8014,0.8149,43682565.0,1.0,0.0
2020-06-25,0.8197,0.8199,0.8112,0.8167,41128229.0,1.0,0.0
2020-06-26,0.8247,0.8259,0.813,0.8151,32047093.0,1.0,0.0
2020-06-29,0.8033,0.8082,0.7956,0.8052,19012535.0,1.0,0.0
2020-06-30,0.8142,0.8377,0.8103,0.829,13478219.0,1.0,0.0
2020-07-01,0.825,0.8318,0.8234,0.8266,14491371.0,1.0,0.0
2020-07-02,0.8329,0.838,0.8282,0.8371,16842569.0,1.0,0.0
2020-07-06,0.8224,0.8255,0.8208,0.8213,2330845.0,1.0,0.0
2020-07-07,0.8355,0.8359,0.8153,0.8282,34573065.0,1.0,0.0
2020-07-08,0.8193,0.8252,0.8147,0.8239,49887003.0,1.0,0.0
2020-07-09,0.8129,0.8168,0.8093,0.8107,31604496.0,1.0,0.0
2020-07-10,0.8093,0.8188,0.7966,0.8048,5069475.0,1.0,0.0
2020-07-13,0.7993,0.8137,0.7958,0.8118,5323344.0,1.0,0.0
2020-07-14,0.815,0.8186,0.7906,0.7925,46481173.0,1.0,0.0
2020-07-15,0.7794,0.8197,0.7723,0.8168,39921716.0,1.0,0.0
2020-07-16,0.8198,0.8241,0.7955,0.7987,30194956.0,1.0,0.0
2020-07-17,0.779,0.8084,0.777,0.8069,18188944.0,1.0,0.0
2020-07-20,0.7933,0.7961,0.7772,0.7788,32283287.0,1.0,0.0
2020-07-21,0.778,0.7835,0.7608,0.7638,18230476.0,1.0,0.0
2020-07-22,0.7545,0.7687,0.7524,0.7662,26035216.0,1.0,0.0
2020-07-23,0.7632,0.766,0.7599,0.7602,21101981.0,1.0,0.0
2020-07-24,0.7588,0.7897,0.755,0.7829,41544397.0,1.0,0.0
2020-07-27,0.7843,0.7997,0.778,0.7962,8305360.0,1.0,0.0
2020-07-28,0.8004,0.8025,0.7929,0.7994,40251225.0,1.0,0.0
2020-07-29,0.8021,0.822,0.7928,0.8196,37979956.0,1.0,0.0
2020-07-30,0.8266,0.8267,0.8206,0.8228,26766378.0,1.0,0.0
2020-07-31,0.786,0.7921,0.7822,0.7828,41192923.0,1.0,0.0
2020-08-03,0.7913,0.7994,0.767,0.7726,18502490.0,1.0,0.0
2020-08-04,0.7685,0.7696,0.7594,0.7643,40756818.0,1.0,0.0
2020-08-05,0.7589,0.7712,0.7523,0.7611,30141438.0,1.0,0.0
2020-08-06,0.7445,0.7468,0.7296,0.7312,5571607.0,1.0,0.0
2020-08-07,0.7474,0.748,0.7246,0.7251,8021238.0,1.0,0.0
2020-08-10,0.7553,0.7555,0.7468,0.7479,19752783.0,1.0,0.0
2020-08-11,0.7439,0.7448,0.7229,0.725,27298808.0,1.0,0.0
2020-08-12,0.7468,0.7634,0.7431,0.7488,46081666.0,1.0,0.0
2020-08-13,0.7517,0.7638,0.7507,0.7566,21111045.0,1.0,0.0
2020-08-14,0.7725,0.7849,0.7695,0.7814,39642273.0,1.0,0.0
2020-08-17,0.7888,0.7896,0.7697,0.7739,20803194.0,1.0,0.0
2020-08-18,0.7729,0.7742,0.7479,0.7549,37486323.0,1.0,0.0
2020-08-19,0.7766,0.789,0.772,0.7878,21192330.0,1.0,0.0
2020-08-20,0.7825,0.7883,0.7746,0.7768,6352654.0,1.0,0.0
2020-08-21,0.7767,0.7805,0.7683,0.7719,16574656.0,1.0,0.0
2020-08-24,0.7842,0.8037,0.774,0.7969,34101472.0,1.0,0.0
2020-08-25,0.8005,0.8055,0.7829,0.7897,12658360.0,1.0,0.0
2020-08-26,0.7918,0.8036,0.7706,0.7735,24950397.0,1.0,0.0
2020-08-27,0.7676,0.7785,0.7328,0.7402,28169615.0,1.0,0.0
2020-08-28,0.7259,0.729,0.724,0.7282,39987686.0,1.0,0.0
2020-08-31,0.7388,0.7446,0.7347,0.7356,26651000.0,1.0,0.0
2020-09-01,0.7431,0.7594,0.741,0.7543,49421631.0,1.0,0.0
2020-09-02,0.7558,0.793,0.7536,0.789,19844702.0,1.0,0.0
2020-09-03,0.8134,0.8225,0.7937,0.795,11581455.0,1.0,0.0
2020-09-04,0.7882,0.807,0.7811,0.7993,16764893.0,1.0,0.0
2020-09-08,0.7942,0.799,0.7662,0.7698,49010225.0,1.0,0.0
2020-09-09,0.7435,0.7799,0.7429,0.7762,29536552.0,1.0,0.0
2020-09-10,0.7775,0.778,0.7615,0.7652,10484337.0,1.0,0.0
2020-09-11,0.7427,0.7494,0.7399,0.7431,40557725.0,1.0,0.0
2020-09-14,0.7405,0.7467,0.7083,0.7087,20739855.0,1.0,0.0
2020-09-15,0.731,0.7315,0.7106,0.715,26598081.0,1.0,0.0
2020-09-16,0.7141,0.7146,0.6981,0.7021,34999586.0,1.0,0.0
2020-09-17,0.6881,0.696,0.6696,0.6725,23265921.0,1.0,0.0
2020-09-18,0.6672,0.6715,0.6556,0.6557,38921584.0,1.0,0.0
2020-09-21,0.656,0.6598,0.6338,0.6393,28698074.0,1.0,0.0
2020-09-22,0.6335,0.6572,0.6321,0.6473,9629678.0,1.0,0.0
2020-09-23,0.641,0.6442,0.6213,0.6251,39098872.0,1.0,0.0
2020-09-24,0.6296,0.6391,0.625,0.6358,30099099.0,1.0,0.0
2020-09-25,0.647,0.647,0.6225,0.6296,48152443.0,1.0,0.0
2020-09-28,0.6369,0.6558,0.6362,0.6552,29976571.0,1.0,0.0
2020-09-29,0.6569,0.659,0.6389,0.6486,10330016.0,1.0,0.0
2020-09-30,0.6556,0.6574,0.6503,0.6512,2420539.0,1.0,0.0
2020-10-01,0.6535,0.6747,0.6474,0.6732,48187217.0,1.0,0.0
2020-10-02,0.6717,0.6962,0.6646,0.6902,37241732.0,1.0,0.0
2020-10-05,0.696,0.6983,0.6714,0.6788,44288424.0,1.0,0.0
2020-10-06,0.6931,0.698,0.6902,0.6916,13542833.0,1.0,0.0
2020-10-07,0.7101,0.7113,0.697,0.6979,33371533.0,1.0,0.0
2020-10-08,0.7032,0.7281,0.7003,0.723,15856197.0,1.0,0.0
2020-10-09,0.7247,0.7249,0.7003,0.7095,19478354.0,1.0,0.0
2020-10-12,0.6981,0.7,0.6821,0.6836,29339107.0,1.0,0.0
2020-10-13,0.6997,0.711,0.6905,0.7009,38665087.0,1.0,0.0
2020-10-14,0.7043,0.7196,0.7012,0.7159,23931545.0,1.0,0.0
2020-10-15,0.714,0.7257,0.6919,0.6969,4526534.0,1.0,0.0
2020-10-16,0.6943,0.6993,0.6862,0.6868,44963825.0,1.0,0.0
2020-10-19,0.696,0.7094,0.6937,0.7018,48047374.0,1.0,0.0
2020-10-20,0.6939,0.7367,0.6933,0.7273,8490103.0,1.0,0.0
2020-10-21,0.7166,0.7179,0.7083,0.7086,9879160.0,1.0,0.0
2020-10-22,0.7057,0.7113,0.6981,0.7025,35731566.0,1.0,0.0
2020-10-23,0.7065,0.7097,0.6929,0.693,18587132.0,1.0,0.0
2020-10-26,0.682,0.6838,0.6806,0.6833,10333191.0,1.0,0.0
2020-10-27,0.6927,0.6993,0.6899,0.6971,18276892.0,1.0,0.0
2020-10-28,0.7002,0.7058,0.6828,0.686,35216256.0,1.0,0.0
2020-10-29,0.6728,0.6856,0.6669,0.682,15125851.0,1.0,0.0
2020-10-30,0.6871,0.7065,0.6804,0.7064,19004081.0,1.0,0.0
2020-11-02,0.6998,0.7272,0.6963,0.7251,29847320.0,1.0,0.0
2020-11-03,0.7424,0.7442,0.7056,0.7117,49378986.0,1.0,0.0
2020-11-04,0.7085,0.7175,0.688,0.6929,40120280.0,1.0,0.0
2020-11-05,0.6703,0.68,0.6654,0.6793,10035077.0,1.0,0.0
2020-11-06,0.6713,0.6818,0.6624,0.6816,23718326.0,1.0,0.0
2020-11-09,0.6356,0.666,0.6349,0.6532,24963200.0,1.0,0.0
2020-11-10,0.6609,0.6643,0.6581,0.6597,25450302.0,1.0,0.0
2020-11-11,0.677,0.6827,0.6608,0.6642,40412888.0,1.0,0.0
2020-11-12,0.6694,0.6698,0.6535,0.6583,30288108.0,1.0,0.0
2020-11-13,0.6544,0.6556,0.6415,0.6428,18193654.0,1.0,0.0
2020-11-16,0.6349,0.6393,0.6256,0.6314,4272259.0,1.0,0.0
2020-11-17,0.6104,0.6126,0.5854,0.5904,22703403.0,1.0,0.0
2020-11-18,0.5972,0.6059,0.5949,0.6023,46011483.0,1.0,0.0
2020-11-19,0.6007,0.6098,0.5945,0.6095,35218015.0,1.0,0.0
2020-11-20,0.577,0.5775,0.5678,0.5696,34112664.0,1.0,0.0
2020-11-23,0.5571,0.5631,0.5479,0.5479,34540015.0,1.0,0.0
2020-11-24,0.5322,0.5326,0.5131,0.5138,5388952.0,1.0,0.0
2020-11-25,0.5252,0.5422,0.5225,0.5407,40593094.0,1.0,0.0
2020-11-27,0.5486,0.5641,0.5416,0.5608,16592054.0,1.0,0.0
2020-11-30,0.5758,0.5815,0.5669,0.5712,7304143.0,1.0,0.0
2020-12-01,0.5752,0.588,0.5742,0.5787,21558670.0,1.0,0.0
2020-12-02,0.5918,0.603,0.588,0.599,45975492.0,1.0,0.0
2020-12-03,0.5914,0.5922,0.5795,0.5809,37794966.0,1.0,0.0
2020-12-04,0.5798,0.5905,0.5793,0.5862,4576108.0,1.0,0.0
2020-12-07,0.6444,0.6575,0.6388,0.6565,27348402.0,1.0,0.0
2020-12-08,0.6458,0.6468,0.641,0.6451,46076937.0,1.0,0.0
2020-12-09,0.6943,0.6996,0.682,0.6832,45659463.0,1.0,0.0
2020-12-10,0.674,0.7018,0.669,0.6972,40388810.0,1.0,0.0
2020-12-11,0.6546,0.6636,0.6423,0.6604,47899333.0,1.0,0.0
2020-12-14,0.6493,0.6598,0.6486,0.6548,31219928.0,1.0,0.0
2020-12-15,0.6527,0.6552,0.6268,0.6341,30074992.0,1.0,0.0
2020-12-16,0.6324,0.6356,0.6159,0.6177,5303038.0,1.0,0.0
2020-12-17,0.6102,0.6242,0.6082,0.6231,16664988.0,1.0,0.0
2020-12-18,0.6339,0.651,0.627,0.6502,14594041.0,1.0,0.0
2020-12-21,0.6496,0.6572,0.6494,0.6525,43290142.0,1.0,0.0
2020-12-22,0.6233,0.6244,0.6131,0.6142,5806697.0,1.0,0.0
2020-12-23,0.6282,0.6599,0.6248,0.653,38731877.0,1.0,0.0
2020-12-24,0.6465,0.6525,0.6233,0.6249,5293178.0,1.0,0.0
2020-12-28,0.6151,0.616,0.5928,0.5985,16618946.0,1.0,0.0
2020-12-29,0.5935,0.5956,0.5896,0.5915,44238618.0,1.0,0.0
2020-12-30,0.5986,0.5998,0.5929,0.5952,27590388.0,1.0,0.0
2020-12-31,0.5935,0.6098,0.5932,0.6069,6680474.0,1.0,0.0
2021-01-04,0.5982,0.6057,0.5809,0.5819,21009389.0,1.0,0.0
2021-01-05,0.5789,0.5919,0.5746,0.5864,47571628.0,1.0,0.0
2021-01-06,0.5809,0.5895,0.5769,0.5891,35476859.0,1.0,0.0
2021-01-07,0.5824,0.588,0.5726,0.5735,10969131.0,1.0,0.0
2021-01-08,0.5535,0.5567,0.551,0.5515,35865017.0,1.0,0.0
2021-01-11,0.5591,0.564,0.5541,0.5606,46758169.0,1.0,0.0
2021-01-12,0.5616,0.568,0.5573,0.5658,8415367.0,1.0,0.0
2021-01-13,0.56,0.5738,0.5578,0.5701,27551261.0,1.0,0.0
2021-01-14,0.5573,0.5765,0.5537,0.5745,16258650.0,1.0,0.0
2021-01-15,0.5821,0.5869,0.5798,0.5867,11466663.0,1.0,0.0
2021-01-19,0.5989,0.6008,0.5757,0.5781,26954576.0,1.0,0.0
2021-01-20,0.5694,0.5721,0.5579,0.5586,10487077.0,1.0,0.0
2021-01-21,0.5322,0.5403,0.5313,0.5364,28614216.0,1.0,0.0
2021-01-22,0.5013,0.5064,0.4993,0.5045,2762183.0,1.0,0.0
2021-01-25,0.4941,0.4962,0.4802,0.4807,22303743.0,1.0,0.0
2021-01-26,0.4779,0.4843,0.4746,0.4817,39823882.0,1.0,0.0
2021-01-27,0.4914,0.4942,0.4882,0.4885,36980794.0,1.0,0.0
2021-01-28,0.4833,0.4892,0.4792,0.4875,44620732.0,1.0,0.0
2021-01-29,0.4763,0.4867,0.4744,0.4854,42235840.0,1.0,0.0
2021-02-01,0.4808,0.481,0.4744,0.4788,24478449.0,1.0,0.0
2021-02-02,0.4756,0.4905,0.4716,0.4892,42351444.0,1.0,0.0
2021-02-03,0.4867,0.4891,0.4835,0.484,40934960.0,1.0,0.0
2021-02-04,0.4967,0.4977,0.4887,0.4896,25400155.0,1.0,0.0
2021-02-05,0.4821,0.4865,0.4748,0.4759,28453494.0,1.0,0.0
2021-02-08,0.4741,0.4745,0.4603,0.4628,43242280.0,1.0,0.0
2021-02-09,0.4548,0.4573,0.4429,0.4462,45972984.0,1.0,0.0
2021-02-10,0.437,0.4437,0.4347,0.4396,11944374.0,1.0,0.0
2021-02-11,0.4456,0.4464,0.4252,0.4269,1140848.0,1.0,0.0
2021-02-12,0.4178,0.4204,0.4072,0.4082,3545117.0,1.0,0.0
2021-02-16,0.4169,0.4195,0.4109,0.4123,43562224.0,1.0,0.0
2021-02-17,0.4124,0.4263,0.4113,0.4249,36391864.0,1.0,0.0
2021-02-18,0.419,0.4357,0.4163,0.4319,30071644.0,1.0,0.0
2021-02-19,0.4373,0.4456,0.4295,0.4442,18665728.0,1.0,0.0
2021-02-22,0.4332,0.4385,0.4319,0.437,8174985.0,1.0,0.0
2021-02-23,0.4461,0.4543,0.441,0.4528,28124801.0,1.0,0.0
2021-02-24,0.4521,0.4552,0.4468,0.4491,22805653.0,1.0,0.0
2021-02-25,0.4574,0.4577,0.4533,0.4548,19690010.0,1.0,0.0
2021-02-26,0.4478,0.4602,0.4458,0.4588,25782409.0,1.0,0.0
2021-03-01,0.4675,0.4727,0.4566,0.4656,37390407.0,1.0,0.0
2021-03-02,0.471,0.4785,0.465,0.472,12051560.0,1.0,0.0
2021-03-03,0.4677,0.4747,0.4666,0.4724,27753428.0,1.0,0.0
2021-03-04,0.4677,0.4722,0.4637,0.4671,35238176.0,1.0,0.0
2021-03-05,0.4675,0.484,0.4665,0.4808,28024627.0,1.0,0.0
2021-03-08,0.4623,0.4649,0.4592,0.4601,46933033.0,1.0,0.0
2021-03-09,0.4479,0.4514,0.4435,0.4495,6278670.0,1.0,0.0
2021-03-10,0.4471,0.4592,0.4441,0.4586,16692301.0,1.0,0.0
2021-03-11,0.4549,0.4556,0.4463,0.4481,29991277.0,1.0,0.0
2021-03-12,0.4495,0.4637,0.4466,0.461,37085595.0,1.0,0.0
2021-03-15,0.469,0.4723,0.4641,0.471,29551499.0,1.0,0.0
2021-03-16,0.4696,0.4745,0.4653,0.4716,33311722.0,1.0,0.0
2021-03-17,0.4721,0.4725,0.455,0.4553,34682545.0,1.0,0.0
2021-03-18,0.4542,0.455,0.4327,0.4335,4668798.0,1.0,0.0
2021-03-19,0.4369,0.4451,0.4347,0.444,7395050.0,1.0,0.0
2021-03-22,0.4527,0.4644,0.4516,0.4626,12745687.0,1.0,0.0
2021-03-23,0.4615,0.4679,0.4503,0.4521,23843629.0,1.0,0.0
2021-03-24,0.4569,0.4624,0.4521,0.4591,41446390.0,1.0,0.0
2021-03-25,0.4653,0.4658,0.4535,0.4588,48804735.0,1.0,0.0
2021-03-26,0.4409,0.441,0.4368,0.4379,5205168.0,1.0,0.0
2021-03-29,0.4376,0.442,0.4309,0.4371,23905844.0,1.0,0.0
2021-03-30,0.4316,0.4407,0.4289,0.4373,40040044.0,1.0,0.0
2021-03-31,0.4447,0.4529,0.4383,0.4507,4155705.0,1.0,0.0
2021-04-01,0.4492,0.4582,0.4453,0.4565,46999978.0,1.0,0.0
2021-04-05,0.4624,0.4698,0.4596,0.4693,45870063.0,1.0,0.0
2021-04-06,0.4738,0.4817,0.4707,0.4786,39389738.0,1.0,0.0
2021-04-07,0.4807,0.4821,0.4716,0.4759,3212407.0,1.0,0.0
2021-04-08,0.4825,0.4963,0.4773,0.4913,49420997.0,1.0,0.0
2021-04-09,0.492,0.4999,0.4895,0.497,23228486.0,1.0,0.0
2021-04-12,0.5013,0.5059,0.4926,0.4961,8400071.0,1.0,0.0
2021-04-13,0.4951,0.4983,0.4908,0.4963,12431009.0,1.0,0.0
2021-04-14,0.4918,0.493,0.4779,0.4803,39010143.0,1.0,0.0
2021-04-15,0.4782,0.4802,0.4605,0.4617,6531243.0,1.0,0.0
2021-04-16,0.4689,0.4729,0.463,0.4655,41781571.0,1.0,0.0
2021-04-19,0.4659,0.4755,0.4655,0.4689,13365465.0,1.0,0.0
2021-04-20,0.4613,0.4644,0.4609,0.4636,14343922.0,1.0,0.0
2021-04-21,0.467,0.4722,0.4573,0.4588,17524849.0,1.0,0.0
2021-04-22,0.47,0.4772,0.4622,0.4677,38041576.0,1.0,0.0
2021-04-23,0.458,0.4586,0.4438,0.4454,47463239.0,1.0,0.0
2021-04-26,0.4461,0.4542,0.4446,0.4518,4811318.0,1.0,0.0
2021-04-27,0.4518,0.4544,0.4411,0.4423,7543961.0,1.0,0.0
2021-04-28,0.4445,0.4485,0.4421,0.4483,20489215.0,1.0,0.0
2021-04-29,0.4468,0.4528,0.4457,0.4473,42930544.0,1.0,0.0
2021-04-30,0.4395,0.4427,0.4263,0.4311,14167015.0,1.0,0.0
2021-05-03,0.4371,0.4374,0.4247,0.4264,19198391.0,1.0,0.0
2021-05-04,0.425,0.4266,0.4217,0.4219,15954034.0,1.0,0.0
2021-05-05,0.4287,0.4423,0.4224,0.4412,47068425.0,1.0,0.0
2021-05-06,0.4392,0.4443,0.4382,0.4418,11825633.0,1.0,0.0
2021-05-07,0.438,0.4399,0.4314,0.4351,24886996.0,1.0,0.0
2021-05-10,0.4459,0.4489,0.4258,0.4279,10927592.0,1.0,0.0
2021-05-11,0.4249,0.4278,0.4223,0.4245,34488404.0,1.0,0.0
2021-05-12,0.4336,0.4389,0.4247,0.4263,26623047.0,1.0,0.0
2021-05-13,0.4072,0.4146,0.4052,0.4075,2264028.0,1.0,0.0
2021-05-14,0.4126,0.4155,0.41,0.415,22762619.0,1.0,0.0
2021-05-17,0.4226,0.4249,0.4218,0.4222,44568768.0,1.0,0.0
2021-05-18,0.4198,0.4343,0.4155,0.4318,41802883.0,1.0,0.0
2021-05-19,0.4324,0.4361,0.4218,0.4264,20683294.0,1.0,0.0
2021-05-20,0.4193,0.4245,0.4176,0.4179,36374763.0,1.0,0.0
2021-05-21,0.4166,0.4175,0.4101,0.4122,8156208.0,1.0,0.0
2021-05-24,0.4028,0.4039,0.3977,0.4026,42688575.0,1.0,0.0
2021-05-25,0.4171,0.4307,0.4171,0.4267,16561937.0,1.0,0.0
2021-05-26,0.4362,0.4364,0.4216,0.4292,1296604.0,1.0,0.0
2021-05-27,0.4254,0.4291,0.4192,0.4223,39194981.0,1.0,0.0
2021-05-28,0.4238,0.4267,0.421,0.4252,16918231.0,1.0,0.0
2021-06-01,0.4194,0.4252,0.4164,0.4246,8767949.0,1.0,0.0
2021-06-02,0.4285,0.4412,0.4248,0.4395,3539413.0,1.0,0.0
2021-06-03,0.4366,0.4436,0.4329,0.4428,8798548.0,1.0,0.0
2021-06-04,0.4416,0.4459,0.4394,0.4454,46408917.0,1.0,0.0
2021-06-07,0.4426,0.4434,0.4416,0.443,38707263.0,1.0,0.0
2021-06-08,0.4405,0.4466,0.4372,0.4446,17844270.0,1.0,0.0
2021-06-09,0.4407,0.4503,0.4406,0.4471,41295011.0,1.0,0.0
2021-06-10,0.4515,0.4528,0.444,0.4446,10742019.0,1.0,0.0
2021-06-11,0.4472,0.4509,0.443,0.4504,15661275.0,1.0,0.0
2021-06-14,0.4605,0.4614,0.4519,0.457,22605774.0,1.0,0.0
2021-06-15,0.4592,0.4632,0.459,0.4618,48530403.0,1.0,0.0
2021-06-16,0.4647,0.4663,0.4605,0.4622,25033820.0,1.0,0.0
2021-06-17,0.4615,0.4617,0.4468,0.4497,35560916.0,1.0,0.0
2021-06-18,0.4461,0.4518,0.4422,0.4452,1653832.0,1.0,0.0
2021-06-21,0.4412,0.4432,0.4333,0.4344,27702031.0,1.0,0.0
2021-06-22,0.435,0.4386,0.4246,0.4277,18976627.0,1.0,0.0
2021-06-23,0.4199,0.4212,0.4007,0.4078,20718705.0,1.0,0.0
2021-06-24,0.4058,0.4069,0.4016,0.4048,46316476.0,1.0,0.0
2021-06-25,0.4061,0.4166,0.4053,0.4137,32740906.0,1.0,0.0
2021-06-28,0.4095,0.4125,0.4031,0.4038,16169208.0,1.0,0.0
2021-06-29,0.3926,0.3949,0.3863,0.3901,26530121.0,1.0,0.0
2021-06-30,0.3972,0.4021,0.3947,0.398,43507301.0,1.0,0.0
2021-07-01,0.3986,0.4032,0.3965,0.4007,8253478.0,1.0,0.0
2021-07-02,0.401,0.4089,0.3993,0.4067,23424353.0,1.0,0.0
2021-07-06,0.4094,0.4099,0.4028,0.4039,37624740.0,1.0,0.0
2021-07-07,0.4095,0.423,0.4053,0.4204,24364655.0,1.0,0.0
2021-07-08,0.4126,0.4264,0.4094,0.4241,16084232.0,1.0,0.0
2021-07-09,0.4188,0.4292,0.4182,0.4194,12028638.0,1.0,0.0
2021-07-12,0.4212,0.4276,0.4178,0.4248,8363126.0,1.0,0.0
2021-07-13,0.4257,0.4309,0.4175,0.4211,10939354.0,1.0,0.0
2021-07-14,0.4149,0.4248,0.4101,0.421,13624233.0,1.0,0.0
2021-07-15,0.4238,0.4251,0.4198,0.4227,42292333.0,1.0,0.0
2021-07-16,0.4247,0.4292,0.4231,0.4268,13712107.0,1.0,0.0
2021-07-19,0.428,0.4334,0.4251,0.4327,32117721.0,1.0,0.0
2021-07-20,0.4319,0.4339,0.4197,0.4202,21087068.0,1.0,0.0
2021-07-21,0.4199,0.434,0.4173,0.4306,27143553.0,1.0,0.0
2021-07-22,0.4328,0.433,0.4176,0.4219,43588088.0,1.0,0.0
2021-07-23,0.4175,0.4277,0.416,0.426,42163421.0,1.0,0.0
2021-07-26,0.4262,0.4274,0.4255,0.4266,18808897.0,1.0,0.0
2021-07-27,0.4288,0.432,0.4266,0.4286,21828270.0,1.0,0.0
2021-07-28,0.4231,0.425,0.4129,0.4144,22305173.0,1.0,0.0
2021-07-29,0.4096,0.4197,0.4081,0.4138,29745203.0,1.0,0.0
2021-07-30,0.4151,0.4231,0.4074,0.4087,13441506.0,1.0,0.0
2021-08-02,0.4167,0.4181,0.4141,0.4178,9937454.0,1.0,0.0
2021-08-03,0.4212,0.4215,0.4173,0.4174,10830896.0,1.0,0.0
2021-08-04,0.4191,0.423,0.4138,0.4158,35760381.0,1.0,0.0
2021-08-05,0.4156,0.4212,0.4144,0.4187,18869725.0,1.0,0.0
2021-08-06,0.4153,0.4204,0.413,0.4186,31003654.0,1.0,0.0
2021-08-09,0.419,0.4352,0.4176,0.431,48293686.0,1.0,0.0
2021-08-10,0.4258,0.4297,0.4258,0.4295,2187445.0,1.0,0.0
2021-08-11,0.4284,0.4465,0.4281,0.4434,29097319.0,1.0,0.0
2021-08-12,0.4423,0.4668,0.4402,0.461,32511456.0,1.0,0.0
2021-08-13,0.4621,0.463,0.4523,0.4558,49418306.0,1.0,0.0
2021-08-16,0.4574,0.4603,0.4392,0.4426,39312218.0,1.0,0.0
2021-08-17,0.4503,0.4678,0.4494,0.4671,46615475.0,1.0,0.0
2021-08-18,0.4649,0.4873,0.4632,0.48,17349637.0,1.0,0.0
2021-08-19,0.4922,0.493,0.475,0.4768,38722503.0,1.0,0.0
2021-08-20,0.4793,0.4871,0.4737,0.4817,28541435.0,1.0,0.0
2021-08-23,0.4943,0.5017,0.4904,0.5012,18060053.0,1.0,0.0
2021-08-24,0.5071,0.5225,0.5031,0.5193,47808627.0,1.0,0.0
2021-08-25,0.5212,0.5234,0.5148,0.5159,23566875.0,1.0,0.0
2021-08-26,0.527,0.542,0.5244,0.5357,39490570.0,1.0,0.0
2021-08-27,0.5361,0.5409,0.5199,0.522,47244931.0,1.0,0.0
2021-08-30,0.5053,0.5094,0.4914,0.4945,35094443.0,1.0,0.0
2021-08-31,0.4893,0.4909,0.4844,0.4863,12671317.0,1.0,0.0
2021-09-01,0.4918,0.4972,0.4889,0.4895,42716760.0,1.0,0.0
2021-09-02,0.4872,0.4941,0.4854,0.4919,24642440.0,1.0,0.0
2021-09-03,0.4879,0.4882,0.4833,0.4879,18523788.0,1.0,0.0
2021-09-07,0.4876,0.4967,0.4871,0.4886,48167508.0,1.0,0.0
2021-09-08,0.4816,0.4832,0.4788,0.4812,11531390.0,1.0,0.0
2021-09-09,0.482,0.4905,0.4806,0.4863,10351940.0,1.0,0.0
2021-09-10,0.4736,0.4779,0.4723,0.4727,4039152.0,1.0,0.0
2021-09-13,0.4875,0.4884,0.4798,0.4833,23917387.0,1.0,0.0
2021-09-14,0.4775,0.5039,0.4711,0.5004,16043628.0,1.0,0.0
2021-09-15,0.4949,0.4967,0.4809,0.4849,6870215.0,1.0,0.0
2021-09-16,0.4985,0.5106,0.493,0.5032,46367240.0,1.0,0.0
2021-09-17,0.4966,0.4973,0.4836,0.4865,27264154.0,1.0,0.0
2021-09-20,0.4768,0.477,0.4701,0.4735,44812752.0,1.0,0.0
2021-09-21,0.4781,0.4833,0.4629,0.4648,5179915.0,1.0,0.0
2021-09-22,0.4533,0.458,0.4527,0.4552,22540462.0,1.0,0.0
2021-09-23,0.4563,0.4627,0.4502,0.4513,9105994.0,1.0,0.0
2021-09-24,0.4476,0.449,0.4408,0.4416,41954746.0,1.0,0.0
2021-09-27,0.4448,0.4464,0.4412,0.4423,35762194.0,1.0,0.0
2021-09-28,0.4397,0.4506,0.4376,0.445,35807523.0,1.0,0.0
2021-09-29,0.4626,0.4698,0.4585,0.4684,39033369.0,1.0,0.0
2021-09-30,0.4624,0.4677,0.4599,0.4654,16007520.0,1.0,0.0
2021-10-01,0.4615,0.4878,0.4595,0.4866,22076157.0,1.0,0.0
2021-10-04,0.4751,0.4845,0.471,0.4838,28853142.0,1.0,0.0
2021-10-05,0.4784,0.4843,0.4701,0.4748,48780541.0,1.0,0.0
2021-10-06,0.472,0.4763,0.4678,0.4729,13248114.0,1.0,0.0
2021-10-07,0.4831,0.4967,0.4773,0.4943,46663870.0,1.0,0.0
2021-10-08,0.4925,0.496,0.4837,0.4855,21940020.0,1.0,0.0
2021-10-11,0.4776,0.4788,0.4705,0.4707,21303807.0,1.0,0.0
2021-10-12,0.4616,0.4696,0.4609,0.4693,1440531.0,1.0,0.0
2021-10-13,0.4598,0.4602,0.4421,0.4448,43911079.0,1.0,0.0
2021-10-14,0.4314,0.4438,0.4307,0.435,29142665.0,1.0,0.0
2021-10-15,0.442,0.443,0.4256,0.4325,11202414.0,1.0,0.0
2021-10-18,0.4132,0.4203,0.4116,0.4184,31138474.0,1.0,0.0
2021-10-19,0.4205,0.4209,0.412,0.4174,20376927.0,1.0,0.0
2021-10-20,0.4246,0.4272,0.4127,0.417,36536937.0,1.0,0.0
2021-10-21,0.4188,0.4302,0.4185,0.4292,31253635.0,1.0,0.0
2021-10-22,0.4543,0.4556,0.4377,0.4447,25033373.0,1.0,0.0
2021-10-25,0.441,0.4431,0.4405,0.4422,47936591.0,1.0,0.0
2021-10-26,0.4359,0.4393,0.4309,0.4347,15591088.0,1.0,0.0
2021-10-27,0.425,0.4252,0.4157,0.4182,18372324.0,1.0,0.0
2021-10-28,0.416,0.419,0.4147,0.4158,18525425.0,1.0,0.0
2021-10-29,0.427,0.4313,0.4233,0.4266,36151068.0,1.0,0.0
2021-11-01,0.413,0.4162,0.4022,0.4054,23432721.0,1.0,0.0
2021-11-02,0.3999,0.4041,0.3988,0.4032,14897073.0,1.0,0.0
2021-11-03,0.4039,0.406,0.3964,0.3976,42519399.0,1.0,0.0
2021-11-04,0.3924,0.397,0.3874,0.389,32894221.0,1.0,0.0
2021-11-05,0.3997,0.4015,0.3966,0.3987,2831409.0,1.0,0.0
2021-11-08,0.4164,0.4194,0.412,0.4163,39560716.0,1.0,0.0
2021-11-09,0.4228,0.4267,0.3958,0.3977,20280644.0,1.0,0.0
2021-11-10,0.4057,0.4077,0.3997,0.4062,30934629.0,1.0,0.0
2021-11-11,0.4066,0.4185,0.4063,0.4147,14535378.0,1.0,0.0
2021-11-12,0.4087,0.4222,0.406,0.4188,17333928.0,1.0,0.0
2021-11-15,0.4206,0.4237,0.4181,0.4186,7169922.0,1.0,0.0
2021-11-16,0.4088,0.4094,0.3981,0.4018,18307270.0,1.0,0.0
2021-11-17,0.4019,0.4034,0.3948,0.3948,18064539.0,1.0,0.0
2021-11-18,0.3934,0.3969,0.3839,0.388,1993627.0,1.0,0.0
2021-11-19,0.3975,0.3983,0.3862,0.3897,1177764.0,1.0,0.0
2021-11-22,0.3999,0.4088,0.3991,0.4078,42212172.0,1.0,0.0
2021-11-23,0.406,0.4214,0.3988,0.4197,7766955.0,1.0,0.0
2021-11-24,0.417,0.421,0.4117,0.4147,7652466.0,1.0,0.0
2021-11-26,0.4129,0.4197,0.4119,0.4165,6416109.0,1.0,0.0
2021-11-29,0.4094,0.4129,0.4038,0.4081,44532083.0,1.0,0.0
2021-11-30,0.4123,0.4143,0.4066,0.409,22740996.0,1.0,0.0
2021-12-01,0.3913,0.3928,0.3822,0.3837,38623678.0,1.0,0.0
2021-12-02,0.3845,0.3878,0.3824,0.3826,16942818.0,1.0,0.0
2021-12-03,0.3664,0.3699,0.3651,0.3681,5717022.0,1.0,0.0
2021-12-06,0.3697,0.3705,0.3605,0.3628,8365454.0,1.0,0.0
2021-12-07,0.3655,0.3673,0.3587,0.3617,21211215.0,1.0,0.0
2021-12-08,0.3564,0.3587,0.3506,0.3563,37163553.0,1.0,0.0
2021-12-09,0.3499,0.3544,0.3453,0.3488,47651797.0,1.0,0.0
2021-12-10,0.353,0.3547,0.3487,0.3532,16730006.0,1.0,0.0
2021-12-13,0.3592,0.3616,0.3531,0.3532,19726165.0,1.0,0.0
2021-12-14,0.3406,0.342,0.3347,0.3374,27943072.0,1.0,0.0
2021-12-15,0.3337,0.3407,0.3301,0.3364,21364807.0,1.0,0.0
2021-12-16,0.3297,0.3331,0.3242,0.3253,16466170.0,1.0,0.0
2021-12-17,0.3163,0.3213,0.3121,0.3137,36801619.0,1.0,0.0
2021-12-20,0.305,0.3086,0.2998,0.3,8741208.0,1.0,0.0
2021-12-21,0.3018,0.3026,0.297,0.2992,8712928.0,1.0,0.0
2021-12-22,0.2936,0.3035,0.2916,0.3027,7001912.0,1.0,0.0
2021-12-23,0.2982,0.3003,0.2905,0.2906,8143743.0,1.0,0.0
2021-12-27,0.2855,0.2865,0.2821,0.2833,38326737.0,1.0,0.0
2021-12-28,0.2915,0.3037,0.2895,0.302,41102709.0,1.0,0.0
2021-12-29,0.2921,0.2923,0.2858,0.2897,25079127.0,1.0,0.0
2021-12-30,0.2941,0.2966,0.2907,0.2907,46347619.0,1.0,0.0
2021-12-31,0.2884,0.2887,0.2875,0.2884,20422278.0,1.0,0.0
2022-01-03,0.2892,0.2911,0.2821,0.284,9466690.0,1.0,0.0
2022-01-04,0.2957,0.3023,0.2922,0.3001,32229980.0,1.0,0.0
2022-01-05,0.3043,0.3129,0.2991,0.3114,30212759.0,1.0,0.0
2022-01-06,0.305,0.3093,0.3047,0.3056,46541547.0,1.0,0.0
2022-01-07,0.307,0.3104,0.3041,0.3094,7956215.0,1.0,0.0
2022-01-10,0.3161,0.3257,0.3141,0.3202,27541200.0,1.0,0.0
2022-01-11,0.3202,0.3246,0.3194,0.3209,36379716.0,1.0,0.0
2022-01-12,0.3251,0.3277,0.3133,0.3145,12681090.0,1.0,0.0
2022-01-13,0.3125,0.314,0.3084,0.3095,20945257.0,1.0,0.0
2022-01-14,0.3097,0.311,0.305,0.3058,4952967.0,1.0,0.0
2022-01-18,0.3036,0.308,0.3032,0.3048,33061176.0,1.0,0.0
2022-01-19,0.3067,0.3087,0.3058,0.3086,16363693.0,1.0,0.0
2022-01-20,0.3157,0.3183,0.314,0.3147,34939285.0,1.0,0.0
2022-01-21,0.3187,0.3223,0.3167,0.3204,1135682.0,1.0,0.0
2022-01-24,0.3244,0.3275,0.3156,0.3175,47909585.0,1.0,0.0
2022-01-25,0.3092,0.3165,0.3086,0.314,27350242.0,1.0,0.0
2022-01-26,0.315,0.3195,0.3142,0.3186,16810968.0,1.0,0.0
2022-01-27,0.3235,0.3264,0.3125,0.3184,5788440.0,1.0,0.0
2022-01-28,0.3154,0.3193,0.3135,0.3176,1967144.0,1.0,0.0
2022-01-31,0.3186,0.3203,0.3168,0.3172,41499535.0,1.0,0.0
2022-02-01,0.3224,0.3243,0.3214,0.3234,6815267.0,1.0,0.0
2022-02-02,0.3323,0.3326,0.3207,0.321,14950482.0,1.0,0.0
2022-02-03,0.3116,0.3156,0.3085,0.313,43947146.0,1.0,0.0
2022-02-04,0.3183,0.3227,0.3146,0.3175,9962631.0,1.0,0.0
2022-02-07,0.3196,0.3261,0.3164,0.3251,25149741.0,1.0,0.0
2022-02-08,0.3203,0.3234,0.3187,0.322,21809665.0,1.0,0.0
2022-02-09,0.3181,0.324,0.3176,0.3218,2892616.0,1.0,0.0
2022-02-10,0.3188,0.3212,0.3139,0.3168,14291052.0,1.0,0.0
2022-02-11,0.3167,0.328,0.3134,0.3249,30505708.0,1.0,0.0
2022-02-14,0.3289,0.3306,0.3168,0.317,14310229.0,1.0,0.0
2022-02-15,0.3071,0.3134,0.3071,0.3094,42122918.0,1.0,0.0
2022-02-16,0.3056,0.3078,0.3023,0.3044,17858340.0,1.0,0.0
2022-02-17,0.3002,0.3024,0.2887,0.2907,40517665.0,1.0,0.0
2022-02-18,0.2902,0.292,0.2857,0.2884,28482859.0,1.0,0.0
2022-02-22,0.2874,0.2905,0.2844,0.2904,27740507.0,1.0,0.0
2022-02-23,0.2866,0.289,0.2854,0.2873,33770737.0,1.0,0.0
2022-02-24,0.2904,0.3042,0.2895,0.302,31549776.0,1.0,0.0
2022-02-25,0.3056,0.3169,0.3049,0.3144,12388671.0,1.0,0.0
2022-02-28,0.3104,0.3108,0.3083,0.3102,16380664.0,1.0,0.0
2022-03-01,0.3187,0.3235,0.3164,0.3206,38613592.0,1.0,0.0
2022-03-02,0.3272,0.3304,0.3225,0.3231,43638529.0,1.0,0.0
2022-03-03,0.328,0.3329,0.3232,0.3252,33217518.0,1.0,0.0
2022-03-04,0.3284,0.3324,0.3263,0.3308,47880741.0,1.0,0.0
2022-03-07,0.3275,0.3428,0.3273,0.3383,46431775.0,1.0,0.0
2022-03-08,0.3394,0.3416,0.3251,0.3296,10627150.0,1.0,0.0
2022-03-09,0.3238,0.3289,0.3225,0.3282,8906180.0,1.0,0.0
2022-03-10,0.3278,0.3298,0.3238,0.3245,26125164.0,1.0,0.0
2022-03-11,0.3253,0.3332,0.3221,0.3317,6651891.0,1.0,0.0
2022-03-14,0.3395,0.3397,0.3356,0.338,26806763.0,1.0,0.0
2022-03-15,0.313,0.3171,0.3069,0.3099,48226662.0,1.0,0.0
2022-03-16,0.3097,0.3123,0.306,0.3113,20014234.0,1.0,0.0
2022-03-17,0.3144,0.3166,0.3122,0.3133,27045596.0,1.0,0.0
2022-03-18,0.3107,0.3192,0.3102,0.3156,1045805.0,1.0,0.0
2022-03-21,0.3196,0.3216,0.3168,0.3177,8011280.0,1.0,0.0
2022-03-22,0.3201,0.3227,0.3189,0.3214,19593942.0,1.0,0.0
2022-03-23,0.3271,0.3284,0.3191,0.3197,26548773.0,1.0,0.0
2022-03-24,0.3203,0.3265,0.3193,0.3249,7217991.0,1.0,0.0
2022-03-25,0.3252,0.3361,0.321,0.3361,9278258.0,1.0,0.0
2022-03-28,0.3362,0.338,0.3324,0.3333,49735990.0,1.0,0.0
2022-03-29,0.3316,0.337,0.3293,0.3351,33590482.0,1.0,0.0
2022-03-30,0.3324,0.3407,0.3287,0.3387,28669132.0,1.0,0.0
2022-03-31,0.3365,0.3386,0.3265,0.3277,20325793.0,1.0,0.0
2022-04-01,0.3203,0.3247,0.3157,0.3239,20541739.0,1.0,0.0
2022-04-04,0.3223,0.3297,0.3167,0.3295,16571824.0,1.0,0.0
2022-04-05,0.3312,0.3358,0.3296,0.3342,24630395.0,1.0,0.0
2022-04-06,0.3312,0.3339,0.3308,0.3337,25778641.0,1.0,0.0
2022-04-07,0.3342,0.335,0.333,0.3331,20598392.0,1.0,0.0
2022-04-08,0.3396,0.3401,0.3258,0.3291,32713553.0,1.0,0.0
2022-04-11,0.3248,0.3349,0.3226,0.3321,46863939.0,1.0,0.0
2022-04-12,0.3318,0.3329,0.3258,0.3262,48791923.0,1.0,0.0
2022-04-13,0.3298,0.3377,0.3289,0.3364,15622264.0,1.0,0.0
2022-04-14,0.3345,0.3441,0.3339,0.3411,20992242.0,1.0,0.0
2022-04-18,0.3416,0.3499,0.3409,0.3467,34138870.0,1.0,0.0
2022-04-19,0.3486,0.3488,0.3442,0.3446,23904751.0,1.0,0.0
2022-04-20,0.3444,0.3482,0.3421,0.3456,23990156.0,1.0,0.0
2022-04-21,0.3405,0.3447,0.3387,0.3434,45745743.0,1.0,0.0
2022-04-22,0.3515,0.352,0.3513,0.3518,32900991.0,1.0,0.0
2022-04-25,0.3557,0.3626,0.355,0.3623,10770199.0,1.0,0.0
2022-04-26,0.3577,0.3607,0.3568,0.3583,15949236.0,1.0,0.0
2022-04-27,0.3507,0.3511,0.3397,0.3424,18541635.0,1.0,0.0
2022-04-28,0.3408,0.3418,0.3394,0.3406,35740323.0,1.0,0.0
2022-04-29,0.346,0.3467,0.3429,0.3431,43195892.0,1.0,0.0
2022-05-02,0.3357,0.3397,0.3337,0.3384,8700840.0,1.0,0.0
2022-05-03,0.3342,0.3385,0.3312,0.3326,41272040.0,1.0,0.0
2022-05-04,0.3366,0.3415,0.3324,0.3391,36975005.0,1.0,0.0
2022-05-05,0.3429,0.3477,0.3417,0.3468,16941112.0,1.0,0.0
2022-05-06,0.3465,0.3536,0.3461,0.351,44797783.0,1.0,0.0
2022-05-09,0.3578,0.3597,0.3507,0.353,26314611.0,1.0,0.0
2022-05-10,0.3465,0.3517,0.3452,0.3508,40647303.0,1.0,0.0
2022-05-11,0.3477,0.348,0.341,0.3415,21486996.0,1.0,0.0
2022-05-12,0.3392,0.3486,0.3351,0.3444,42231773.0,1.0,0.0
2022-05-13,0.3442,0.3492,0.3408,0.3458,36779638.0,1.0,0.0
2022-05-16,0.3456,0.3518,0.3452,0.3458,30551171.0,1.0,0.0
2022-05-17,0.3438,0.3476,0.3404,0.3454,15923325.0,1.0,0.0
2022-05-18,0.3414,0.3445,0.3308,0.3376,18795071.0,1.0,0.0
2022-05-19,0.3363,0.3367,0.3303,0.3341,30145165.0,1.0,0.0
2022-05-20,0.3259,0.3297,0.3247,0.3287,15941652.0,1.0,0.0
2022-05-23,0.3263,0.3276,0.32,0.3226,42010590.0,1.0,0.0
2022-05-24,0.3232,0.3234,0.321,0.3232,48825944.0,1.0,0.0
2022-05-25,0.3233,0.3233,0.3209,0.3223,41616433.0,1.0,0.0
2022-05-26,0.3198,0.3236,0.3175,0.3186,12536886.0,1.0,0.0
2022-05-27,0.3213,0.3272,0.3152,0.3249,48097089.0,1.0,0.0
2022-05-31,0.3251,0.3255,0.3014,0.3039,27049663.0,1.0,0.0
2022-06-01,0.3015,0.3103,0.3011,0.3071,19859090.0,1.0,0.0
2022-06-02,0.3057,0.3069,0.3022,0.3051,39812372.0,1.0,0.0
2022-06-03,0.3026,0.3063,0.3008,0.3058,47197377.0,1.0,0.0
2022-06-06,0.3136,0.3171,0.304,0.3059,34228699.0,1.0,0.0
2022-06-07,0.3039,0.3053,0.3036,0.3037,49750509.0,1.0,0.0
2022-06-08,0.3053,0.307,0.2961,0.2969,45388194.0,1.0,0.0
2022-06-09,0.2998,0.3047,0.2981,0.3003,11610103.0,1.0,0.0
2022-06-10,0.3014,0.3089,0.2999,0.3068,27501370.0,1.0,0.0
2022-06-13,0.3027,0.3055,0.3026,0.3054,27749707.0,1.0,0.0
2022-06-14,0.3062,0.3094,0.3012,0.3029,1443969.0,1.0,0.0
2022-06-15,0.3042,0.3059,0.3028,0.3056,19891202.0,1.0,0.0
2022-06-16,0.3115,0.3216,0.309,0.3195,1397765.0,1.0,0.0
2022-06-17,0.3159,0.3256,0.3154,0.3213,14426992.0,1.0,0.0
2022-06-21,0.3264,0.3351,0.3244,0.332,8756327.0,1.0,0.0
2022-06-22,0.333,0.3346,0.3287,0.3295,14197257.0,1.0,0.0
2022-06-23,0.3243,0.3384,0.3242,0.3376,49489464.0,1.0,0.0
2022-06-24,0.3407,0.3437,0.3397,0.3431,31506083.0,1.0,0.0
2022-06-27,0.3377,0.3391,0.3293,0.3316,25055804.0,1.0,0.0
2022-06-28,0.33,0.3375,0.3297,0.3349,29860922.0,1.0,0.0
2022-06-29,0.333,0.3333,0.3325,0.3333,6245464.0,1.0,0.0
2022-06-30,0.326,0.3275,0.3183,0.3201,23269157.0,1.0,0.0
2022-07-01,0.323,0.324,0.3171,0.3212,15583834.0,1.0,0.0
2022-07-05,0.3152,0.3197,0.3134,0.3177,46654572.0,1.0,0.0
2022-07-06,0.323,0.3264,0.3214,0.3249,3679765.0,1.0,0.0
2022-07-07,0.3237,0.3281,0.3222,0.3267,46431286.0,1.0,0.0
2022-07-08,0.3282,0.3326,0.3282,0.3283,13808050.0,1.0,0.0
2022-07-11,0.3255,0.3268,0.3117,0.3169,30149134.0,1.0,0.0
2022-07-12,0.3159,0.3164,0.3058,0.3105,37167978.0,1.0,0.0
2022-07-13,0.3084,0.3203,0.3061,0.3143,4973899.0,1.0,0.0
2022-07-14,0.318,0.3189,0.3045,0.3058,4143382.0,1.0,0.0
2022-07-15,0.2986,0.3029,0.295,0.2968,10134222.0,1.0,0.0
2022-07-18,0.3072,0.3089,0.3024,0.3031,3794882.0,1.0,0.0
2022-07-19,0.3079,0.3119,0.3075,0.3119,12674103.0,1.0,0.0
2022-07-20,0.3146,0.3246,0.3142,0.324,2003687.0,1.0,0.0
2022-07-21,0.328,0.3299,0.3132,0.3151,41877875.0,1.0,0.0
2022-07-22,0.3107,0.3183,0.3077,0.3167,36439257.0,1.0,0.0
2022-07-25,0.3216,0.3254,0.3087,0.3109,39439192.0,1.0,0.0
2022-07-26,0.3109,0.3146,0.3062,0.3079,49241051.0,1.0,0.0
2022-07-27,0.3154,0.3182,0.3124,0.3159,47807738.0,1.0,0.0
2022-07-28,0.3179,0.3222,0.3125,0.3144,47602303.0,1.0,0.0
2022-07-29,0.3204,0.3246,0.3201,0.3228,32565289.0,1.0,0.0
2022-08-01,0.3249,0.3264,0.3214,0.3261,25568833.0,1.0,0.0
2022-08-02,0.3218,0.3276,0.3203,0.3249,10150146.0,1.0,0.0
2022-08-03,0.3267,0.3274,0.323,0.3259,2704485.0,1.0,0.0
2022-08-04,0.3296,0.3386,0.3291,0.3364,10749297.0,1.0,0.0
2022-08-05,0.3345,0.3361,0.3309,0.334,37244379.0,1.0,0.0
2022-08-08,0.3338,0.3394,0.3308,0.3389,40934602.0,1.0,0.0
2022-08-09,0.341,0.3412,0.3317,0.332,23620587.0,1.0,0.0
2022-08-10,0.3307,0.3333,0.3229,0.3241,33094967.0,1.0,0.0
2022-08-11,0.3304,0.3352,0.3232,0.3274,37092317.0,1.0,0.0
2022-08-12,0.3276,0.3352,0.3264,0.3324,36737012.0,1.0,0.0
2022-08-15,0.3317,0.3428,0.3317,0.3404,36714503.0,1.0,0.0
2022-08-16,0.3456,0.3535,0.3421,0.3534,39125462.0,1.0,0.0
2022-08-17,0.3532,0.3563,0.35,0.3558,18816712.0,1.0,0.0
2022-08-18,0.3613,0.3613,0.357,0.3579,15945231.0,1.0,0.0
2022-08-19,0.3527,0.3543,0.3457,0.3488,40653646.0,1.0,0.0
2022-08-22,0.3455,0.3485,0.3413,0.3439,46163685.0,1.0,0.0
2022-08-23,0.3377,0.3454,0.3333,0.3437,24267823.0,1.0,0.0
2022-08-24,0.3529,0.3541,0.3403,0.3462,28588653.0,1.0,0.0
2022-08-25,0.3449,0.3459,0.3336,0.3349,37593070.0,1.0,0.0
2022-08-26,0.3379,0.3436,0.3351,0.3365,17383593.0,1.0,0.0
2022-08-29,0.3328,0.3343,0.3273,0.3317,35971624.0,1.0,0.0
2022-08-30,0.3325,0.3338,0.3282,0.3294,30906560.0,1.0,0.0
2022-08-31,0.3256,0.3272,0.325,0.3271,35690686.0,1.0,0.0
2022-09-01,0.3269,0.3273,0.3198,0.3214,43568420.0,1.0,0.0
2022-09-02,0.3162,0.3177,0.3096,0.3115,44028071.0,1.0,0.0
2022-09-06,0.3132,0.3143,0.3092,0.3094,2415553.0,1.0,0.0
2022-09-07,0.3095,0.3126,0.3023,0.3038,28251662.0,1.0,0.0
2022-09-08,0.2964,0.3047,0.2931,0.3013,2226015.0,1.0,0.0
2022-09-09,0.3034,0.3046,0.2998,0.301,12035006.0,1.0,0.0
2022-09-12,0.3045,0.3054,0.293,0.2931,44550459.0,1.0,0.0
2022-09-13,0.2913,0.2934,0.2782,0.2816,31011842.0,1.0,0.0
2022-09-14,0.2902,0.2906,0.2818,0.282,49152413.0,1.0,0.0
2022-09-15,0.2794,0.2806,0.2785,0.2793,37667969.0,1.0,0.0
2022-09-16,0.2812,0.2848,0.2804,0.2833,44142074.0,1.0,0.0
2022-09-19,0.2848,0.2871,0.2815,0.287,23616727.0,1.0,0.0
2022-09-20,0.2824,0.2868,0.2821,0.2839,7605405.0,1.0,0.0
2022-09-21,0.2879,0.2941,0.2878,0.2926,9329861.0,1.0,0.0
2022-09-22,0.2976,0.3024,0.2971,0.3008,22762204.0,1.0,0.0
2022-09-23,0.2954,0.2958,0.2874,0.2911,16076208.0,1.0,0.0
2022-09-26,0.2941,0.298,0.2854,0.2868,12401891.0,1.0,0.0
2022-09-27,0.2867,0.2903,0.2863,0.2882,11327237.0,1.0,0.0
2022-09-28,0.289,0.2898,0.288,0.2894,34757051.0,1.0,0.0
2022-09-29,0.2871,0.2946,0.2837,0.294,1423690.0,1.0,0.0
2022-09-30,0.2932,0.2971,0.2922,0.2965,33211417.0,1.0,0.0
2022-10-03,0.2952,0.3016,0.2925,0.3007,22046572.0,1.0,0.0
2022-10-04,0.2984,0.3071,0.2966,0.3063,43815481.0,1.0,0.0
2022-10-05,0.3069,0.3136,0.3057,0.3108,28317029.0,1.0,0.0
2022-10-06,0.3116,0.3159,0.3104,0.3155,43996067.0,1.0,0.0
2022-10-07,0.3019,0.3034,0.2966,0.299,22661953.0,1.0,0.0
2022-10-10,0.2908,0.2919,0.2774,0.2791,29438749.0,1.0,0.0
2022-10-11,0.2785,0.2925,0.2746,0.2879,28828560.0,1.0,0.0
2022-10-12,0.2868,0.2871,0.2805,0.2819,24968648.0,1.0,0.0
2022-10-13,0.2767,0.2772,0.2744,0.2749,15936494.0,1.0,0.0
2022-10-14,0.2715,0.2742,0.2679,0.2692,7740496.0,1.0,0.0
2022-10-17,0.2644,0.2654,0.2602,0.2621,7984745.0,1.0,0.0
2022-10-18,0.2642,0.2642,0.257,0.2573,38034731.0,1.0,0.0
2022-10-19,0.2536,0.2571,0.2512,0.2569,4683285.0,1.0,0.0
2022-10-20,0.2626,0.2652,0.2606,0.2608,11310148.0,1.0,0.0
2022-10-21,0.2546,0.2548,0.2504,0.2522,32312645.0,1.0,0.0
2022-10-24,0.2484,0.2524,0.2442,0.2507,47877030.0,1.0,0.0
2022-10-25,0.2552,0.2576,0.2529,0.2542,17639190.0,1.0,0.0
2022-10-26,0.2546,0.2571,0.251,0.2512,8106287.0,1.0,0.0
2022-10-27,0.2445,0.2448,0.2425,0.2434,45157639.0,1.0,0.0
2022-10-28,0.2457,0.2472,0.2424,0.2427,22084904.0,1.0,0.0
2022-10-31,0.2464,0.2538,0.2442,0.2495,44518205.0,1.0,0.0
2022-11-01,0.2408,0.2504,0.2398,0.2476,39990178.0,1.0,0.0
2022-11-02,0.2482,0.2495,0.2448,0.2478,23178080.0,1.0,0.0
2022-11-03,0.2523,0.2618,0.251,0.2603,49819045.0,1.0,0.0
2022-11-04,0.2633,0.2675,0.2622,0.2665,13401119.0,1.0,0.0
2022-11-07,0.2633,0.2769,0.263,0.2752,34557832.0,1.0,0.0
2022-11-08,0.2724,0.2753,0.2707,0.2749,30386443.0,1.0,0.0
2022-11-09,0.2716,0.2769,0.2705,0.2744,20749281.0,1.0,0.0
2022-11-10,0.2728,0.2737,0.2667,0.2692,33276319.0,1.0,0.0
2022-11-11,0.2692,0.2704,0.2612,0.2641,48912327.0,1.0,0.0
2022-11-14,0.2626,0.2711,0.2626,0.271,47036137.0,1.0,0.0
2022-11-15,0.2698,0.2755,0.2696,0.2746,22993791.0,1.0,0.0
2022-11-16,0.2745,0.2752,0.2714,0.2728,6805736.0,1.0,0.0
2022-11-17,0.2645,0.2654,0.2644,0.2652,43039022.0,1.0,0.0
2022-11-18,0.2647,0.2773,0.2645,0.2768,32447477.0,1.0,0.0
2022-11-21,0.2807,0.2853,0.2788,0.2837,38133296.0,1.0,0.0
2022-11-22,0.2816,0.2871,0.2809,0.285,27188634.0,1.0,0.0
2022-11-23,0.283,0.2836,0.274,0.2778,29642547.0,1.0,0.0
2022-11-25,0.2706,0.2782,0.2696,0.278,25860065.0,1.0,0.0
2022-11-28,0.2838,0.2901,0.2809,0.2895,14657455.0,1.0,0.0
2022-11-29,0.2893,0.2909,0.2874,0.2881,19167956.0,1.0,0.0
2022-11-30,0.2906,0.3036,0.2904,0.3033,47929243.0,1.0,0.0
2022-12-01,0.2999,0.3015,0.2974,0.2999,49026523.0,1.0,0.0
2022-12-02,0.3121,0.3146,0.3098,0.3127,31348046.0,1.0,0.0
2022-12-05,0.318,0.321,0.3078,0.3109,15207050.0,1.0,0.0
2022-12-06,0.3077,0.3118,0.3057,0.3117,16973550.0,1.0,0.0
2022-12-07,0.3109,0.3131,0.3008,0.3021,7245463.0,1.0,0.0
2022-12-08,0.2996,0.3001,0.289,0.2906,31141402.0,1.0,0.0
2022-12-09,0.2975,0.2991,0.2972,0.2982,31243319.0,1.0,0.0
2022-12-12,0.2994,0.3121,0.2963,0.3107,46823681.0,1.0,0.0
2022-12-13,0.312,0.3191,0.3105,0.3191,49998703.0,1.0,0.0
2022-12-14,0.327,0.3283,0.3108,0.3149,42665990.0,1.0,0.0
2022-12-15,0.3128,0.3193,0.3096,0.3169,37523771.0,1.0,0.0
2022-12-16,0.3139,0.3212,0.3114,0.3189,7061574.0,1.0,0.0
2022-12-19,0.3206,0.3221,0.3119,0.3126,41475293.0,1.0,0.0
2022-12-20,0.3152,0.3182,0.3111,0.3115,27420092.0,1.0,0.0
2022-12-21,0.307,0.3179,0.3058,0.3167,25478074.0,1.0,0.0
2022-12-22,0.3109,0.3125,0.3037,0.307,46411904.0,1.0,0.0
2022-12-23,0.3083,0.3172,0.3082,0.3151,39352221.0,1.0,0.0
2022-12-27,0.3245,0.326,0.3153,0.3164,11132077.0,1.0,0.0
2022-12-28,0.3144,0.3168,0.3104,0.3115,20165898.0,1.0,0.0
2022-12-29,0.3155,0.3169,0.3096,0.3108,42657534.0,1.0,0.0
2022-12-30,0.3106,0.3116,0.3055,0.3078,26972688.0,1.0,0.0
2023-01-03,0.3006,0.3066,0.2995,0.3035,35028215.0,1.0,0.0
2023-01-04,0.2962,0.3063,0.2948,0.3037,2581309.0,1.0,0.0
2023-01-05,0.3034,0.3039,0.2939,0.2962,36140094.0,1.0,0.0
2023-01-06,0.3145,0.3154,0.3094,0.3104,34739758.0,1.0,0.0
2023-01-09,0.3088,0.318,0.3067,0.3146,44098057.0,1.0,0.0
2023-01-10,0.3046,0.3066,0.303,0.3066,20854796.0,1.0,0.0
2023-01-11,0.3053,0.3113,0.3041,0.3088,24883457.0,1.0,0.0
2023-01-12,0.303,0.3091,0.3027,0.3089,28718921.0,1.0,0.0
2023-01-13,0.3138,0.3175,0.3015,0.3027,49780344.0,1.0,0.0
2023-01-17,0.2969,0.2986,0.2956,0.2963,19563676.0,1.0,0.0
2023-01-18,0.2923,0.2979,0.2892,0.2962,29082317.0,1.0,0.0
2023-01-19,0.2971,0.3147,0.294,0.3129,16945570.0,1.0,0.0
2023-01-20,0.2837,0.2878,0.2835,0.2864,36793000.0,1.0,0.0
2023-01-23,0.2861,0.2864,0.2771,0.2774,10232488.0,1.0,0.0
2023-01-24,0.2808,0.2822,0.2748,0.2763,20359408.0,1.0,0.0
2023-01-25,0.2762,0.2777,0.2713,0.2741,40111485.0,1.0,0.0
2023-01-26,0.2836,0.2909,0.2832,0.2902,15218738.0,1.0,0.0
2023-01-27,0.2962,0.3032,0.2959,0.2998,12094106.0,1.0,0.0
2023-01-30,0.2995,0.3033,0.2964,0.298,32171738.0,1.0,0.0
2023-01-31,0.3051,0.3063,0.301,0.3018,21607260.0,1.0,0.0
2023-02-01,0.2955,0.2985,0.295,0.2981,14743397.0,1.0,0.0
2023-02-02,0.3088,0.3112,0.307,0.3104,34850774.0,1.0,0.0
2023-02-03,0.3087,0.3094,0.3059,0.3075,38079439.0,1.0,0.0
2023-02-06,0.2986,0.2996,0.2957,0.2977,9408173.0,1.0,0.0
2023-02-07,0.2956,0.3028,0.2929,0.3003,26468851.0,1.0,0.0
2023-02-08,0.3012,0.3014,0.2983,0.3007,34882058.0,1.0,0.0
2023-02-09,0.2943,0.301,0.2917,0.3004,6213828.0,1.0,0.0
2023-02-10,0.2989,0.3017,0.2924,0.2933,16330337.0,1.0,0.0
2023-02-13,0.2869,0.288,0.2747,0.2764,13377117.0,1.0,0.0
2023-02-14,0.2783,0.2787,0.2766,0.2768,30641869.0,1.0,0.0
2023-02-15,0.2726,0.2787,0.2725,0.2782,45712522.0,1.0,0.0
2023-02-16,0.2724,0.2749,0.2672,0.2675,26454967.0,1.0,0.0
2023-02-17,0.2688,0.2692,0.2655,0.2663,46307146.0,1.0,0.0
2023-02-21,0.2559,0.2596,0.2548,0.2562,38972910.0,1.0,0.0
2023-02-22,0.2596,0.267,0.258,0.2664,33762155.0,1.0,0.0
2023-02-23,0.2628,0.269,0.2625,0.2668,43435785.0,1.0,0.0
2023-02-24,0.2559,0.2658,0.2547,0.263,30549107.0,1.0,0.0
2023-02-27,0.2566,0.262,0.2551,0.2612,40288405.0,1.0,0.0
2023-02-28,0.257,0.2631,0.254,0.2596,17672076.0,1.0,0.0
2023-03-01,0.2541,0.2563,0.2516,0.256,11360412.0,1.0,0.0
2023-03-02,0.2447,0.2502,0.2428,0.2476,4863816.0,1.0,0.0
2023-03-03,0.2462,0.2495,0.2445,0.2487,48155903.0,1.0,0.0
2023-03-06,0.2307,0.233,0.2227,0.223,40274452.0,1.0,0.0
2023-03-07,0.232,0.2345,0.2297,0.2324,14937005.0,1.0,0.0
2023-03-08,0.231,0.2329,0.2281,0.2283,44546873.0,1.0,0.0
2023-03-09,0.2235,0.226,0.223,0.2248,33610800.0,1.0,0.0
2023-03-10,0.2247,0.2277,0.2176,0.2188,48303268.0,1.0,0.0
2023-03-13,0.2196,0.2231,0.219,0.2228,23037199.0,1.0,0.0
2023-03-14,0.225,0.2303,0.2249,0.2293,36745366.0,1.0,0.0
2023-03-15,0.235,0.2466,0.2343,0.2464,28932557.0,1.0,0.0
2023-03-16,0.2467,0.2594,0.2467,0.2573,35816479.0,1.0,0.0
2023-03-17,0.2645,0.2731,0.2633,0.2728,21139089.0,1.0,0.0
2023-03-20,0.2566,0.2653,0.2522,0.2619,32324243.0,1.0,0.0
2023-03-21,0.2673,0.275,0.265,0.2719,34737962.0,1.0,0.0
2023-03-22,0.2676,0.2703,0.265,0.2687,9544610.0,1.0,0.0
2023-03-23,0.2705,0.2712,0.2702,0.2707,32231134.0,1.0,0.0
2023-03-24,0.281,0.2816,0.2804,0.2811,43944055.0,1.0,0.0
2023-03-27,0.2785,0.2849,0.278,0.2825,17614679.0,1.0,0.0
2023-03-28,0.278,0.2917,0.2775,0.2902,48679566.0,1.0,0.0
2023-03-29,0.2833,0.2851,0.2795,0.2828,42382621.0,1.0,0.0
2023-03-30,0.2802,0.2809,0.2731,0.2744,21390697.0,1.0,0.0
2023-03-31,0.2734,0.2764,0.2676,0.2679,5926330.0,1.0,0.0
2023-04-03,0.271,0.2715,0.2627,0.2657,33015599.0,1.0,0.0
2023-04-04,0.2682,0.2744,0.2677,0.2723,32659893.0,1.0,0.0
2023-04-05,0.2782,0.2821,0.2773,0.2798,35023775.0,1.0,0.0
2023-04-06,0.2805,0.2828,0.2766,0.2775,10034565.0,1.0,0.0
2023-04-10,0.271,0.2713,0.2706,0.2713,42846598.0,1.0,0.0
2023-04-11,0.2722,0.2747,0.2665,0.2693,10009329.0,1.0,0.0
2023-04-12,0.2555,0.2625,0.2512,0.2597,44787642.0,1.0,0.0
2023-04-13,0.2578,0.2611,0.254,0.2569,8371525.0,1.0,0.0
2023-04-14,0.2556,0.2594,0.2547,0.2586,25233024.0,1.0,0.0
2023-04-17,0.2443,0.2445,0.2408,0.2425,11963485.0,1.0,0.0
2023-04-18,0.2412,0.2414,0.2365,0.2387,8946299.0,1.0,0.0
2023-04-19,0.2347,0.2355,0.2301,0.2306,48479467.0,1.0,0.0
2023-04-20,0.2285,0.2304,0.2279,0.2304,28940143.0,1.0,0.0
2023-04-21,0.2227,0.223,0.2216,0.2222,49854772.0,1.0,0.0
2023-04-24,0.2236,0.2269,0.2197,0.2253,25151383.0,1.0,0.0
2023-04-25,0.2219,0.2228,0.2173,0.2182,10333265.0,1.0,0.0
2023-04-26,0.2168,0.2175,0.2132,0.2138,5707129.0,1.0,0.0
2023-04-27,0.2158,0.2159,0.2138,0.2142,32248916.0,1.0,0.0
2023-04-28,0.1942,0.2,0.1916,0.1972,18580446.0,1.0,0.0
2023-05-01,0.1898,0.193,0.186,0.1867,38731643.0,1.0,0.0
2023-05-02,0.2005,0.2019,0.1934,0.1951,49436370.0,1.0,0.0
2023-05-03,0.1859,0.188,0.1858,0.1874,38588436.0,1.0,0.0
2023-05-04,0.1841,0.1847,0.1825,0.1828,9195362.0,1.0,0.0
2023-05-05,0.1762,0.1772,0.167,0.1673,36341904.0,1.0,0.0
2023-05-08,0.1696,0.172,0.1686,0.1704,5321310.0,1.0,0.0
2023-05-09,0.1669,0.1674,0.1639,0.1644,33616001.0,1.0,0.0
2023-05-10,0.1595,0.1596,0.1518,0.1536,39335831.0,1.0,0.0
2023-05-11,0.1546,0.1552,0.1524,0.1534,35820952.0,1.0,0.0
2023-05-12,0.1527,0.1543,0.1496,0.1497,43008311.0,1.0,0.0
2023-05-15,0.1441,0.1459,0.1406,0.1406,12704150.0,1.0,0.0
2023-05-16,0.1337,0.1358,0.131,0.1321,32968875.0,1.0,0.0
2023-05-17,0.1309,0.1323,0.1302,0.1313,37138887.0,1.0,0.0
2023-05-18,0.1281,0.1287,0.1231,0.1238,36927003.0,1.0,0.0
2023-05-19,0.1248,0.1262,0.1231,0.1258,11864323.0,1.0,0.0
2023-05-22,0.1247,0.1265,0.1243,0.1252,21855711.0,1.0,0.0
2023-05-23,0.1243,0.1253,0.1242,0.1244,4240651.0,1.0,0.0
2023-05-24,0.1249,0.1255,0.1232,0.1232,46934931.0,1.0,0.0
2023-05-25,0.1226,0.1234,0.1209,0.1221,17215401.0,1.0,0.0
2023-05-26,0.1223,0.1227,0.1216,0.1217,39119535.0,1.0,0.0
2023-05-30,0.1188,0.1195,0.1172,0.1194,32830066.0,1.0,0.0
2023-05-31,0.1178,0.1185,0.1152,0.1154,41046311.0,1.0,0.0
2023-06-01,0.1162,0.1165,0.1138,0.1145,25959945.0,1.0,0.0
2023-06-02,0.1136,0.114,0.1094,0.1097,44450700.0,1.0,0.0
2023-06-05,0.1087,0.1092,0.1072,0.1078,33249408.0,1.0,0.0
2023-06-06,0.1052,0.1088,0.1049,0.1085,27395897.0,1.0,0.0
2023-06-07,0.1071,0.1077,0.1065,0.1068,8879941.0,1.0,0.0
2023-06-08,0.1061,0.1079,0.106,0.1078,13333886.0,1.0,0.0
2023-06-09,0.1085,0.1106,0.1084,0.11,4947444.0,1.0,0.0
2023-06-12,0.1135,0.1155,0.1128,0.1152,14054716.0,1.0,0.0
2023-06-13,0.1136,0.1145,0.1134,0.1138,45885296.0,1.0,0.0
2023-06-14,0.1136,0.1145,0.1123,0.1129,22752536.0,1.0,0.0
2023-06-15,0.116,0.1177,0.1154,0.1168,23703962.0,1.0,0.0
2023-06-16,0.1172,0.1179,0.1157,0.117,15278091.0,1.0,0.0
2023-06-20,0.117,0.1173,0.1157,0.1169,49156218.0,1.0,0.0
2023-06-21,0.1182,0.12,0.1171,0.1173,14231135.0,1.0,0.0
2023-06-22,0.1173,0.1211,0.1163,0.1203,33456567.0,1.0,0.0
2023-06-23,0.1192,0.1197,0.1155,0.1157,19469357.0,1.0,0.0
2023-06-26,0.1151,0.1171,0.1147,0.1167,9286488.0,1.0,0.0
2023-06-27,0.1165,0.1173,0.1157,0.1173,23799627.0,1.0,0.0
2023-06-28,0.1168,0.1174,0.1149,0.1157,31301014.0,1.0,0.0
2023-06-29,0.1161,0.117,0.116,0.1167,7737973.0,1.0,0.0
2023-06-30,0.1152,0.1179,0.1144,0.117,48702891.0,1.0,0.0
2023-07-03,0.1172,0.1177,0.1149,0.1153,38603511.0,1.0,0.0
2023-07-05,0.1121,0.1124,0.1081,0.1099,36961935.0,1.0,0.0
2023-07-06,0.1091,0.1165,0.1081,0.1148,10199943.0,1.0,0.0
2023-07-07,0.1153,0.1157,0.1136,0.1139,45197181.0,1.0,0.0
2023-07-10,0.1121,0.113,0.1109,0.1124,39579460.0,1.0,0.0
2023-07-11,0.1125,0.1126,0.11,0.1108,14865334.0,1.0,0.0
2023-07-12,0.1099,0.1103,0.1081,0.1086,4292783.0,1.0,0.0
2023-07-13,0.1158,0.1184,0.1154,0.1175,20594632.0,1.0,0.0
2023-07-14,0.1179,0.119,0.1172,0.118,7853080.0,1.0,0.0
2023-07-17,0.1176,0.122,0.1171,0.122,24957932.0,1.0,0.0
2023-07-18,0.1244,0.1245,0.1219,0.122,8914875.0,1.0,0.0
2023-07-19,0.1204,0.1224,0.1194,0.1221,5828230.0,1.0,0.0
2023-07-20,0.1233,0.1244,0.1228,0.1238,5764757.0,1.0,0.0
2023-07-21,0.1247,0.1281,0.1242,0.1276,21473242.0,1.0,0.0
2023-07-24,0.1262,0.1271,0.126,0.1265,18677135.0,1.0,0.0
2023-07-25,0.1254,0.1258,0.125,0.125,20914602.0,1.0,0.0
2023-07-26,0.1255,0.1259,0.1251,0.1254,36663563.0,1.0,0.0
2023-07-27,0.1283,0.1288,0.1225,0.1238,28802383.0,1.0,0.0
2023-07-28,0.1202,0.1202,0.1177,0.1191,13002886.0,1.0,0.0
2023-07-31,0.1188,0.1198,0.1179,0.1193,10852999.0,1.0,0.0
2023-08-01,0.1156,0.1175,0.1144,0.1175,28730324.0,1.0,0.0
2023-08-02,0.1188,0.1208,0.1142,0.1152,33689498.0,1.0,0.0
2023-08-03,0.1168,0.1199,0.1164,0.1196,43012600.0,1.0,0.0
2023-08-04,0.1199,0.1216,0.1189,0.121,10536963.0,1.0,0.0
2023-08-07,0.1154,0.1159,0.1142,0.1148,17267790.0,1.0,0.0
2023-08-08,0.111,0.1132,0.1105,0.1128,36104391.0,1.0,0.0
2023-08-09,0.1135,0.1147,0.1114,0.1115,2734814.0,1.0,0.0
2023-08-10,0.1068,0.1107,0.1054,0.1103,40178252.0,1.0,0.0
2023-08-11,0.1099,0.1105,0.1063,0.1066,6277067.0,1.0,0.0
2023-08-14,0.1087,0.1118,0.1073,0.111,1644126.0,1.0,0.0
2023-08-15,0.1122,0.1141,0.11,0.1109,26630157.0,1.0,0.0
2023-08-16,0.112,0.1138,0.1111,0.1124,32282521.0,1.0,0.0
2023-08-17,0.1122,0.1125,0.1116,0.1122,1378365.0,1.0,0.0
2023-08-18,0.114,0.1142,0.1099,0.111,47793500.0,1.0,0.0
2023-08-21,0.1103,0.1124,0.1102,0.1124,26901106.0,1.0,0.0
2023-08-22,0.116,0.1196,0.1152,0.1193,48034368.0,1.0,0.0
2023-08-23,0.1201,0.1234,0.1201,0.1229,33931565.0,1.0,0.0
2023-08-24,0.1247,0.1251,0.1243,0.1248,14093417.0,1.0,0.0
2023-08-25,0.1289,0.1314,0.1287,0.1307,27446014.0,1.0,0.0
2023-08-28,0.1281,0.1302,0.1273,0.1296,31802644.0,1.0,0.0
2023-08-29,0.1301,0.1371,0.1287,0.1363,8039842.0,1.0,0.0
2023-08-30,0.1381,0.1397,0.1378,0.1395,26996170.0,1.0,0.0
2023-08-31,0.1373,0.1379,0.1345,0.1359,38568008.0,1.0,0.0
2023-09-01,0.1334,0.135,0.1332,0.1344,25152044.0,1.0,0.0
2023-09-05,0.1344,0.1359,0.132,0.1329,30841614.0,1.0,0.0
2023-09-06,0.1338,0.1397,0.1312,0.1375,38115492.0,1.0,0.0
2023-09-07,0.1354,0.1365,0.1342,0.1348,45882077.0,1.0,0.0
2023-09-08,0.1326,0.1329,0.1311,0.132,7994672.0,1.0,0.0
2023-09-11,0.1286,0.1333,0.1277,0.1326,41935203.0,1.0,0.0
2023-09-12,0.1316,0.1318,0.127,0.1272,42595364.0,1.0,0.0
2023-09-13,0.1299,0.13,0.125,0.1255,8586630.0,1.0,0.0
2023-09-14,0.1258,0.1291,0.1255,0.128,12322464.0,1.0,0.0
2023-09-15,0.1239,0.1271,0.1235,0.1269,40432191.0,1.0,0.0
2023-09-18,0.1281,0.1293,0.1276,0.1278,48506846.0,1.0,0.0
2023-09-19,0.1316,0.1342,0.1305,0.1331,8910133.0,1.0,0.0
2023-09-20,0.1333,0.1338,0.1324,0.1336,21988705.0,1.0,0.0
2023-09-21,0.1314,0.1341,0.1307,0.1333,42674545.0,1.0,0.0
2023-09-22,0.131,0.1348,0.1307,0.1334,1658853.0,1.0,0.0
2023-09-25,0.1356,0.1379,0.1354,0.1368,45382659.0,1.0,0.0
2023-09-26,0.1396,0.1399,0.1386,0.1397,2938720.0,1.0,0.0
2023-09-27,0.1434,0.149,0.1431,0.1484,18963371.0,1.0,0.0
2023-09-28,0.1488,0.1495,0.1439,0.1445,49049157.0,1.0,0.0
2023-09-29,0.1446,0.1456,0.1412,0.1419,17078268.0,1.0,0.0
2023-10-02,0.1429,0.1441,0.1418,0.1421,40979924.0,1.0,0.0
2023-10-03,0.1412,0.1435,0.1407,0.1427,27675129.0,1.0,0.0
2023-10-04,0.1433,0.1477,0.143,0.1469,39584265.0,1.0,0.0
2023-10-05,0.1456,0.146,0.1443,0.1445,3711616.0,1.0,0.0
2023-10-06,0.1446,0.1458,0.1441,0.1441,31324348.0,1.0,0.0
2023-10-09,0.1384,0.1387,0.1374,0.1379,2639614.0,1.0,0.0
2023-10-10,0.1356,0.1387,0.1349,0.138,3290928.0,1.0,0.0
2023-10-11,0.1393,0.1427,0.1384,0.1425,43889732.0,1.0,0.0
2023-10-12,0.1404,0.1464,0.1396,0.146,10309147.0,1.0,0.0
2023-10-13,0.1447,0.145,0.1389,0.1393,9321486.0,1.0,0.0
2023-10-16,0.1411,0.1415,0.1373,0.1375,16500352.0,1.0,0.0
2023-10-17,0.1375,0.1381,0.1355,0.1367,43878654.0,1.0,0.0
2023-10-18,0.1378,0.145,0.1364,0.1442,46616498.0,1.0,0.0
2023-10-19,0.1456,0.147,0.1421,0.1424,46373087.0,1.0,0.0
2023-10-20,0.1412,0.1426,0.1397,0.1401,28726459.0,1.0,0.0
2023-10-23,0.142,0.1433,0.1412,0.1415,24200163.0,1.0,0.0
2023-10-24,0.1409,0.1414,0.1385,0.1391,19239761.0,1.0,0.0
2023-10-25,0.1371,0.1373,0.136,0.1361,47416203.0,1.0,0.0
2023-10-26,0.1356,0.1384,0.1353,0.1375,36822025.0,1.0,0.0
2023-10-27,0.1387,0.1402,0.1331,0.1344,14238164.0,1.0,0.0
2023-10-30,0.1352,0.1369,0.1341,0.136,19559421.0,1.0,0.0
2023-10-31,0.1363,0.1365,0.1324,0.1325,2102359.0,1.0,0.0
2023-11-01,0.1373,0.1392,0.1369,0.1386,13092755.0,1.0,0.0
2023-11-02,0.1382,0.1407,0.137,0.1402,44161562.0,1.0,0.0
2023-11-03,0.1432,0.1435,0.1395,0.1398,41813186.0,1.0,0.0
2023-11-06,0.137,0.141,0.1369,0.1405,45010095.0,1.0,0.0
2023-11-07,0.1416,0.1437,0.1413,0.1427,6696614.0,1.0,0.0
2023-11-08,0.1391,0.1418,0.1387,0.1405,19861594.0,1.0,0.0
2023-11-09,0.1412,0.1438,0.1406,0.1433,33670690.0,1.0,0.0
2023-11-10,0.1446,0.145,0.1409,0.1414,33752799.0,1.0,0.0
2023-11-13,0.1445,0.1488,0.1443,0.148,18853557.0,1.0,0.0
2023-11-14,0.1468,0.1469,0.1446,0.1447,29368547.0,1.0,0.0
2023-11-15,0.1464,0.1466,0.1424,0.144,15080331.0,1.0,0.0
2023-11-16,0.1446,0.1485,0.1431,0.1472,47592844.0,1.0,0.0
2023-11-17,0.1496,0.1498,0.148,0.149,13490193.0,1.0,0.0
2023-11-20,0.1498,0.1508,0.1453,0.1478,24572202.0,1.0,0.0
2023-11-21,0.1468,0.1475,0.1463,0.1471,25417096.0,1.0,0.0
2023-11-22,0.149,0.1515,0.1487,0.1514,34086996.0,1.0,0.0
2023-11-24,0.1519,0.1531,0.151,0.1522,40181127.0,1.0,0.0
2023-11-27,0.153,0.1535,0.1508,0.1511,6723013.0,1.0,0.0
2023-11-28,0.1507,0.1516,0.1469,0.1488,38665763.0,1.0,0.0
2023-11-29,0.1504,0.157,0.1498,0.1558,8008055.0,1.0,0.0
2023-11-30,0.1489,0.1495,0.1469,0.1469,47961561.0,1.0,0.0
2023-12-01,0.1468,0.1469,0.1455,0.1463,47530421.0,1.0,0.0
2023-12-04,0.1476,0.1479,0.1442,0.145,20051489.0,1.0,0.0
2023-12-05,0.1435,0.1462,0.1432,0.1462,12163965.0,1.0,0.0
2023-12-06,0.1465,0.147,0.1395,0.1401,48648983.0,1.0,0.0
2023-12-07,0.1402,0.1405,0.1386,0.1396,24959258.0,1.0,0.0
2023-12-08,0.1373,0.1392,0.1325,0.1328,21653279.0,1.0,0.0
2023-12-11,0.1351,0.1396,0.135,0.1389,47944864.0,1.0,0.0
2023-12-12,0.143,0.1442,0.1391,0.1399,38800579.0,1.0,0.0
2023-12-13,0.1429,0.1441,0.1412,0.1434,14237313.0,1.0,0.0
2023-12-14,0.162,0.1639,0.1605,0.1633,19022230.0,1.0,0.0
2023-12-15,0.1608,0.1617,0.1578,0.1579,47159956.0,1.0,0.0
2023-12-18,0.1583,0.1583,0.1563,0.1582,25180816.0,1.0,0.0
2023-12-19,0.1483,0.1532,0.1478,0.1527,42271663.0,1.0,0.0
2023-12-20,0.1566,0.1579,0.1528,0.1534,9809431.0,1.0,0.0
2023-12-21,0.1359,0.1361,0.1357,0.1357,11565040.0,1.0,0.0
2023-12-22,0.1323,0.1324,0.1308,0.1319,20152966.0,1.0,0.0
2023-12-26,0.1303,0.1306,0.1253,0.1257,43286878.0,1.0,0.0
2023-12-27,0.1291,0.1303,0.1285,0.1301,7853371.0,1.0,0.0
2023-12-28,0.1335,0.1439,0.1324,0.1426,31018566.0,1.0,0.0
2023-12-29,0.1465,0.1496,0.1447,0.1481,33839556.0,1.0,0.0
