date,open,high,low,close,volume,split_ratio,dividend
2016-01-04,55.2996,55.6365,55.1307,55.5746,35741449.0,1.0,0.0
2016-01-05,55.1607,56.0655,54.8731,55.9868,41086928.0,1.0,0.0
2016-01-06,54.8627,55.2837,54.4576,55.0257,37811208.0,1.0,0.0
2016-01-07,55.3098,55.5375,54.7971,55.0964,13289772.0,1.0,0.0
2016-01-08,54.7625,54.9273,54.1837,54.4374,41451518.0,1.0,0.0
2016-01-11,54.2322,54.8871,53.9265,54.461,4702536.0,1.0,0.0
2016-01-12,54.1276,54.749,53.8752,54.3695,11304844.0,1.0,0.0
2016-01-13,54.9254,55.4793,54.9104,55.2548,11911900.0,1.0,0.0
2016-01-14,55.7269,55.9949,55.3918,55.6098,17223081.0,1.0,0.0
2016-01-15,55.1142,55.555,54.8772,55.339,36064165.0,1.0,0.0
2016-01-19,55.4405,55.8546,55.3481,55.7977,43228614.0,1.0,0.0
2016-01-20,54.9989,55.5893,54.9743,55.0335,9854244.0,1.0,0.0
2016-01-21,55.1661,55.7808,54.9599,55.4885,30243991.0,1.0,0.0
2016-01-22,55.5518,56.504,55.216,56.4116,9027672.0,1.0,0.0
2016-01-25,55.6059,55.8818,55.3333,55.5256,37607838.0,1.0,0.0
2016-01-26,55.7048,56.2081,55.3365,55.5236,20867486.0,1.0,0.0
2016-01-27,55.9045,56.6861,55.7801,56.456,48035209.0,1.0,0.0
2016-01-28,55.808,56.0776,54.9248,55.0404,15282267.0,1.0,0.0
2016-01-29,55.1595,55.3543,54.9322,55.2455,20304583.0,1.0,0.0
2016-02-01,56.0448,56.3999,55.6448,55.8494,47708690.0,1.0,0.0
2016-02-02,55.5985,55.6742,55.0608,55.2524,47340723.0,1.0,0.0
2016-02-03,55.302,55.4982,54.5216,54.8708,47300889.0,1.0,0.0
2016-02-04,54.7435,55.4823,54.637,55.4432,28948902.0,1.0,0.0
2016-02-05,55.1681,55.6015,54.9537,55.1697,22734224.0,1.0,0.0
2016-02-08,53.9668,54.9075,53.9481,54.8011,24581567.0,1.0,0.0
2016-02-09,55.4693,56.2291,55.2203,55.9759,38060060.0,1.0,0.0
2016-02-10,55.3476,56.1784,55.3473,55.9692,27370702.0,1.0,0.35
2016-02-11,55.7445,55.8626,55.7175,55.8105,25443362.0,1.0,0.0
2016-02-12,55.8613,56.3161,55.6777,55.9553,32448994.0,1.0,0.0
2016-02-16,55.9171,56.4897,55.7586,56.0991,30496203.0,1.0,0.0
2016-02-17,55.4799,55.7129,55.3674,55.5634,4809495.0,1.0,0.0
2016-02-18,54.8912,55.4288,54.8387,55.2698,41592934.0,1.0,0.0
2016-02-19,55.1813,55.3955,54.7295,54.868,6284126.0,1.0,0.0
2016-02-22,55.0585,55.3113,54.6497,54.8417,2343039.0,1.0,0.0
2016-02-23,55.537,55.7406,55.4357,55.6298,18521182.0,1.0,0.0
2016-02-24,55.9421,56.0513,55.5782,55.7956,26416211.0,1.0,0.0
2016-02-25,56.732,56.8096,56.2436,56.4026,40986736.0,1.0,0.0
2016-02-26,55.3964,55.4991,55.1526,55.3406,46705237.0,1.0,0.0
2016-02-29,55.3121,55.4829,55.0129,55.2795,22697954.0,1.0,0.0
2016-03-01,53.8989,54.0288,52.6773,52.834,38454082.0,1.0,0.0
2016-03-02,52.8441,53.509,52.6819,53.4446,3059699.0,1.0,0.0
2016-03-03,52.9024,53.1622,52.6733,53.1212,39839357.0,1.0,0.0
2016-03-04,53.7417,53.9233,53.2968,53.3393,1369129.0,1.0,0.0
2016-03-07,52.8575,53.0055,52.4904,52.6595,4941536.0,1.0,0.0
2016-03-08,51.9849,52.3358,51.8746,51.9477,27833493.0,1.0,0.0
2016-03-09,53.0726,53.486,52.3841,52.4652,45360296.0,1.0,0.0
2016-03-10,52.3566,52.481,52.1308,52.2564,39076856.0,1.0,0.0
2016-03-11,52.3469,52.5252,51.9899,52.1182,24485750.0,1.0,0.0
2016-03-14,52.9775,53.016,52.6282,52.6288,39111780.0,1.0,0.0
2016-03-15,51.8707,52.6592,51.7958,52.4566,36665372.0,1.0,0.0
2016-03-16,52.3097,52.3324,51.8939,52.2646,47732094.0,1.0,0.0
2016-03-17,51.7371,52.3143,51.4878,52.2708,12312011.0,1.0,0.0
2016-03-18,52.5048,52.6329,52.5013,52.523,40798687.0,1.0,0.0
2016-03-21,52.4402,53.2444,52.3765,52.8222,44702378.0,1.0,0.0
2016-03-22,52.0938,52.5033,52.0768,52.4927,46342224.0,1.0,0.0
2016-03-23,53.871,54.1163,53.4802,53.7295,9989410.0,1.0,0.0
2016-03-24,53.9989,54.6676,53.8834,54.649,43748010.0,1.0,0.0
2016-03-28,54.9541,54.9739,54.1675,54.2502,16279827.0,1.0,0.0
2016-03-29,54.1104,54.222,53.9909,54.0573,24498647.0,1.0,0.0
2016-03-30,54.6898,55.0581,53.7909,54.0977,5771023.0,1.0,0.0
2016-03-31,53.9611,54.3632,53.9343,53.9742,22081172.0,1.0,0.0
2016-04-01,53.4166,53.6216,52.6499,53.1834,37812058.0,1.0,0.0
2016-04-04,53.6634,54.4764,53.5281,54.3113,17476781.0,1.0,0.0
2016-04-05,54.5029,54.5448,54.4275,54.5265,32622816.0,1.0,0.0
2016-04-06,53.6597,54.4078,53.4855,54.0518,23283867.0,1.0,0.0
2016-04-07,54.2091,55.1914,54.1822,54.8791,33086496.0,1.0,0.0
2016-04-08,55.1921,55.7462,55.1804,55.4699,18130790.0,1.0,0.0
2016-04-11,55.1512,55.322,55.0177,55.1954,45098076.0,1.0,0.0
2016-04-12,54.9453,55.45,54.4749,55.2635,33012656.0,1.0,0.0
2016-04-13,55.6973,55.9152,55.4534,55.6153,13226901.0,1.0,0.0
2016-04-14,55.9067,56.1692,55.537,56.1577,29352790.0,1.0,0.0
2016-04-15,56.1182,56.3107,56.0465,56.1842,3764294.0,1.0,0.0
2016-04-18,55.6075,55.6736,55.1857,55.3992,29976634.0,1.0,0.0
2016-04-19,55.7594,56.2455,55.6329,55.9369,12403135.0,1.0,0.0
2016-04-20,56.0395,56.4342,55.8224,56.0699,32462123.0,1.0,0.0
2016-04-21,55.0333,55.2556,54.723,54.9583,24529573.0,1.0,0.0
2016-04-22,54.7977,55.543,54.777,55.3575,27846356.0,1.0,0.0
2016-04-25,56.0121,57.4528,55.8861,57.0344,10229995.0,1.0,0.0
2016-04-26,58.0507,58.6225,58.0167,58.4371,30936473.0,1.0,0.0
2016-04-27,58.1932,58.8701,58.1319,58.3454,42273944.0,1.0,0.0
2016-04-28,59.3777,59.5936,58.7022,59.2553,45276383.0,1.0,0.0
2016-04-29,59.4491,59.631,58.9063,58.932,2074555.0,1.0,0.0
2016-05-02,58.7894,58.9419,57.7674,57.975,38551916.0,1.0,0.0
2016-05-03,57.745,58.5878,57.6545,58.2661,5813297.0,1.0,0.0
2016-05-04,58.0268,59.2619,57.8775,59.1567,11773249.0,1.0,0.0
2016-05-05,59.5041,59.912,59.1478,59.1845,12652870.0,1.0,0.0
2016-05-06,58.4421,58.7174,57.8628,58.0869,39007686.0,1.0,0.0
2016-05-09,58.3608,58.3837,57.882,57.9053,14230184.0,1.0,0.0
2016-05-10,58.3573,58.6653,58.2331,58.6471,39160362.0,1.0,0.0
2016-05-11,58.4048,58.6829,58.0294,58.5394,17688310.0,1.0,0.35
2016-05-12,57.9929,58.0049,57.6657,57.6681,46829733.0,1.0,0.0
2016-05-13,57.7367,58.0823,56.7817,57.4132,16246567.0,1.0,0.0
2016-05-16,57.4044,57.8571,57.3712,57.793,18792769.0,1.0,0.0
2016-05-17,57.6555,57.8144,57.3398,57.6082,6759621.0,1.0,0.0
2016-05-18,57.429,57.5179,56.5349,56.9576,10219625.0,1.0,0.0
2016-05-19,57.496,57.8997,57.3049,57.8884,21356729.0,1.0,0.0
2016-05-20,58.0133,58.1884,57.0212,57.0524,1616053.0,1.0,0.0
2016-05-23,56.5635,56.6409,56.3644,56.4095,1848757.0,1.0,0.0
2016-05-24,56.4537,56.6477,55.5793,55.7744,47910440.0,1.0,0.0
2016-05-25,56.713,56.7818,56.275,56.7625,36378004.0,1.0,0.0
2016-05-26,56.8034,56.917,56.4649,56.5022,16349807.0,1.0,0.0
2016-05-27,56.6866,57.243,54.9825,55.1017,38615328.0,1.0,0.0
2016-05-31,55.6779,55.8546,55.4294,55.4413,47713022.0,1.0,0.0
2016-06-01,56.1229,56.7206,55.9068,56.5292,42626934.0,1.0,0.0
2016-06-02,56.7118,57.654,56.6689,57.6097,46492196.0,1.0,0.0
2016-06-03,57.5122,57.6427,57.2451,57.5911,19514896.0,1.0,0.0
2016-06-06,57.8092,58.0667,56.9769,57.1936,42846003.0,1.0,0.0
2016-06-07,57.6222,57.6963,57.0385,57.2802,6239898.0,1.0,0.0
2016-06-08,56.889,57.6326,56.4039,57.6141,38735132.0,1.0,0.0
2016-06-09,57.7262,58.0393,57.454,57.4957,39874914.0,1.0,0.0
2016-06-10,57.5474,58.259,57.2818,58.2309,6253813.0,1.0,0.0
2016-06-13,57.9794,58.4056,57.616,58.0319,22093409.0,1.0,0.0
2016-06-14,58.0133,58.2364,57.4621,57.9234,9152001.0,1.0,0.0
2016-06-15,57.4797,57.9145,57.2475,57.7882,44925495.0,1.0,0.0
2016-06-16,58.5014,58.664,58.1946,58.4695,3825547.0,1.0,0.0
2016-06-17,58.3124,58.542,57.9701,58.1572,29304756.0,1.0,0.0
2016-06-20,57.7999,57.9816,57.4186,57.6666,19503436.0,1.0,0.0
2016-06-21,57.424,57.689,57.2788,57.3124,27003817.0,1.0,0.0
2016-06-22,56.84,57.7227,56.5045,57.5992,45003278.0,1.0,0.0
2016-06-23,58.0319,58.9346,57.7218,58.6948,40580280.0,1.0,0.0
2016-06-24,58.5011,58.6877,57.2095,57.4089,16804148.0,1.0,0.0
2016-06-27,56.9478,57.29,56.0116,56.5086,36455529.0,1.0,0.0
2016-06-28,57.0688,57.1804,56.9169,57.1226,5450100.0,1.0,0.0
2016-06-29,57.0966,57.3796,56.2969,56.4402,21799546.0,1.0,0.0
2016-06-30,56.4047,56.5147,56.1691,56.4813,37922357.0,1.0,0.0
2016-07-01,57.1086,57.3863,56.5156,56.5823,2125358.0,1.0,0.0
2016-07-05,56.3947,57.4944,56.3498,57.3347,15595075.0,1.0,0.0
2016-07-06,58.1658,58.189,57.759,57.9147,25569579.0,1.0,0.0
2016-07-07,57.6047,57.7,57.1814,57.3868,47854180.0,1.0,0.0
2016-07-08,57.0805,58.9153,57.0413,58.7605,41101241.0,1.0,0.0
2016-07-11,57.844,58.4222,57.5545,58.0634,34425453.0,1.0,0.0
2016-07-12,58.2668,58.4262,57.4562,57.7827,31574013.0,1.0,0.0
2016-07-13,57.8804,58.1377,57.0663,57.0949,16277587.0,1.0,0.0
2016-07-14,56.3172,56.893,56.0393,56.6355,28111846.0,1.0,0.0
2016-07-15,56.4229,56.4362,56.1622,56.1727,22560801.0,1.0,0.0
2016-07-18,55.5662,56.2352,55.4011,55.963,3132964.0,1.0,0.0
2016-07-19,55.4658,55.9567,55.41,55.8212,31207580.0,1.0,0.0
2016-07-20,56.1483,56.2394,55.8414,55.9952,25210000.0,1.0,0.0
2016-07-21,56.5186,56.7217,55.9276,56.232,6468974.0,1.0,0.0
2016-07-22,56.3223,56.5886,55.1952,55.5306,14912492.0,1.0,0.0
2016-07-25,55.5424,55.5632,54.9971,55.2772,16082809.0,1.0,0.0
2016-07-26,54.7996,55.7311,54.6871,55.7296,30748235.0,1.0,0.0
2016-07-27,56.2782,56.568,56.2185,56.3814,2792681.0,1.0,0.0
2016-07-28,55.8193,55.8935,55.4763,55.6573,31758612.0,1.0,0.0
2016-07-29,55.4252,55.7902,54.8808,54.9276,2808020.0,1.0,0.0
2016-08-01,55.0589,55.8225,54.7917,55.565,17206908.0,1.0,0.0
2016-08-02,55.7656,55.7964,55.1103,55.3857,20475016.0,1.0,0.0
2016-08-03,55.5552,55.9393,55.4981,55.8474,35401610.0,1.0,0.0
2016-08-04,55.6472,56.2191,55.6,56.1769,40049229.0,1.0,0.0
2016-08-05,55.4695,55.8695,54.0247,54.1827,29312385.0,1.0,0.0
2016-08-08,53.949,54.1195,53.8103,53.9746,6735514.0,1.0,0.0
2016-08-09,54.8909,55.1492,53.7894,54.3168,13175109.0,1.0,0.0
2016-08-10,52.9624,53.2069,52.2879,52.4623,47209323.0,1.0,0.35
2016-08-11,52.4629,52.571,51.8097,51.8314,46104589.0,1.0,0.0
2016-08-12,51.5754,52.23,51.5394,52.2223,42002861.0,1.0,0.0
2016-08-15,52.5642,52.8453,52.3011,52.3108,13438194.0,1.0,0.0
2016-08-16,52.2938,52.3427,51.8706,51.9372,11144022.0,1.0,0.0
2016-08-17,51.8961,52.8111,51.7893,52.3811,27744898.0,1.0,0.0
2016-08-18,52.2445,52.3124,51.3474,51.4499,1198529.0,1.0,0.0
2016-08-19,50.7541,51.0356,50.5342,50.8795,41919995.0,1.0,0.0
2016-08-22,50.4493,52.2698,50.2292,52.0271,37091131.0,1.0,0.0
2016-08-23,52.6894,52.8058,52.3638,52.3836,38686652.0,1.0,0.0
2016-08-24,52.9012,53.034,51.9419,52.0634,47359164.0,1.0,0.0
2016-08-25,52.4376,52.4844,51.0696,51.271,25827739.0,1.0,0.0
2016-08-26,51.7338,51.9006,51.122,51.2455,2407777.0,1.0,0.0
2016-08-29,51.1855,52.3753,50.9348,52.1866,39540415.0,1.0,0.0
2016-08-30,52.0611,52.1855,51.9291,52.0098,46395246.0,1.0,0.0
2016-08-31,52.3109,52.6524,52.1652,52.5032,10821828.0,1.0,0.0
2016-09-01,52.8233,52.9269,52.4221,52.7397,45003295.0,1.0,0.0
2016-09-02,53.1652,53.345,52.9308,53.0222,19851684.0,1.0,0.0
2016-09-06,53.0623,53.8597,53.03,53.7083,21391900.0,1.0,0.0
2016-09-07,53.1097,53.4902,52.8943,53.3709,12163796.0,1.0,0.0
2016-09-08,53.6984,54.0043,53.5207,53.8834,2085953.0,1.0,0.0
2016-09-09,53.9125,54.2125,53.0712,53.1078,9773843.0,1.0,0.0
2016-09-12,53.4122,53.4783,52.7976,53.1426,47794313.0,1.0,0.0
2016-09-13,54.1364,54.1917,54.0566,54.182,45735422.0,1.0,0.0
2016-09-14,54.633,54.7534,54.0557,54.1053,33582739.0,1.0,0.0
2016-09-15,54.5302,54.6507,53.5233,53.7338,32656495.0,1.0,0.0
2016-09-16,53.4116,53.5932,53.2827,53.5449,15507267.0,1.0,0.0
2016-09-19,54.0225,54.5851,53.8563,54.4828,28068893.0,1.0,0.0
2016-09-20,54.1897,54.3741,53.8162,53.8611,2188346.0,1.0,0.0
2016-09-21,53.4856,53.9805,53.4159,53.654,10865028.0,1.0,0.0
2016-09-22,53.7414,53.9072,53.1678,53.2504,6582383.0,1.0,0.0
2016-09-23,53.2552,53.404,53.084,53.4028,42524170.0,1.0,0.0
2016-09-26,54.0556,54.843,53.9078,54.5755,16800775.0,1.0,0.0
2016-09-27,53.9824,54.3224,53.8926,53.9828,34837481.0,1.0,0.0
2016-09-28,54.1825,54.7846,54.1762,54.4998,20190876.0,1.0,0.0
2016-09-29,54.7305,54.9955,54.4489,54.8995,7812796.0,1.0,0.0
2016-09-30,54.8691,55.159,54.577,54.6494,44966802.0,1.0,0.0
2016-10-03,54.8958,54.9267,54.8024,54.8106,23739287.0,1.0,0.0
2016-10-04,53.7779,53.9726,52.6283,52.6413,29330122.0,1.0,0.0
2016-10-05,53.0796,53.1642,52.6717,52.8225,28718368.0,1.0,0.0
2016-10-06,52.5423,53.0247,52.5389,52.5812,29736584.0,1.0,0.0
2016-10-07,52.5584,53.069,52.4747,53.0581,30308605.0,1.0,0.0
2016-10-10,53.8977,54.1312,53.7638,54.0958,26473405.0,1.0,0.0
2016-10-11,54.2017,55.5759,53.9586,55.5557,43130962.0,1.0,0.0
2016-10-12,56.875,57.1178,55.0575,55.2399,19196785.0,1.0,0.0
2016-10-13,55.3837,56.9756,55.0747,56.8535,25176016.0,1.0,0.0
2016-10-14,57.3068,57.523,57.1534,57.4612,18387131.0,1.0,0.0
2016-10-17,56.3979,56.5643,56.1034,56.3342,44094398.0,1.0,0.0
2016-10-18,56.6078,56.8332,56.4978,56.6366,11812230.0,1.0,0.0
2016-10-19,55.6796,55.8844,55.4697,55.5982,8706550.0,1.0,0.0
2016-10-20,56.2479,56.6701,56.0555,56.5421,30305513.0,1.0,0.0
2016-10-21,57.1674,57.5955,57.1434,57.5609,32577926.0,1.0,0.0
2016-10-24,58.3992,58.6213,58.3596,58.4206,8638355.0,1.0,0.0
2016-10-25,58.1434,58.6143,57.7705,58.2991,41579818.0,1.0,0.0
2016-10-26,58.8765,59.2457,58.2099,58.2833,22113920.0,1.0,0.0
2016-10-27,57.6657,58.2118,57.2239,57.8513,21744045.0,1.0,0.0
2016-10-28,57.4318,57.4732,57.2944,57.4617,35409955.0,1.0,0.0
2016-10-31,56.802,58.1571,56.7472,57.7554,6680105.0,1.0,0.0
2016-11-01,57.1135,57.3,56.6569,56.7675,9450420.0,1.0,0.0
2016-11-02,57.3005,57.3435,56.3836,56.681,16991184.0,1.0,0.0
2016-11-03,55.5786,56.4277,55.2732,56.3861,12132233.0,1.0,0.0
2016-11-04,55.3581,55.5262,54.8743,54.9156,9289442.0,1.0,0.0
2016-11-07,54.9764,55.1163,54.7173,54.7708,17028372.0,1.0,0.0
2016-11-08,54.7758,54.9313,54.5058,54.54,16654160.0,1.0,0.0
2016-11-09,54.8767,55.0066,54.7264,54.829,6328942.0,1.0,0.35
2016-11-10,55.7606,55.8656,55.5699,55.5754,21717581.0,1.0,0.0
2016-11-11,55.8448,56.0032,55.6813,55.9622,1590270.0,1.0,0.0
2016-11-14,54.7269,54.814,54.013,54.0708,23369301.0,1.0,0.0
2016-11-15,53.8781,53.9533,52.4154,52.691,35189260.0,1.0,0.0
2016-11-16,52.9057,53.0656,52.4906,52.915,20998724.0,1.0,0.0
2016-11-17,52.9863,53.3957,52.7674,53.1843,42348965.0,1.0,0.0
2016-11-18,53.2282,53.2706,53.02,53.19,1078448.0,1.0,0.0
2016-11-21,52.746,52.849,52.4107,52.4965,38282045.0,1.0,0.0
2016-11-22,52.6167,53.0197,52.5428,52.6881,2621390.0,1.0,0.0
2016-11-23,51.7618,51.7815,50.7687,50.8448,29192803.0,1.0,0.0
2016-11-25,51.1268,51.3138,50.6732,50.786,13153940.0,1.0,0.0
2016-11-28,50.5403,50.7295,50.1865,50.2894,10245972.0,1.0,0.0
2016-11-29,50.2138,51.0163,50.2046,50.6241,25330018.0,1.0,0.0
2016-11-30,50.4432,50.7219,50.2514,50.6487,35086581.0,1.0,0.0
2016-12-01,50.8093,51.1456,50.6783,51.0076,29298395.0,1.0,0.0
2016-12-02,50.8471,51.9294,50.8328,51.8443,16604822.0,1.0,0.0
2016-12-05,51.8856,52.8213,51.7715,52.4756,11666487.0,1.0,0.0
2016-12-06,52.8899,52.8942,52.3498,52.4586,18011320.0,1.0,0.0
2016-12-07,52.2687,52.7386,52.2297,52.6235,25193715.0,1.0,0.0
2016-12-08,52.6475,52.9056,51.8436,52.1691,25378370.0,1.0,0.0
2016-12-09,51.7336,52.2609,51.0079,51.9283,18924321.0,1.0,0.0
2016-12-12,51.7908,52.3135,51.7377,52.2236,28959037.0,1.0,0.0
2016-12-13,52.7565,52.99,52.3882,52.6278,25658637.0,1.0,0.0
2016-12-14,51.9361,52.0547,51.6485,51.6856,28825555.0,1.0,0.0
2016-12-15,52.0595,52.447,51.909,52.4441,16987451.0,1.0,0.0
2016-12-16,52.5959,52.7874,52.2056,52.3285,13848860.0,1.0,0.0
2016-12-19,52.2829,52.3101,51.6734,51.7203,19990302.0,1.0,0.0
2016-12-20,51.8275,51.8791,50.9816,51.222,3280542.0,1.0,0.0
2016-12-21,51.2895,51.8308,51.1786,51.7869,11326694.0,1.0,0.0
2016-12-22,51.4887,52.5349,51.4562,52.4341,25365477.0,1.0,0.0
2016-12-23,52.7838,53.3842,52.4551,53.258,25956399.0,1.0,0.0
2016-12-27,52.587,53.0165,52.4504,52.6961,26049787.0,1.0,0.0
2016-12-28,53.0137,53.2384,52.3142,52.4967,5329900.0,1.0,0.0
2016-12-29,52.6051,52.8627,52.4068,52.792,21933911.0,1.0,0.0
2016-12-30,53.4934,54.6764,53.4927,54.302,46974456.0,1.0,0.0
2017-01-03,54.4618,54.4794,53.8554,54.0244,9260822.0,1.0,0.0
2017-01-04,53.9291,54.4901,53.9012,54.1235,7608680.0,1.0,0.0
2017-01-05,54.4516,55.1094,54.3975,55.067,16468174.0,1.0,0.0
2017-01-06,55.1042,55.1494,54.5574,54.5999,40124048.0,1.0,0.0
2017-01-09,54.7872,55.8185,54.705,55.4467,19992840.0,1.0,0.0
2017-01-10,55.1611,55.3299,54.4058,54.6019,12987811.0,1.0,0.0
2017-01-11,54.6139,54.7865,53.1834,53.2845,1087955.0,1.0,0.0
2017-01-12,53.6119,54.1468,53.2888,54.126,14342599.0,1.0,0.0
2017-01-13,54.3346,54.3352,53.7568,54.1923,36184542.0,1.0,0.0
2017-01-17,54.3609,54.7465,54.1477,54.3366,4955228.0,1.0,0.0
2017-01-18,54.1887,54.8858,53.8752,54.7714,12607070.0,1.0,0.0
2017-01-19,54.5411,54.7696,53.7993,53.8045,12219881.0,1.0,0.0
2017-01-20,54.8368,55.8691,54.5688,55.6789,21945084.0,1.0,0.0
2017-01-23,57.4805,57.7134,57.3255,57.6621,43155346.0,1.0,0.0
2017-01-24,57.7132,57.793,57.0259,57.0926,49580097.0,1.0,0.0
2017-01-25,57.4473,57.6426,57.0086,57.1719,40349450.0,1.0,0.0
2017-01-26,58.1326,58.2765,57.2039,57.3983,31036587.0,1.0,0.0
2017-01-27,57.8436,57.9833,57.7834,57.9628,44054014.0,1.0,0.0
2017-01-30,58.214,59.443,58.0478,59.2362,17279699.0,1.0,0.0
2017-01-31,58.681,59.2972,58.672,59.1549,2364776.0,1.0,0.0
2017-02-01,59.3608,59.39,58.8427,59.0338,43025860.0,1.0,0.0
2017-02-02,58.8802,59.1025,58.0261,58.3231,32057345.0,1.0,0.0
2017-02-03,58.3341,59.0068,58.2816,58.8929,34955104.0,1.0,0.0
2017-02-06,57.851,57.863,56.7243,56.8265,42723549.0,1.0,0.0
2017-02-07,57.4014,58.8945,57.0946,58.5714,44460382.0,1.0,0.0
2017-02-08,58.5551,58.7137,58.4779,58.6297,32938325.0,1.0,0.35
2017-02-09,57.7238,58.8344,57.6692,58.7379,8870564.0,1.0,0.0
2017-02-10,58.7972,58.8278,57.853,58.3522,44943817.0,1.0,0.0
2017-02-13,58.928,59.0109,58.5436,58.6398,43466437.0,1.0,0.0
2017-02-14,58.4535,59.0143,58.4467,58.85,24452776.0,1.0,0.0
2017-02-15,59.2193,59.813,58.1766,58.1833,16518555.0,1.0,0.0
2017-02-16,57.7374,57.8395,57.6765,57.7188,25658216.0,1.0,0.0
2017-02-17,57.4551,57.7292,57.2049,57.3034,37398552.0,1.0,0.0
2017-02-21,56.9808,58.023,56.9209,57.987,5689665.0,1.0,0.0
2017-02-22,57.1475,57.7965,56.9333,57.4228,5002823.0,1.0,0.0
2017-02-23,56.9021,57.292,56.8495,57.071,29826270.0,1.0,0.0
2017-02-24,58.0325,58.6473,57.9552,58.4971,31234089.0,1.0,0.0
2017-02-27,59.2068,59.7344,59.169,59.5919,18586475.0,1.0,0.0
2017-02-28,59.4568,59.5743,58.4721,58.5215,43551388.0,1.0,0.0
2017-03-01,58.3453,58.4219,56.9793,57.2268,20007630.0,1.0,0.0
2017-03-02,57.1844,57.3096,57.0493,57.173,41678817.0,1.0,0.0
2017-03-03,56.8637,57.0346,56.5767,56.9826,24341031.0,1.0,0.0
2017-03-06,57.0929,57.3133,56.7856,57.2277,30531712.0,1.0,0.0
2017-03-07,57.1228,57.7837,56.9255,57.7438,15808057.0,1.0,0.0
2017-03-08,57.8959,58.1007,57.1981,58.0154,25723130.0,1.0,0.0
2017-03-09,57.2692,57.6446,56.5213,56.6329,21608395.0,1.0,0.0
2017-03-10,56.9821,57.5061,56.7647,57.4864,30735571.0,1.0,0.0
2017-03-13,56.7383,57.286,56.5642,57.2313,32581168.0,1.0,0.0
2017-03-14,57.2075,57.7934,57.1266,57.574,42637740.0,1.0,0.0
2017-03-15,57.3587,58.4198,57.0988,58.228,11676413.0,1.0,0.0
2017-03-16,58.2917,58.7652,58.1889,58.6733,26934909.0,1.0,0.0
2017-03-17,58.965,59.2298,58.6929,58.9764,46683231.0,1.0,0.0
2017-03-20,59.0234,59.7012,58.8786,59.6557,41774617.0,1.0,0.0
2017-03-21,59.2494,60.0382,59.1764,59.6368,30474987.0,1.0,0.0
2017-03-22,58.2091,58.5591,57.9287,58.1924,29817971.0,1.0,0.0
2017-03-23,57.4574,58.7179,57.4161,58.4583,18841916.0,1.0,0.0
2017-03-24,59.5217,60.4474,59.3059,60.2757,38669664.0,1.0,0.0
2017-03-27,60.64,60.9254,58.6651,58.7364,12064332.0,1.0,0.0
2017-03-28,59.3639,59.4708,58.6992,58.8009,35744601.0,1.0,0.0
2017-03-29,58.6501,58.7752,58.5025,58.6658,19138856.0,1.0,0.0
2017-03-30,58.7241,59.9057,58.7143,59.7009,19417089.0,1.0,0.0
2017-03-31,60.1373,60.2191,59.237,59.4978,17591398.0,1.0,0.0
2017-04-03,60.5608,60.6537,59.9379,60.3133,34899867.0,1.0,0.0
2017-04-04,60.79,61.1203,59.7962,60.1463,16846839.0,1.0,0.0
2017-04-05,60.2747,60.6206,60.2264,60.5262,33900261.0,1.0,0.0
2017-04-06,60.9125,61.7419,60.7096,61.6344,33128680.0,1.0,0.0
2017-04-07,62.1547,62.2031,61.705,61.8711,23745024.0,1.0,0.0
2017-04-10,63.5781,63.7981,62.9814,63.1726,1720809.0,1.0,0.0
2017-04-11,62.8932,63.0052,61.8817,61.8953,24859750.0,1.0,0.0
2017-04-12,62.2922,63.4222,61.9644,62.9392,26380498.0,1.0,0.0
2017-04-13,61.9933,62.1557,61.3415,61.6714,43170307.0,1.0,0.0
2017-04-17,62.197,62.3424,61.7923,61.8251,19466594.0,1.0,0.0
2017-04-18,61.7537,62.2822,61.4309,62.268,5103288.0,1.0,0.0
2017-04-19,62.9802,63.0256,62.2384,62.5911,16484152.0,1.0,0.0
2017-04-20,61.6814,61.6858,60.7514,61.0055,46295055.0,1.0,0.0
2017-04-21,61.8365,61.8996,61.1002,61.3072,36940044.0,1.0,0.0
2017-04-24,61.1818,61.6332,60.858,61.3998,12873276.0,1.0,0.0
2017-04-25,61.4397,61.4465,60.2446,60.3578,4248688.0,1.0,0.0
2017-04-26,59.6502,59.7935,58.7926,58.8295,41182094.0,1.0,0.0
2017-04-27,58.3475,59.138,58.306,58.9777,41045707.0,1.0,0.0
2017-04-28,59.8999,60.063,58.9952,58.996,13468769.0,1.0,0.0
2017-05-01,58.5438,59.2404,58.1142,59.1741,29381142.0,1.0,0.0
2017-05-02,59.2284,59.2788,58.5938,58.7237,34578291.0,1.0,0.0
2017-05-03,58.5332,59.5164,58.3465,59.3292,14963206.0,1.0,0.0
2017-05-04,60.208,60.2206,59.8709,60.1081,31190822.0,1.0,0.0
2017-05-05,58.9611,59.2548,58.5412,59.0891,29462731.0,1.0,0.0
2017-05-08,60.0435,60.3017,59.6501,59.6561,48832030.0,1.0,0.0
2017-05-09,59.6948,59.8894,58.7443,59.0099,12999967.0,1.0,0.0
2017-05-10,58.7426,59.3385,58.6546,58.9673,3051958.0,1.0,0.35
2017-05-11,58.5529,58.6681,58.2152,58.303,35038141.0,1.0,0.0
2017-05-12,58.7656,58.8558,58.2804,58.2814,37565622.0,1.0,0.0
2017-05-15,59.0755,59.6447,59.0001,59.5844,4994090.0,1.0,0.0
2017-05-16,59.5326,59.586,58.0809,58.1137,39120291.0,1.0,0.0
2017-05-17,57.5,58.1532,57.4553,58.0214,11986557.0,1.0,0.0
2017-05-18,58.3773,59.1127,58.1809,59.1106,46336823.0,1.0,0.0
2017-05-19,58.2192,58.4499,57.044,57.4232,9336274.0,1.0,0.0
2017-05-22,57.3939,57.7599,56.6826,56.7172,34690616.0,1.0,0.0
2017-05-23,56.5815,57.198,56.4974,56.9494,38907306.0,1.0,0.0
2017-05-24,56.784,56.9854,55.5293,55.6731,47473103.0,1.0,0.0
2017-05-25,55.3484,56.4883,55.0613,56.3338,4912823.0,1.0,0.0
2017-05-26,56.167,56.2099,55.3471,55.4282,4949105.0,1.0,0.0
2017-05-30,57.5748,58.4981,57.1434,58.4111,7549409.0,1.0,0.0
2017-05-31,57.8601,58.0717,57.7109,58.0,20228328.0,1.0,0.0
2017-06-01,58.4776,58.4783,57.9367,58.1653,36661476.0,1.0,0.0
2017-06-02,59.1204,59.1607,58.5529,58.6363,13762612.0,1.0,0.0
2017-06-05,59.31,59.6344,59.3089,59.3114,46742647.0,1.0,0.0
2017-06-06,57.8818,57.9872,57.3533,57.6991,4757165.0,1.0,0.0
2017-06-07,58.4891,58.491,57.7673,58.0794,15907676.0,1.0,0.0
2017-06-08,56.925,57.6781,56.7759,57.5496,11253534.0,1.0,0.0
2017-06-09,57.5254,57.7316,57.0028,57.0227,21148478.0,1.0,0.0
2017-06-12,57.2549,57.5294,56.9816,57.052,2271527.0,1.0,0.0
2017-06-13,57.0451,57.1154,56.9462,57.0556,45730445.0,1.0,0.0
2017-06-14,56.1913,57.6971,56.1887,57.2606,32140955.0,1.0,0.0
2017-06-15,57.2484,57.6037,56.7731,56.9106,37785856.0,1.0,0.0
2017-06-16,57.3926,57.4697,56.9922,57.0981,23693294.0,1.0,0.0
2017-06-19,56.7822,57.6616,56.3935,57.3001,47965814.0,1.0,0.0
2017-06-20,57.5144,58.0904,57.4512,58.0114,28808778.0,1.0,0.0
2017-06-21,57.4021,57.4965,57.2459,57.4382,43810734.0,1.0,0.0
2017-06-22,56.163,56.3414,55.9468,56.0745,1942685.0,1.0,0.0
2017-06-23,57.2064,57.5482,56.8379,57.4004,37427557.0,1.0,0.0
2017-06-26,56.4126,56.4597,55.1572,55.2061,2260177.0,1.0,0.0
2017-06-27,54.7654,54.8969,54.7179,54.7505,21351316.0,1.0,0.0
2017-06-28,54.5505,54.6882,54.3214,54.3582,12815890.0,1.0,0.0
2017-06-29,54.6578,55.8753,54.6249,55.82,21903703.0,1.0,0.0
2017-06-30,56.2124,56.9706,55.7169,56.6714,16724565.0,1.0,0.0
2017-07-03,56.1923,56.75,56.1384,56.6665,37037913.0,1.0,0.0
2017-07-05,56.6877,56.8089,56.3954,56.507,21790072.0,1.0,0.0
2017-07-06,56.4164,56.9174,55.998,56.6609,18107399.0,1.0,0.0
2017-07-07,57.4798,57.9688,57.0648,57.81,38111226.0,1.0,0.0
2017-07-10,57.921,58.137,57.559,57.6933,23258996.0,1.0,0.0
2017-07-11,57.8034,59.0679,57.6675,58.8108,26497141.0,1.0,0.0
2017-07-12,58.1786,58.4702,58.1478,58.3853,48035236.0,1.0,0.0
2017-07-13,57.2424,57.4296,56.84,56.9257,37618549.0,1.0,0.0
2017-07-14,57.5432,57.9486,57.346,57.664,34606931.0,1.0,0.0
2017-07-17,58.7867,58.9978,58.5083,58.8978,34797421.0,1.0,0.0
2017-07-18,58.5291,60.173,58.4894,60.0438,36486842.0,1.0,0.0
2017-07-19,59.7458,60.1394,59.2004,59.5155,27398581.0,1.0,0.0
2017-07-20,59.9878,60.6105,59.7877,60.3993,44575883.0,1.0,0.0
2017-07-21,59.6828,59.7219,58.8654,59.5709,20059575.0,1.0,0.0
2017-07-24,60.6915,61.1398,60.0894,60.7848,39610827.0,1.0,0.0
2017-07-25,60.9929,61.1489,60.8683,60.9103,36329501.0,1.0,0.0
2017-07-26,61.9934,62.1264,61.2501,61.5779,4596512.0,1.0,0.0
2017-07-27,61.2944,61.4431,60.9983,61.1811,3821708.0,1.0,0.0
2017-07-28,61.1008,61.2656,60.8921,61.1893,15513508.0,1.0,0.0
2017-07-31,61.628,61.7988,61.6069,61.6227,28692358.0,1.0,0.0
2017-08-01,61.8859,62.2868,61.1371,61.3827,22768147.0,1.0,0.0
2017-08-02,61.6637,61.9162,61.3004,61.6961,1632968.0,1.0,0.0
2017-08-03,61.3434,62.3925,61.1971,62.1228,44287687.0,1.0,0.0
2017-08-04,62.2159,63.6063,62.1102,63.3937,1756825.0,1.0,0.0
2017-08-07,63.2344,63.4422,62.4747,62.5953,19733986.0,1.0,0.0
2017-08-08,61.9599,62.7177,61.6096,62.452,44314638.0,1.0,0.0
2017-08-09,61.9714,62.2033,60.9052,61.2463,27286718.0,1.0,0.35
2017-08-10,61.688,61.7102,61.2435,61.3012,12054497.0,1.0,0.0
2017-08-11,60.712,60.8373,59.4089,59.598,11112344.0,1.0,0.0
2017-08-14,58.4761,58.488,58.157,58.3024,32534221.0,1.0,0.0
2017-08-15,58.5623,58.9735,58.33,58.6891,29486970.0,1.0,0.0
2017-08-16,58.3641,58.9605,58.2254,58.8821,17525604.0,1.0,0.0
2017-08-17,58.3756,58.6281,58.2496,58.3583,7781860.0,1.0,0.0
2017-08-18,58.5115,58.8631,57.9416,58.1155,35848180.0,1.0,0.0
2017-08-21,58.6434,58.8983,58.3518,58.6996,48209492.0,1.0,0.0
2017-08-22,58.7987,59.6471,58.5176,59.6308,36967142.0,1.0,0.0
2017-08-23,59.5566,59.5661,59.4149,59.5152,13249279.0,1.0,0.0
2017-08-24,60.1035,60.2257,59.7767,59.9621,39445155.0,1.0,0.0
2017-08-25,59.9808,60.3759,59.9102,60.2271,21851009.0,1.0,0.0
2017-08-28,59.5499,59.8677,59.3143,59.7284,2595356.0,1.0,0.0
2017-08-29,60.4973,60.7138,59.8257,60.1102,6686321.0,1.0,0.0
2017-08-30,59.9862,60.133,59.8091,59.9911,38717604.0,1.0,0.0
2017-08-31,59.7448,60.3374,59.4882,60.099,4450380.0,1.0,0.0
2017-09-01,60.9052,61.5024,60.8434,61.4625,42857005.0,1.0,0.0
2017-09-05,60.4713,60.6111,59.7765,59.8772,1868088.0,1.0,0.0
2017-09-06,59.85,59.9184,59.1262,59.1741,12384530.0,1.0,0.0
2017-09-07,58.8833,59.4651,58.4289,59.3363,9638987.0,1.0,0.0
2017-09-08,59.2595,59.283,58.4188,58.5741,23007027.0,1.0,0.0
2017-09-11,58.9824,59.4745,58.5874,59.3039,23426747.0,1.0,0.0
2017-09-12,58.5093,58.68,57.876,58.1492,24634905.0,1.0,0.0
2017-09-13,57.9699,58.1698,57.7484,57.9129,48476590.0,1.0,0.0
2017-09-14,56.8611,57.6142,56.6752,57.3826,12781190.0,1.0,0.0
2017-09-15,57.6208,58.0331,57.5804,57.848,22703145.0,1.0,0.0
2017-09-18,59.2279,59.2824,58.9191,58.9761,40772906.0,1.0,0.0
2017-09-19,57.5758,57.7116,57.0756,57.1145,8425847.0,1.0,0.0
2017-09-20,55.7103,55.7238,55.2467,55.3003,15797576.0,1.0,0.0
2017-09-21,55.2801,55.6272,54.588,54.8825,1130138.0,1.0,0.0
2017-09-22,55.194,55.5984,54.9061,55.2978,16760738.0,1.0,0.0
2017-09-25,55.525,55.649,55.1682,55.309,28431647.0,1.0,0.0
2017-09-26,56.9481,57.9074,56.6228,57.6985,33190359.0,1.0,0.0
2017-09-27,57.2629,57.7229,56.9956,57.4184,42229651.0,1.0,0.0
2017-09-28,54.3582,54.5667,53.898,54.0014,5735412.0,1.0,0.0
2017-09-29,54.5851,54.8414,53.9824,54.4228,15546473.0,1.0,0.0
2017-10-02,53.3537,54.2623,53.3076,54.1023,36991806.0,1.0,0.0
2017-10-03,56.2035,56.2342,56.0898,56.1531,25549556.0,1.0,0.0
2017-10-04,58.6668,60.1401,58.4864,59.797,14266561.0,1.0,0.0
2017-10-05,59.9828,60.4318,59.6326,59.7653,45896616.0,1.0,0.0
2017-10-06,57.9998,59.0621,57.851,58.8533,33860471.0,1.0,0.0
2017-10-09,59.9851,60.0553,59.0318,59.0805,46170504.0,1.0,0.0
2017-10-10,57.4583,57.8861,57.3651,57.4121,6355054.0,1.0,0.0
2017-10-11,56.4482,56.7918,56.4316,56.5717,35062895.0,1.0,0.0
2017-10-12,56.5893,58.0968,56.4032,57.598,11633087.0,1.0,0.0
2017-10-13,58.3552,58.7927,58.2574,58.61,12151238.0,1.0,0.0
2017-10-16,59.7098,59.7636,58.4879,58.8711,28309539.0,1.0,0.0
2017-10-17,54.8916,55.0885,54.3692,54.411,14204866.0,1.0,0.0
2017-10-18,52.2742,53.0024,51.9827,52.8802,20984859.0,1.0,0.0
2017-10-19,53.2728,53.6715,52.6796,52.7148,7692459.0,1.0,0.0
2017-10-20,51.3635,51.5099,50.8708,50.9648,36119863.0,1.0,0.0
2017-10-23,51.4422,51.6531,50.8778,50.9769,31803301.0,1.0,0.0
2017-10-24,50.1406,50.2308,49.728,49.8366,16784420.0,1.0,0.0
2017-10-25,50.4343,51.0047,50.4305,50.9545,46547776.0,1.0,0.0
2017-10-26,53.2745,53.4194,52.9945,53.0791,4290861.0,1.0,0.0
2017-10-27,55.4433,55.8419,54.9419,55.7014,10971017.0,1.0,0.0
2017-10-30,54.9812,55.0317,54.5209,54.6718,49410620.0,1.0,0.0
2017-10-31,53.8214,53.8615,52.7375,53.1121,3351723.0,1.0,0.0
2017-11-01,53.2886,53.4757,53.2491,53.4234,35996942.0,1.0,0.0
2017-11-02,53.6752,53.9101,52.8577,52.9584,23367626.0,1.0,0.0
2017-11-03,52.6159,53.1231,52.5328,52.931,2003486.0,1.0,0.0
2017-11-06,52.233,52.8483,51.865,52.5894,3508658.0,1.0,0.0
2017-11-07,53.2285,53.8293,52.9963,53.7608,14585293.0,1.0,0.0
2017-11-08,52.1397,52.4212,51.7052,51.7693,1491719.0,1.0,0.35
2017-11-09,52.5551,52.8214,52.1077,52.2346,6506448.0,1.0,0.0
2017-11-10,51.9118,51.9453,51.3304,51.3989,26697788.0,1.0,0.0
2017-11-13,49.9887,50.1309,49.804,50.1125,13919344.0,1.0,0.0
2017-11-14,50.62,51.2758,50.5497,51.179,43330725.0,1.0,0.0
2017-11-15,49.5943,49.901,49.3634,49.8023,30156055.0,1.0,0.0
2017-11-16,48.6534,48.9055,47.6734,47.7288,21419444.0,1.0,0.0
2017-11-17,48.5047,48.9574,48.4399,48.8954,39513261.0,1.0,0.0
2017-11-20,47.9443,48.5905,47.8488,48.4539,32353265.0,1.0,0.0
2017-11-21,48.1356,48.4149,47.7825,47.9906,39051015.0,1.0,0.0
2017-11-22,48.0862,48.167,47.9507,48.052,45460284.0,1.0,0.0
2017-11-24,47.0784,47.1095,46.7005,46.8591,28259096.0,1.0,0.0
2017-11-27,47.929,48.1609,47.803,48.0797,19219465.0,1.0,0.0
2017-11-28,48.9691,49.0498,48.8832,48.8927,15464677.0,1.0,0.0
2017-11-29,47.7045,47.796,47.6689,47.6901,45205254.0,1.0,0.0
2017-11-30,49.0392,49.242,48.9874,49.1989,40376012.0,1.0,0.0
2017-12-01,48.438,49.0506,48.1926,48.9448,35359274.0,1.0,0.0
2017-12-04,49.1501,49.3673,48.4474,48.6281,39438712.0,1.0,0.0
2017-12-05,49.0793,49.2064,49.0013,49.0268,43618835.0,1.0,0.0
2017-12-06,60.9613,61.2409,60.795,61.0385,7527898.0,1.0,0.0
2017-12-07,62.2974,63.0552,62.2882,63.0137,30537227.0,1.0,0.0
2017-12-08,61.2128,61.6287,60.9782,61.0088,32486933.0,1.0,0.0
2017-12-11,56.8679,56.9335,56.2033,56.2704,37056636.0,1.0,0.0
2017-12-12,56.8216,56.9087,56.3553,56.6479,2374516.0,1.0,0.0
2017-12-13,55.3895,56.6541,55.049,56.5282,37965342.0,1.0,0.0
2017-12-14,52.178,52.4448,52.0849,52.3924,14903780.0,1.0,0.0
2017-12-15,55.347,56.1174,55.2792,55.6665,35781311.0,1.0,0.0
2017-12-18,52.0998,52.9588,51.9909,52.7276,42410357.0,1.0,0.0
2017-12-19,49.7592,49.9094,49.2763,49.5484,47997414.0,1.0,0.0
2017-12-20,48.8949,48.9175,48.5053,48.5079,14720501.0,1.0,0.0
2017-12-21,50.5714,50.6417,49.7916,49.987,46083734.0,1.0,0.0
2017-12-22,51.933,52.0264,51.011,51.0246,35407307.0,1.0,0.0
2017-12-26,49.5475,49.8882,49.3686,49.7132,24275918.0,1.0,0.0
2017-12-27,52.3401,52.4504,51.3869,51.7109,23581488.0,1.0,0.0
2017-12-28,51.7228,51.8822,51.33,51.8511,8766238.0,1.0,0.0
2017-12-29,55.7211,57.0054,55.4026,56.9883,4607940.0,1.0,0.0
2018-01-02,52.1915,52.7459,51.8447,52.366,17793947.0,1.0,0.0
2018-01-03,54.7714,54.853,53.7557,53.9352,28426553.0,1.0,0.0
2018-01-04,51.7038,52.2301,51.629,52.1108,21460962.0,1.0,0.0
2018-01-05,48.9492,49.7885,48.8316,49.6729,11451872.0,1.0,0.0
2018-01-08,49.2158,49.3987,48.6334,48.7938,43830340.0,1.0,0.0
2018-01-09,47.2008,47.7595,47.0411,47.5563,17841252.0,1.0,0.0
2018-01-10,50.2468,50.2601,49.6665,49.9271,39526291.0,1.0,0.0
2018-01-11,48.5502,48.6348,48.2915,48.3262,3892024.0,1.0,0.0
2018-01-12,49.8057,50.9843,49.7632,50.9276,7507180.0,1.0,0.0
2018-01-16,49.909,50.0261,49.4292,49.6309,33406966.0,1.0,0.0
2018-01-17,48.4349,48.8138,48.3707,48.3863,28406715.0,1.0,0.0
2018-01-18,48.8377,48.9771,48.7802,48.8974,34357050.0,1.0,0.0
2018-01-19,48.1519,48.3293,47.6675,47.7468,14390325.0,1.0,0.0
2018-01-22,48.0377,48.0972,47.4012,47.7125,2969360.0,1.0,0.0
2018-01-23,51.7572,52.0781,51.4487,51.8221,20486334.0,1.0,0.0
2018-01-24,50.3106,50.618,50.2073,50.3002,31584221.0,1.0,0.0
2018-01-25,49.1833,49.494,49.0873,49.4181,40290661.0,1.0,0.0
2018-01-26,50.2979,50.8963,50.2762,50.8519,19238939.0,1.0,0.0
2018-01-29,51.9478,53.2267,51.8551,52.8253,45858775.0,1.0,0.0
2018-01-30,51.2086,51.2873,51.0356,51.2259,21719756.0,1.0,0.0
2018-01-31,49.1586,49.7048,49.0756,49.5365,46800219.0,1.0,0.0
2018-02-01,48.821,49.113,48.5768,48.5831,5317918.0,1.0,0.0
2018-02-02,47.285,47.312,47.0245,47.1494,8769457.0,1.0,0.0
2018-02-05,49.2717,49.3193,49.2258,49.3081,3442886.0,1.0,0.0
2018-02-06,50.6238,51.1115,50.5648,50.9524,2445377.0,1.0,0.0
2018-02-07,52.6977,52.7669,52.3864,52.4544,47472246.0,1.0,0.0
2018-02-08,52.6942,52.8016,52.5575,52.7599,38433224.0,1.0,0.0
2018-02-09,52.1501,52.3059,51.8853,52.3039,42650672.0,1.0,0.0
2018-02-12,52.8774,53.6481,52.7192,53.5641,15950100.0,1.0,0.0
2018-02-13,53.7888,54.5113,53.4521,54.2313,41884946.0,1.0,0.0
2018-02-14,53.3591,53.7784,53.2598,53.5483,36331001.0,1.0,0.0
2018-02-15,51.8576,52.3681,51.8103,52.0337,21109722.0,1.0,0.0
2018-02-16,53.5601,53.7863,53.1003,53.3295,6642780.0,1.0,0.0
2018-02-20,54.3004,54.4627,54.1904,54.1948,45223573.0,1.0,0.0
2018-02-21,52.7039,53.0678,52.4838,53.0461,41583682.0,1.0,0.0
2018-02-22,53.3569,53.7756,53.2715,53.4393,24619626.0,1.0,0.0
2018-02-23,54.5154,55.3678,54.3351,55.0609,46102391.0,1.0,0.0
2018-02-26,55.7934,56.0089,55.465,55.5261,39448662.0,1.0,0.0
2018-02-27,56.1156,56.4608,55.9373,56.3485,45789560.0,1.0,0.0
2018-02-28,57.3703,57.6153,57.3075,57.5227,42102965.0,1.0,0.0
2018-03-01,59.2111,59.9538,59.1934,59.9002,48813792.0,1.0,0.0
2018-03-02,59.9335,60.7387,59.8777,60.7135,14676475.0,1.0,0.0
2018-03-05,58.5287,59.4059,58.2498,59.2905,26472695.0,1.0,0.0
2018-03-06,60.2982,60.3971,60.2786,60.396,25232170.0,1.0,0.0
2018-03-07,60.8684,61.4229,60.7296,61.0813,24734783.0,1.0,0.0
2018-03-08,59.904,60.7379,59.6633,60.5705,16648606.0,1.0,0.0
2018-03-09,62.4226,62.6174,61.7654,61.8727,7976977.0,1.0,0.0
2018-03-12,62.7426,63.0987,62.4195,62.5493,46018472.0,1.0,0.0
2018-03-13,62.0876,62.1466,62.0233,62.09,12790621.0,1.0,0.0
2018-03-14,61.7409,61.93,61.5232,61.8102,33414943.0,1.0,0.0
2018-03-15,62.2054,62.6639,61.8986,62.3169,34098787.0,1.0,0.0
2018-03-16,62.4293,62.5656,61.8871,61.9362,41658179.0,1.0,0.0
2018-03-19,62.0828,62.2092,61.3519,61.3777,43270465.0,1.0,0.0
2018-03-20,62.6419,64.179,62.601,63.8483,23683540.0,1.0,0.0
2018-03-21,62.7425,62.854,62.5193,62.851,32814411.0,1.0,0.0
2018-03-22,64.5906,64.6925,64.0421,64.3961,16885126.0,1.0,0.0
2018-03-23,64.7755,64.8772,63.6097,63.6657,3299035.0,1.0,0.0
2018-03-26,63.306,63.3954,62.8132,62.9634,31740932.0,1.0,0.0
2018-03-27,63.189,63.2676,63.0253,63.1746,44832523.0,1.0,0.0
2018-03-28,61.0751,61.5408,60.8797,61.2653,24096907.0,1.0,0.0
2018-03-29,62.3509,62.7416,61.5033,61.9009,11434282.0,1.0,0.0
2018-04-02,60.9374,61.5516,60.3943,60.4005,24826197.0,1.0,0.0
2018-04-03,60.0318,60.1447,59.4851,59.8612,11795449.0,1.0,0.0
2018-04-04,60.5537,60.8525,59.2081,59.7498,41173350.0,1.0,0.0
2018-04-05,60.3033,60.4669,60.0782,60.2343,14250644.0,1.0,0.0
2018-04-06,61.5279,61.7694,59.9151,60.3447,16605479.0,1.0,0.0
2018-04-09,56.6999,57.5403,56.6987,57.3704,27125798.0,1.0,0.0
2018-04-10,57.6408,57.8076,57.4849,57.6893,34491795.0,1.0,0.0
2018-04-11,55.6125,55.7436,55.3665,55.4733,1827767.0,1.0,0.0
2018-04-12,55.8849,55.9841,54.9468,55.0574,44534951.0,1.0,0.0
2018-04-13,54.867,54.9225,54.4564,54.5906,18616640.0,1.0,0.0
2018-04-16,55.9623,56.6229,55.8174,56.2449,19816616.0,1.0,0.0
2018-04-17,56.5363,56.909,56.4442,56.8967,33778866.0,1.0,0.0
2018-04-18,57.4282,58.2282,57.0171,58.206,24323842.0,1.0,0.0
2018-04-19,57.0695,57.2422,56.7399,57.0202,36878349.0,1.0,0.0
2018-04-20,56.9977,57.0644,56.5222,56.6559,24073510.0,1.0,0.0
2018-04-23,53.0273,53.174,52.8623,53.1014,49897243.0,1.0,0.0
2018-04-24,52.5527,52.5589,51.9413,52.479,31679372.0,1.0,0.0
2018-04-25,51.1401,51.6403,51.0128,51.4811,18031459.0,1.0,0.0
2018-04-26,47.1927,47.3498,46.2427,46.3441,12860376.0,1.0,0.0
2018-04-27,45.4044,45.5574,45.3131,45.361,6667806.0,1.0,0.0
2018-04-30,45.5297,45.6594,45.4873,45.641,20604090.0,1.0,0.0
2018-05-01,46.4558,46.4633,45.3571,45.5617,38289013.0,1.0,0.0
2018-05-02,44.5244,44.7073,43.6198,43.8645,20262731.0,1.0,0.0
2018-05-03,43.672,43.7641,43.1034,43.5087,41414855.0,1.0,0.0
2018-05-04,43.3225,43.6647,42.9501,43.1006,37684205.0,1.0,0.0
2018-05-07,44.248,44.3841,44.0798,44.1106,49047451.0,1.0,0.0
2018-05-08,46.6886,46.8502,46.1221,46.4453,34745384.0,1.0,0.0
2018-05-09,43.4984,43.9035,43.4632,43.8684,40171317.0,1.0,0.35
2018-05-10,44.6563,44.9192,44.4098,44.8171,9677826.0,1.0,0.0
2018-05-11,45.0892,45.4004,45.0249,45.2511,13307366.0,1.0,0.0
2018-05-14,43.9201,44.2119,43.4245,43.6331,35155771.0,1.0,0.0
2018-05-15,44.8294,45.2374,44.1477,44.3445,26641996.0,1.0,0.0
2018-05-16,43.617,43.9291,43.5031,43.713,19742077.0,1.0,0.0
2018-05-17,43.6345,43.7038,43.551,43.618,31078187.0,1.0,0.0
2018-05-18,42.9052,43.1598,42.7713,43.1524,45270640.0,1.0,0.0
2018-05-21,44.0868,44.515,44.0696,44.4847,17965644.0,1.0,0.0
2018-05-22,43.6221,44.2119,43.3713,44.1311,17079855.0,1.0,0.0
2018-05-23,45.5481,45.6658,45.4512,45.663,1257918.0,1.0,0.0
2018-05-24,45.4815,45.6147,45.0386,45.0517,11630184.0,1.0,0.0
2018-05-25,45.7589,45.8813,44.1872,44.2693,33405117.0,1.0,0.0
2018-05-29,43.0396,43.9465,42.7965,43.7138,34411718.0,1.0,0.0
2018-05-30,44.2827,44.3369,43.9775,44.081,12706129.0,1.0,0.0
2018-05-31,42.9379,43.0564,42.3994,42.7004,14719044.0,1.0,0.0
2018-06-01,43.55,43.8433,43.1302,43.391,1408320.0,1.0,0.0
2018-06-04,42.34,42.6144,42.1159,42.5609,30634256.0,1.0,0.0
2018-06-05,43.4891,43.5463,42.5898,42.7205,25756334.0,1.0,0.0
2018-06-06,42.839,43.2601,42.4249,43.1262,27496777.0,1.0,0.0
2018-06-07,42.9405,43.1131,42.7811,42.9186,16464407.0,1.0,0.0
2018-06-08,40.692,41.0469,40.6175,41.0165,9813907.0,1.0,0.0
2018-06-11,41.4961,42.2298,41.4493,41.9168,27574591.0,1.0,0.0
2018-06-12,41.6418,42.5562,41.4208,42.3591,8096421.0,1.0,0.0
2018-06-13,42.5234,42.8433,42.4213,42.82,14157289.0,1.0,0.0
2018-06-14,43.1234,43.93,43.0918,43.882,16760703.0,1.0,0.0
2018-06-15,43.4103,44.3886,43.3984,44.3042,44003526.0,1.0,0.0
2018-06-18,45.1102,45.2383,44.7348,44.9758,38411676.0,1.0,0.0
2018-06-19,44.7356,45.1544,44.4633,44.5166,48145644.0,1.0,0.0
2018-06-20,44.7945,45.7407,44.4453,45.5803,3198250.0,1.0,0.0
2018-06-21,45.7395,46.427,45.4731,46.2018,9732320.0,1.0,0.0
2018-06-22,46.3434,46.6317,45.6986,45.8055,3716005.0,1.0,0.0
2018-06-25,44.5031,44.7323,44.3753,44.7274,43266220.0,1.0,0.0
2018-06-26,44.5964,44.6569,44.5674,44.6322,41110634.0,1.0,0.0
2018-06-27,43.8786,44.7143,43.8288,44.4955,14997416.0,1.0,0.0
2018-06-28,44.3485,44.4244,44.1525,44.312,33803552.0,1.0,0.0
2018-06-29,44.4811,44.7636,44.2409,44.592,39590307.0,1.0,0.0
2018-07-02,44.3611,44.5857,43.5665,43.6183,35916442.0,1.0,0.0
2018-07-03,42.996,43.0843,42.6616,42.7511,30880281.0,1.0,0.0
2018-07-05,42.6031,42.745,42.0628,42.2204,30203341.0,1.0,0.0
2018-07-06,41.6963,42.0484,41.5301,41.8828,17261224.0,1.0,0.0
2018-07-09,40.9606,41.2059,40.9051,41.0917,24688714.0,1.0,0.0
2018-07-10,40.7582,40.9588,39.8702,39.9051,2166328.0,1.0,0.0
2018-07-11,39.8637,39.9276,39.6413,39.8376,31591525.0,1.0,0.0
2018-07-12,40.1951,40.2273,39.8374,39.9759,10281688.0,1.0,0.0
2018-07-13,40.5264,41.2053,40.505,41.1262,8967597.0,1.0,0.0
2018-07-16,40.7443,41.119,40.6822,41.0498,33876808.0,1.0,0.0
2018-07-17,40.7445,41.0171,40.6974,40.824,49110930.0,1.0,0.0
2018-07-18,40.4917,41.153,40.4404,40.9652,37695177.0,1.0,0.0
2018-07-19,39.2302,39.3745,39.0088,39.1532,18527102.0,1.0,0.0
2018-07-20,39.2405,39.9835,39.159,39.7531,19487545.0,1.0,0.0
2018-07-23,40.0114,40.1239,39.8293,39.987,6082966.0,1.0,0.0
2018-07-24,40.9792,41.1286,40.4279,40.4842,10780361.0,1.0,0.0
2018-07-25,40.2815,40.5126,39.988,40.1516,3159597.0,1.0,0.0
2018-07-26,39.9884,40.0609,39.475,39.5592,12663982.0,1.0,0.0
2018-07-27,39.781,40.6249,39.7684,40.5101,9391155.0,1.0,0.0
2018-07-30,40.6079,40.6581,40.3819,40.4686,6599156.0,1.0,0.0
2018-07-31,40.5948,40.667,40.5892,40.618,48848273.0,1.0,0.0
2018-08-01,40.5812,40.8338,40.4477,40.6843,30707404.0,1.0,0.0
2018-08-02,40.5735,40.9934,40.3862,40.8009,17264460.0,1.0,0.0
2018-08-03,40.1213,40.183,39.9056,39.9577,39684965.0,1.0,0.0
2018-08-06,39.9504,40.1731,39.4194,39.4826,10362856.0,1.0,0.0
2018-08-07,38.6706,38.7615,38.6399,38.6463,45719761.0,1.0,0.0
2018-08-08,38.1965,38.2294,37.6915,37.791,47321926.0,1.0,0.35
2018-08-09,37.8082,37.9331,37.6176,37.6819,26950944.0,1.0,0.0
2018-08-10,37.761,38.136,37.6054,37.9286,35340090.0,1.0,0.0
2018-08-13,38.2803,38.3734,38.0778,38.2783,4875637.0,1.0,0.0
2018-08-14,38.7125,39.016,38.6988,38.9033,9492746.0,1.0,0.0
2018-08-15,38.5734,38.5802,38.4758,38.5564,35617598.0,1.0,0.0
2018-08-16,38.6433,38.7178,38.4136,38.4408,27410254.0,1.0,0.0
2018-08-17,38.2823,38.6892,38.1867,38.6735,15827033.0,1.0,0.0
2018-08-20,38.6494,38.858,38.0166,38.0972,2789482.0,1.0,0.0
2018-08-21,37.7775,38.0605,37.5512,37.6464,42072533.0,1.0,0.0
2018-08-22,38.0244,38.1741,37.9979,38.0764,39175652.0,1.0,0.0
2018-08-23,37.4875,37.5058,37.2424,37.4089,37613540.0,1.0,0.0
2018-08-24,37.7629,37.9999,37.5056,37.7775,47156089.0,1.0,0.0
2018-08-27,37.7563,38.2362,37.7415,38.0805,39847446.0,1.0,0.0
2018-08-28,37.8962,37.9827,37.3274,37.3904,22793628.0,1.0,0.0
2018-08-29,37.6421,38.4772,37.5805,38.2305,39601448.0,1.0,0.0
2018-08-30,38.4329,38.5924,38.0757,38.3234,41384221.0,1.0,0.0
2018-08-31,38.3531,38.4625,38.2106,38.2672,6369638.0,1.0,0.0
2018-09-04,37.9357,37.9561,37.3374,37.6345,8546832.0,1.0,0.0
2018-09-05,37.6488,38.089,37.5189,38.0627,21193811.0,1.0,0.0
2018-09-06,38.5475,38.6448,38.1759,38.2971,9463396.0,1.0,0.0
2018-09-07,38.6504,38.6951,38.5034,38.6487,20027449.0,1.0,0.0
2018-09-10,38.8855,38.9987,38.6398,38.8164,14847151.0,1.0,0.0
2018-09-11,38.851,38.9954,38.0491,38.1682,19830096.0,1.0,0.0
2018-09-12,38.4054,38.8115,38.3619,38.7084,5061404.0,1.0,0.0
2018-09-13,38.7665,39.0735,38.6544,38.8711,28324375.0,1.0,0.0
2018-09-14,38.634,38.915,38.5511,38.8,18571693.0,1.0,0.0
2018-09-17,39.5266,39.7469,39.0747,39.1469,16111856.0,1.0,0.0
2018-09-18,38.8585,39.5162,38.8542,39.1884,3738930.0,1.0,0.0
2018-09-19,39.0854,39.0872,38.8152,39.0386,25376211.0,1.0,0.0
2018-09-20,38.9725,39.452,38.9652,39.121,13888871.0,1.0,0.0
2018-09-21,39.3487,39.3781,38.9831,39.084,17798431.0,1.0,0.0
2018-09-24,38.394,38.4234,37.9503,38.0922,5459873.0,1.0,0.0
2018-09-25,38.2592,38.2679,37.6285,37.8483,7720187.0,1.0,0.0
2018-09-26,37.7479,38.1891,37.5537,38.1365,45000244.0,1.0,0.0
2018-09-27,38.2722,38.4584,38.1595,38.3557,30382306.0,1.0,0.0
2018-09-28,38.3164,38.4588,37.9454,38.033,12323105.0,1.0,0.0
2018-10-01,37.8343,38.3021,37.7443,38.0797,8898733.0,1.0,0.0
2018-10-02,37.7221,37.8654,37.3622,37.4419,42475660.0,1.0,0.0
2018-10-03,37.6667,37.6944,37.399,37.4903,20189658.0,1.0,0.0
2018-10-04,37.5538,37.6205,37.4652,37.5,11493357.0,1.0,0.0
2018-10-05,37.137,37.7591,37.0897,37.6258,27059661.0,1.0,0.0
2018-10-08,38.3,38.5487,38.0742,38.1996,47171488.0,1.0,0.0
2018-10-09,38.019,38.0526,37.6114,37.8587,21857793.0,1.0,0.0
2018-10-10,37.5596,37.9093,37.2757,37.8591,14602750.0,1.0,0.0
2018-10-11,37.0851,37.5623,36.9899,37.5606,6876028.0,1.0,0.0
2018-10-12,37.8473,38.0901,37.7804,37.9517,3193812.0,1.0,0.0
2018-10-15,37.9804,38.1188,37.8497,38.0654,14537676.0,1.0,0.0
2018-10-16,37.6046,38.0642,37.5779,37.695,49893492.0,1.0,0.0
2018-10-17,37.9586,38.7312,37.7988,38.5891,44117888.0,1.0,0.0
2018-10-18,38.6651,39.3916,38.3996,39.1856,4962474.0,1.0,0.0
2018-10-19,38.9957,39.1181,38.5922,39.0744,41256184.0,1.0,0.0
2018-10-22,39.1017,39.6205,39.0948,39.5083,24773457.0,1.0,0.0
2018-10-23,39.5606,39.7932,39.3976,39.6764,38274190.0,1.0,0.0
2018-10-24,39.5815,39.843,39.1114,39.148,19197213.0,1.0,0.0
2018-10-25,38.9717,39.2387,38.9038,39.1035,26627291.0,1.0,0.0
2018-10-26,39.1568,39.3824,38.9257,39.1994,41875859.0,1.0,0.0
2018-10-29,39.0526,39.1222,38.8334,38.9966,25040575.0,1.0,0.0
2018-10-30,38.9426,39.0305,38.3447,38.3944,22646709.0,1.0,0.0
2018-10-31,38.7706,39.0994,38.4996,39.0479,25119708.0,1.0,0.0
2018-11-01,39.9191,39.952,39.8546,39.9297,15372084.0,1.0,0.0
2018-11-02,39.7712,40.2844,39.7633,40.2419,45411496.0,1.0,0.0
2018-11-05,39.122,39.8228,38.9218,39.7559,1152128.0,1.0,0.0
2018-11-06,39.6129,39.6425,39.3863,39.5071,43031740.0,1.0,0.0
2018-11-07,39.0399,39.5146,38.9266,39.4843,1133021.0,1.0,0.0
2018-11-08,39.0388,39.2927,38.6221,38.6829,46879469.0,1.0,0.0
2018-11-09,38.112,38.3089,37.2427,37.2465,8729481.0,1.0,0.0
2018-11-12,37.4024,37.6551,36.8675,37.0128,34346120.0,1.0,0.0
2018-11-13,36.3711,36.5117,36.3302,36.4171,21682529.0,1.0,0.0
2018-11-14,36.6028,36.6753,36.313,36.3487,47201145.0,1.0,0.0
2018-11-15,36.1395,36.6171,35.9812,36.5824,7111780.0,1.0,0.0
2018-11-16,35.9606,35.9761,35.61,35.7007,5824467.0,1.0,0.0
2018-11-19,34.9981,35.1176,34.8586,34.9151,29954165.0,1.0,0.0
2018-11-20,34.9345,34.9509,34.8067,34.8099,35829372.0,1.0,0.0
2018-11-21,34.7819,34.9258,34.7498,34.8166,18162533.0,1.0,0.0
2018-11-23,35.5284,36.0555,35.4594,36.0385,44824828.0,1.0,0.0
2018-11-26,35.5856,35.7924,35.022,35.2891,49523924.0,1.0,0.0
2018-11-27,35.2343,35.7418,35.1885,35.4281,37884039.0,1.0,0.0
2018-11-28,35.1371,35.2519,34.7957,34.8747,44426372.0,1.0,0.0
2018-11-29,34.4722,34.476,34.2566,34.4508,44348210.0,1.0,0.0
2018-11-30,34.1377,34.4889,34.0964,34.4197,48618633.0,1.0,0.0
2018-12-03,35.0194,35.1945,34.9444,35.046,5173667.0,1.0,0.0
2018-12-04,34.8711,35.0999,34.8485,35.0906,17982136.0,1.0,0.0
2018-12-06,35.4934,35.8852,35.4776,35.6402,41659800.0,1.0,0.0
2018-12-07,35.2514,35.3009,34.9854,35.1654,33029483.0,1.0,0.0
2018-12-10,35.0005,35.0864,34.5659,34.8129,35018382.0,1.0,0.0
2018-12-11,34.3004,34.7256,34.2859,34.6189,45137645.0,1.0,0.0
2018-12-12,34.6736,34.877,34.6671,34.7537,17557458.0,1.0,0.0
2018-12-13,34.8939,35.8099,34.7391,35.6567,24614784.0,1.0,0.0
2018-12-14,35.4495,35.4724,35.1501,35.1535,33376556.0,1.0,0.0
2018-12-17,34.4048,34.5976,34.0752,34.3503,26686937.0,1.0,0.0
2018-12-18,33.7196,33.7521,33.4588,33.5635,45205378.0,1.0,0.0
2018-12-19,33.8722,34.0204,33.8157,34.0057,12056208.0,1.0,0.0
2018-12-20,34.0706,34.2916,33.8955,34.2847,4412771.0,1.0,0.0
2018-12-21,34.3066,34.3425,34.0587,34.1032,15406192.0,1.0,0.0
2018-12-24,34.2524,35.0561,34.1798,34.8239,35104739.0,1.0,0.0
2018-12-26,35.2727,35.3956,34.9829,34.9852,17139324.0,1.0,0.0
2018-12-27,35.0917,35.1191,34.762,35.0665,33779588.0,1.0,0.0
2018-12-28,34.9367,35.0144,34.7868,35.0143,23125131.0,1.0,0.0
2018-12-31,35.0034,35.1006,34.9369,35.0225,5075848.0,1.0,0.0
2019-01-02,34.695,34.8038,34.0595,34.2353,27515008.0,1.0,0.0
2019-01-03,34.1522,34.2376,34.0084,34.024,43842027.0,1.0,0.0
2019-01-04,33.6102,33.7143,33.61,33.6306,25947605.0,1.0,0.0
2019-01-07,33.17,33.5923,33.0526,33.4433,4654324.0,1.0,0.0
2019-01-08,33.1869,33.2078,33.1138,33.1998,7981227.0,1.0,0.0
2019-01-09,33.0615,33.3534,33.0109,33.2061,34315657.0,1.0,0.0
2019-01-10,32.9771,32.9845,32.8336,32.8617,48059252.0,1.0,0.0
2019-01-11,32.9034,33.3103,32.76,33.265,14255840.0,1.0,0.0
2019-01-14,33.2128,33.3043,32.4395,32.4853,35090792.0,1.0,0.0
2019-01-15,32.7022,32.8809,32.4556,32.5307,5761047.0,1.0,0.0
2019-01-16,32.6288,32.8348,32.3022,32.322,7064115.0,1.0,0.0
2019-01-17,32.3812,32.6378,32.3006,32.6245,32100703.0,1.0,0.0
2019-01-18,32.3598,32.7478,32.3123,32.6389,30148307.0,1.0,0.0
2019-01-22,32.9409,33.0375,32.616,32.6983,7575617.0,1.0,0.0
2019-01-23,32.6962,32.787,32.2175,32.2438,48571941.0,1.0,0.0
2019-01-24,32.5085,32.6541,32.3946,32.5934,16610179.0,1.0,0.0
2019-01-25,32.2228,32.2941,32.1953,32.2451,48154882.0,1.0,0.0
2019-01-28,31.9722,32.2734,31.8968,32.0978,10241233.0,1.0,0.0
2019-01-29,32.2495,32.321,31.9668,32.0934,45749881.0,1.0,0.0
2019-01-30,32.2763,32.3373,32.0514,32.2841,45966643.0,1.0,0.0
2019-01-31,32.4456,32.456,32.2466,32.4016,11708572.0,1.0,0.0
2019-02-01,32.2377,32.238,32.0215,32.0551,14265436.0,1.0,0.0
2019-02-04,32.3501,32.3633,32.1073,32.289,45251153.0,1.0,0.0
2019-02-05,32.2085,33.2947,32.1259,33.0582,40290845.0,1.0,0.0
2019-02-06,32.9563,33.2014,32.8908,33.1674,31622157.0,1.0,0.0
2019-02-07,33.3817,33.8516,33.3084,33.8153,29823528.0,1.0,0.0
2019-02-08,33.9358,34.0709,33.9275,34.039,42387145.0,1.0,0.0
2019-02-11,34.3444,34.3471,34.2502,34.3443,15775666.0,1.0,0.0
2019-02-12,34.5108,34.596,34.1045,34.4563,11686391.0,1.0,0.0
2019-02-13,34.3396,34.5457,34.3013,34.4288,44690442.0,1.0,0.0
2019-02-14,34.342,35.5265,34.139,35.4144,26504813.0,1.0,0.0
2019-02-15,34.9598,35.0257,34.3671,34.4157,32408466.0,1.0,0.0
2019-02-19,33.8398,33.8586,32.7331,32.8869,3792575.0,1.0,0.0
2019-02-20,32.8861,33.2813,32.7733,33.2711,11162041.0,1.0,0.0
2019-02-21,33.1088,33.1318,32.4214,32.5907,48458418.0,1.0,0.0
2019-02-22,32.4501,32.6597,32.1779,32.1943,5869648.0,1.0,0.0
2019-02-25,32.2728,32.7363,32.157,32.4957,26620820.0,1.0,0.0
2019-02-26,32.2869,32.3678,32.2607,32.3248,22517285.0,1.0,0.0
2019-02-27,32.1545,32.1599,31.7183,31.8534,19275851.0,1.0,0.0
2019-02-28,31.6954,32.272,31.5215,32.1074,27038111.0,1.0,0.0
2019-03-01,32.2451,32.4257,31.9033,31.9268,47959822.0,1.0,0.0
2019-03-04,31.7623,32.6295,31.5885,32.3011,27136939.0,1.0,0.0
2019-03-05,32.4436,32.6959,32.4127,32.6446,24474502.0,1.0,0.0
2019-03-06,32.7789,32.8399,32.5116,32.5248,41381626.0,1.0,0.0
2019-03-07,32.2749,32.335,32.1066,32.2353,24626008.0,1.0,0.0
2019-03-08,32.4157,32.4804,32.2828,32.3977,2794171.0,1.0,0.0
2019-03-11,32.4905,33.1026,32.4387,33.0333,13932651.0,1.0,0.0
2019-03-12,32.7026,33.012,32.391,33.0109,25970830.0,1.0,0.0
2019-03-13,33.0347,33.1796,32.7162,32.7909,13673511.0,1.0,0.0
2019-03-14,32.6125,32.8949,32.5743,32.7278,49520895.0,1.0,0.0
2019-03-15,33.0726,33.2112,32.9494,33.0839,39932081.0,1.0,0.0
2019-03-18,33.2871,33.6935,33.0744,33.5748,32441768.0,1.0,0.0
2019-03-19,33.8288,34.096,33.6514,33.7925,16189773.0,1.0,0.0
2019-03-20,34.0418,34.0479,33.8413,33.9004,17559177.0,1.0,0.0
2019-03-21,33.8797,33.9324,33.2942,33.5785,27478707.0,1.0,0.0
2019-03-22,33.426,33.9244,33.3554,33.7631,43425606.0,1.0,0.0
2019-03-25,33.9333,34.8251,33.899,34.7313,47110989.0,1.0,0.0
2019-03-26,34.2945,34.4537,33.7435,33.8228,9418873.0,1.0,0.0
2019-03-27,33.9508,34.006,33.267,33.4108,11441656.0,1.0,0.0
2019-03-28,33.1478,33.2029,32.7563,32.8677,14290704.0,1.0,0.0
2019-03-29,33.1732,33.2446,32.9951,33.1563,22753304.0,1.0,0.0
2019-04-01,33.3484,33.354,33.0565,33.1558,38148208.0,1.0,0.0
2019-04-02,33.7772,33.9944,33.3251,33.5857,18676386.0,1.0,0.0
2019-04-03,33.5355,33.71,33.4938,33.5114,43385125.0,1.0,0.0
2019-04-04,33.6275,33.6656,33.2224,33.2731,10025614.0,1.0,0.0
2019-04-05,33.4158,33.5433,33.0486,33.1168,40338896.0,1.0,0.0
2019-04-08,32.3194,32.5875,32.16,32.4974,42562112.0,1.0,0.0
2019-04-09,32.3134,32.5108,31.774,32.012,40246304.0,1.0,0.0
2019-04-10,31.8657,31.8712,31.497,31.6434,49853575.0,1.0,0.0
2019-04-11,31.6414,31.7436,31.4075,31.4134,21487692.0,1.0,0.0
2019-04-12,30.9761,31.0447,30.9111,30.9867,5857149.0,1.0,0.0
2019-04-15,30.7994,30.8862,30.5208,30.6586,18461072.0,1.0,0.0
2019-04-16,30.719,30.7314,30.2444,30.3026,28336519.0,1.0,0.0
2019-04-17,30.082,30.2025,29.9301,30.0666,32071534.0,1.0,0.0
2019-04-18,29.8347,30.0369,29.6928,29.7323,16562463.0,1.0,0.0
2019-04-22,30.3377,30.4121,30.1726,30.3174,18633351.0,1.0,0.0
2019-04-23,30.5501,30.5503,30.4567,30.4733,37118876.0,1.0,0.0
2019-04-24,30.0477,30.1308,29.6887,29.7365,21461994.0,1.0,0.0
2019-04-25,29.7536,29.8207,29.5495,29.6203,38250162.0,1.0,0.0
2019-04-26,29.3218,29.8972,29.1999,29.8025,8860367.0,1.0,0.0
2019-04-29,29.6146,30.3283,29.4389,30.078,21654939.0,1.0,0.0
2019-04-30,30.0561,30.2933,29.8439,30.07,47435136.0,1.0,0.0
2019-05-01,29.8229,29.9435,29.2415,29.3889,47144949.0,1.0,0.0
2019-05-02,30.2617,30.2948,29.7136,29.9294,38405378.0,1.0,0.0
2019-05-03,29.462,29.5593,29.3369,29.5376,47686574.0,1.0,0.0
2019-05-06,29.5064,29.9345,29.4802,29.8689,23884384.0,1.0,0.0
2019-05-07,30.3722,31.1376,30.1722,30.8175,30039579.0,1.0,0.0
2019-05-08,30.9483,31.6722,30.884,31.4732,27864165.0,1.0,0.35
2019-05-09,30.7758,31.0148,30.6934,30.9482,13388040.0,1.0,0.0
2019-05-10,30.9241,30.9836,30.8531,30.8792,26980429.0,1.0,0.0
2019-05-13,31.301,31.4046,31.0083,31.0557,21719182.0,1.0,0.0
2019-05-14,30.6176,30.9383,30.5015,30.8953,9627891.0,1.0,0.0
2019-05-15,30.3492,30.3674,29.8008,30.0364,22634324.0,1.0,0.0
2019-05-16,29.9876,30.271,29.7597,30.107,15698615.0,1.0,0.0
2019-05-17,30.7201,31.255,30.6827,31.1146,5242994.0,1.0,0.0
2019-05-20,31.0275,31.1922,30.9382,30.9539,36324020.0,1.0,0.0
2019-05-21,30.7053,31.6466,30.526,31.5397,12628497.0,1.0,0.0
2019-05-22,31.4836,31.4897,30.9092,30.9504,33509761.0,1.0,0.0
2019-05-23,31.3183,31.3989,30.946,31.2074,8863389.0,1.0,0.0
2019-05-24,31.2146,31.3387,30.8425,31.0295,34441468.0,1.0,0.0
2019-05-28,31.225,31.5155,30.9748,31.3411,27396450.0,1.0,0.0
2019-05-29,31.4157,31.623,31.4059,31.4363,3179905.0,1.0,0.0
2019-05-30,31.8165,31.8246,31.5497,31.582,28469958.0,1.0,0.0
2019-05-31,31.4933,32.0494,31.3409,32.0188,22472755.0,1.0,0.0
2019-06-03,31.9139,32.0637,31.8097,32.0248,25502106.0,1.0,0.0
2019-06-04,32.0667,32.1816,31.8033,31.9369,41097275.0,1.0,0.0
2019-06-05,31.6188,32.1436,31.6185,32.0081,5192420.0,1.0,0.0
2019-06-06,31.9004,32.127,31.8755,32.0023,5311793.0,1.0,0.0
2019-06-07,32.2695,32.3346,32.1093,32.1903,27671606.0,1.0,0.0
2019-06-10,31.9994,32.088,31.6812,31.8697,40171004.0,1.0,0.0
2019-06-11,32.026,32.2578,32.0218,32.1919,27416520.0,1.0,0.0
2019-06-12,32.1341,32.5233,32.0887,32.2995,46695535.0,1.0,0.0
2019-06-13,32.3832,32.5063,31.9838,32.0837,49648406.0,1.0,0.0
2019-06-14,30.6688,31.1467,30.667,31.05,12493889.0,1.0,0.0
2019-06-17,30.8392,31.3046,30.8309,31.1863,42819775.0,1.0,0.0
2019-06-18,31.0117,31.5299,30.8458,31.3254,44046830.0,1.0,0.0
2019-06-19,30.8694,31.0428,30.6897,30.7303,28451682.0,1.0,0.0
2019-06-20,30.9267,30.9864,30.4696,30.4851,23038534.0,1.0,0.0
2019-06-21,30.6522,30.8891,30.4565,30.8889,14686061.0,1.0,0.0
2019-06-24,30.5565,30.6684,30.2185,30.3485,39295009.0,1.0,0.0
2019-06-25,30.3987,30.4153,30.3387,30.3544,2936181.0,1.0,0.0
2019-06-26,29.2123,29.2739,29.1389,29.2033,9768113.0,1.0,0.0
2019-06-27,28.8276,29.1309,28.7499,29.031,32390857.0,1.0,0.0
2019-06-28,28.9809,29.4947,28.8432,29.4676,10179960.0,1.0,0.0
2019-07-01,29.399,29.4804,28.8227,28.849,13155874.0,1.0,0.0
2019-07-02,28.3116,28.5154,28.2332,28.2553,36227512.0,1.0,0.0
2019-07-03,27.9929,28.4052,27.8833,28.2957,28959410.0,1.0,0.0
2019-07-05,28.3881,28.8227,28.2976,28.7027,25873855.0,1.0,0.0
2019-07-08,29.0273,29.0427,28.7841,28.8127,44882199.0,1.0,0.0
2019-07-09,29.0158,29.1563,28.7558,28.841,32602430.0,1.0,0.0
2019-07-10,28.7171,28.7959,28.4148,28.4178,35649085.0,1.0,0.0
2019-07-11,28.003,28.0396,27.8074,28.0092,27603396.0,1.0,0.0
2019-07-12,27.9974,28.0305,27.8074,27.9093,39608504.0,1.0,0.0
2019-07-15,27.9008,28.0431,27.8939,27.9081,15949922.0,1.0,0.0
2019-07-16,28.0446,28.0684,27.7592,27.7729,11667016.0,1.0,0.0
2019-07-17,27.6941,28.2307,27.5093,28.128,41792558.0,1.0,0.0
2019-07-18,27.9,28.2316,27.8497,28.1204,1531901.0,1.0,0.0
2019-07-19,28.5706,28.6248,28.5348,28.5486,15006260.0,1.0,0.0
2019-07-22,28.5201,28.7095,28.4922,28.5807,36504083.0,1.0,0.0
2019-07-23,28.8828,29.0657,28.7633,28.8536,16019950.0,1.0,0.0
2019-07-24,28.773,29.1987,28.719,29.172,34667794.0,1.0,0.0
2019-07-25,29.0856,29.3074,28.5965,28.7307,18143406.0,1.0,0.0
2019-07-26,28.7351,28.8563,28.6775,28.6924,27273122.0,1.0,0.0
2019-07-29,29.4509,30.2164,29.4398,30.1524,48195192.0,1.0,0.0
2019-07-30,29.9938,30.0227,29.7271,29.7455,32817774.0,1.0,0.0
2019-07-31,29.7874,29.9539,29.5544,29.6902,27176582.0,1.0,0.0
2019-08-01,29.3916,29.9968,29.3903,29.8256,20148134.0,1.0,0.0
2019-08-02,29.8048,29.8914,29.6774,29.7481,4879329.0,1.0,0.0
2019-08-05,29.9175,30.0675,29.3751,29.4517,25734206.0,1.0,0.0
2019-08-06,29.1432,29.3134,28.7937,28.8838,29279448.0,1.0,0.0
2019-08-07,28.7303,29.0377,28.6404,28.9677,5867395.0,1.0,0.0
2019-08-08,29.014,29.0535,28.8191,28.852,40737888.0,1.0,0.0
2019-08-09,29.114,29.3288,28.6587,28.823,21273776.0,1.0,0.0
2019-08-12,28.7973,28.9972,28.3722,28.3995,9597363.0,1.0,0.0
2019-08-13,28.6566,29.0807,28.6399,29.0308,36466348.0,1.0,0.0
2019-08-14,29.5164,29.6527,29.4443,29.5395,9873816.0,1.0,0.0
2019-08-15,29.7181,29.8614,29.3301,29.5028,36138042.0,1.0,0.0
2019-08-16,29.4826,29.5448,29.017,29.1232,34520010.0,1.0,0.0
2019-08-19,29.163,29.2866,28.9932,29.0078,8598091.0,1.0,0.0
2019-08-20,29.0683,29.2062,28.7678,28.8285,15913117.0,1.0,0.0
2019-08-21,29.5024,29.6206,28.8619,28.9035,21459629.0,1.0,0.0
2019-08-22,28.1596,28.26,27.9751,28.0856,35934167.0,1.0,0.0
2019-08-23,28.2348,28.2689,28.1531,28.2572,4020049.0,1.0,0.0
2019-08-26,28.5924,28.6549,28.2065,28.3872,32997735.0,1.0,0.0
2019-08-27,28.3038,28.3425,28.2228,28.264,27932783.0,1.0,0.0
2019-08-28,28.4427,28.9004,28.3885,28.8266,5379868.0,1.0,0.0
2019-08-29,28.7876,29.0619,28.7581,29.0235,29507253.0,1.0,0.0
2019-08-30,28.7186,29.1772,28.697,29.1254,18407311.0,1.0,0.0
2019-09-03,29.1503,29.1691,28.7172,28.758,26919599.0,1.0,0.0
2019-09-04,28.9845,29.5377,28.9738,29.4181,38162744.0,1.0,0.0
2019-09-05,29.4656,29.5066,28.8944,29.0743,14286976.0,1.0,0.0
2019-09-06,29.5941,30.308,29.5708,30.1926,1110469.0,1.0,0.0
2019-09-09,30.1933,30.209,29.8296,29.988,33809637.0,1.0,0.0
2019-09-10,30.0017,30.0929,29.6959,29.8209,24099970.0,1.0,0.0
2019-09-11,30.0948,30.1682,29.6155,29.7611,31426911.0,1.0,0.0
2019-09-12,29.6722,29.6757,28.9174,29.1187,18457300.0,1.0,0.0
2019-09-13,29.137,29.3664,28.8566,28.9489,19951989.0,1.0,0.0
2019-09-16,29.6685,29.9233,29.6088,29.8455,48984839.0,1.0,0.0
2019-09-17,30.0124,30.1208,29.7155,29.8298,18547489.0,1.0,0.0
2019-09-18,29.6554,29.7183,29.4667,29.4872,46829881.0,1.0,0.0
2019-09-19,29.4508,29.9036,29.4077,29.832,15933602.0,1.0,0.0
2019-09-20,29.8365,30.2445,29.8022,30.2352,19706992.0,1.0,0.0
2019-09-23,30.1615,30.2103,30.0444,30.1997,47481404.0,1.0,0.0
2019-09-24,30.0319,30.1486,29.0257,29.3027,8142039.0,1.0,0.0
2019-09-25,29.2763,29.3494,29.0924,29.2922,28593538.0,1.0,0.0
2019-09-26,29.5574,29.8138,29.4031,29.7177,35418088.0,1.0,0.0
2019-09-27,29.637,29.6633,28.9341,28.9527,38341383.0,1.0,0.0
2019-09-30,29.158,29.2377,29.0256,29.0512,11996719.0,1.0,0.0
2019-10-01,29.0379,29.1335,28.928,29.0427,33720357.0,1.0,0.0
2019-10-02,29.4881,29.5718,29.425,29.4589,21659661.0,1.0,0.0
2019-10-03,29.2399,29.2728,28.7724,28.9173,23776911.0,1.0,0.0
2019-10-04,28.9608,29.0693,28.6744,29.0092,7810267.0,1.0,0.0
2019-10-07,28.4419,28.805,28.3138,28.7979,6938822.0,1.0,0.0
2019-10-08,28.6349,28.7856,28.6294,28.7112,22967242.0,1.0,0.0
2019-10-09,28.7342,29.0625,28.7285,29.0561,12759108.0,1.0,0.0
2019-10-10,29.031,29.3902,28.893,29.3144,20896752.0,1.0,0.0
2019-10-11,29.3552,29.8524,29.1726,29.6987,16007606.0,1.0,0.0
2019-10-14,29.7601,29.8295,29.3842,29.466,40758873.0,1.0,0.0
2019-10-15,29.4369,29.6412,29.2149,29.355,35740969.0,1.0,0.0
2019-10-16,29.6582,29.9742,29.6032,29.8833,22242548.0,1.0,0.0
2019-10-17,29.7034,29.8348,29.3614,29.4457,7464964.0,1.0,0.0
2019-10-18,29.3893,29.5285,29.3796,29.5096,21352910.0,1.0,0.0
2019-10-21,29.3126,29.4538,29.2414,29.2486,49726608.0,1.0,0.0
2019-10-22,29.3436,29.5928,29.2636,29.5757,37371566.0,1.0,0.0
2019-10-23,29.2265,29.4345,29.1147,29.3142,19775064.0,1.0,0.0
2019-10-24,29.3144,30.1086,29.3073,30.0071,2442522.0,1.0,0.0
2019-10-25,30.106,30.1812,29.7538,29.8148,10086117.0,1.0,0.0
2019-10-28,29.9386,30.301,29.8851,30.127,7689717.0,1.0,0.0
2019-10-29,30.1345,30.2735,30.0453,30.1773,31722265.0,1.0,0.0
2019-10-30,29.9501,29.9611,29.468,29.498,23926315.0,1.0,0.0
2019-10-31,29.4866,29.5815,28.8602,28.9147,12982183.0,1.0,0.0
2019-11-01,28.7088,28.9304,28.6281,28.9199,48626388.0,1.0,0.0
2019-11-04,29.0036,29.0938,28.8037,28.9067,41419778.0,1.0,0.0
2019-11-05,28.8499,28.8658,28.4517,28.5332,33142283.0,1.0,0.0
2019-11-06,28.5014,28.5115,28.1924,28.2867,43985309.0,1.0,0.0
2019-11-07,28.2662,28.6994,28.2147,28.6819,33393138.0,1.0,0.0
2019-11-08,28.6142,28.9139,28.3857,28.9118,32874912.0,1.0,0.0
2019-11-11,28.831,28.8736,28.3169,28.3639,21092577.0,1.0,0.0
2019-11-12,28.387,28.4213,28.1784,28.3429,23750379.0,1.0,0.0
2019-11-13,28.4334,28.7865,28.1838,28.66,6066814.0,1.0,0.0
2019-11-14,28.7371,28.9819,28.7168,28.9057,29560995.0,1.0,0.0
2019-11-15,28.9726,29.2492,28.9236,29.0841,36111509.0,1.0,0.0
2019-11-18,29.2346,29.4475,29.2026,29.3777,36562410.0,1.0,0.0
2019-11-19,29.4371,30.1216,29.326,30.0635,17998853.0,1.0,0.0
2019-11-20,30.1382,30.2202,29.8551,30.0632,47782906.0,1.0,0.0
2019-11-21,30.1723,30.2093,29.909,29.9589,11751672.0,1.0,0.0
2019-11-22,30.0917,30.1004,29.9619,30.0175,43994452.0,1.0,0.0
2019-11-25,30.1021,30.181,29.6606,29.7207,12015485.0,1.0,0.0
2019-11-26,29.6645,29.7271,29.2936,29.343,19489377.0,1.0,0.0
2019-11-27,29.472,29.5209,29.3959,29.4018,25314550.0,1.0,0.0
2019-11-29,29.3227,29.5387,29.1467,29.4864,41099265.0,1.0,0.0
2019-12-02,29.6793,29.7545,29.4254,29.4864,7856340.0,1.0,0.0
2019-12-03,29.4138,29.481,29.1263,29.225,8259264.0,1.0,0.0
2019-12-04,28.8256,29.5887,28.7264,29.53,2195347.0,1.0,0.0
2019-12-05,29.5704,29.8853,29.5515,29.8544,40696759.0,1.0,0.0
2019-12-06,29.933,30.0065,29.6715,29.7297,47818537.0,1.0,0.0
2019-12-09,29.9127,30.1696,29.8311,29.958,10673315.0,1.0,0.0
2019-12-10,30.3941,30.4526,30.0244,30.0434,16700206.0,1.0,0.0
2019-12-11,29.5475,29.6027,29.4632,29.5226,34019224.0,1.0,0.0
2019-12-12,29.6009,29.6811,29.5902,29.6775,39873660.0,1.0,0.0
2019-12-13,29.8759,30.2229,29.8573,30.0961,4961771.0,1.0,0.0
2019-12-16,29.9697,30.1119,29.8328,30.0721,3192213.0,1.0,0.0
2019-12-17,30.271,30.5323,30.2662,30.3469,5152541.0,1.0,0.0
2019-12-18,30.1078,30.123,29.7681,29.8032,36056366.0,1.0,0.0
2019-12-19,29.487,29.6999,29.253,29.2983,10450209.0,1.0,0.0
2019-12-20,29.1812,29.2374,29.0496,29.1175,1732872.0,1.0,0.0
2019-12-23,29.1867,29.4195,28.9752,29.3061,26605823.0,1.0,0.0
2019-12-24,29.3071,29.521,29.0527,29.0672,38950074.0,1.0,0.0
2019-12-26,28.9046,28.9448,28.3827,28.4546,38498275.0,1.0,0.0
2019-12-27,28.8247,28.9327,28.518,28.6145,16705465.0,1.0,0.0
2019-12-30,28.5262,28.6869,28.4247,28.637,43706783.0,1.0,0.0
2019-12-31,28.7731,29.7569,28.5707,29.6865,12051548.0,1.0,0.0
2020-01-02,29.5387,29.6266,29.235,29.2996,19664393.0,1.0,0.0
2020-01-03,29.2963,29.3376,28.9755,28.988,8693442.0,1.0,0.0
2020-01-06,28.6274,28.76,28.5965,28.6361,39464108.0,1.0,0.0
2020-01-07,28.4964,28.7597,28.4062,28.7347,5038567.0,1.0,0.0
2020-01-08,28.719,29.0456,28.7119,28.9508,5783256.0,1.0,0.0
2020-01-09,28.9384,29.256,28.6136,29.1863,44485105.0,1.0,0.0
2020-01-10,29.3203,29.3642,29.1872,29.1913,49880430.0,1.0,0.0
2020-01-13,29.4099,29.6712,29.3093,29.5646,33576752.0,1.0,0.0
2020-01-14,29.5136,30.1906,29.4827,30.1556,21903943.0,1.0,0.0
2020-01-15,30.2384,30.316,29.5806,29.7038,49833777.0,1.0,0.0
2020-01-16,29.7726,29.8252,29.3683,29.4915,43096101.0,1.0,0.0
2020-01-17,29.6517,29.7292,29.6198,29.7095,36500009.0,1.0,0.0
2020-01-21,29.6963,29.8865,29.693,29.831,31208211.0,1.0,0.0
2020-01-22,29.8645,29.8646,28.8952,29.0265,22533272.0,1.0,0.0
2020-01-23,28.7926,29.3124,28.7329,29.1542,26009623.0,1.0,0.0
2020-01-24,29.7604,30.2653,29.6972,30.1382,45882778.0,1.0,0.0
2020-01-27,30.5858,30.8802,30.3965,30.869,26469613.0,1.0,0.0
2020-01-28,30.8124,31.206,30.7274,31.1442,8527967.0,1.0,0.0
2020-01-29,31.732,32.3506,31.7057,31.9785,27061299.0,1.0,0.0
2020-01-30,31.9986,32.1658,31.8627,32.0832,20014644.0,1.0,0.0
2020-01-31,31.9895,32.3305,31.9202,32.2306,2708496.0,1.0,0.0
2020-02-03,32.4422,32.5288,32.392,32.5206,4709610.0,1.0,0.0
2020-02-04,32.455,33.0296,32.3143,32.8422,27706117.0,1.0,0.0
2020-02-05,32.5828,32.7399,31.9276,32.2722,27027981.0,1.0,0.0
2020-02-06,32.2404,32.4924,32.0739,32.4675,32771282.0,1.0,0.0
2020-02-07,32.7942,32.8893,32.5104,32.5298,22987964.0,1.0,0.0
2020-02-10,32.4188,32.482,32.0877,32.1672,27760291.0,1.0,0.0
2020-02-11,32.2193,32.2287,31.6989,31.7838,48067287.0,1.0,0.0
2020-02-12,31.6331,32.1097,31.6047,31.905,29373202.0,1.0,0.35
2020-02-13,31.7686,31.7826,31.6407,31.6925,45372311.0,1.0,0.0
2020-02-14,31.5645,31.6878,31.0777,31.2577,30467453.0,1.0,0.0
2020-02-18,31.2216,31.4716,31.138,31.2286,11392030.0,1.0,0.0
2020-02-19,31.744,32.0593,31.623,32.053,11124995.0,1.0,0.0
2020-02-20,31.849,31.9846,31.8479,31.8929,34465486.0,1.0,0.0
2020-02-21,32.1683,32.2,31.6284,31.8131,43507838.0,1.0,0.0
2020-02-24,31.8908,32.2313,31.8618,32.0653,39863787.0,1.0,0.0
2020-02-25,32.0417,32.1888,31.465,31.493,22233534.0,1.0,0.0
2020-02-26,31.5534,31.5801,30.8573,31.0433,39438097.0,1.0,0.0
2020-02-27,31.2766,31.2997,31.0173,31.1162,24291831.0,1.0,0.0
2020-02-28,30.8756,31.012,30.8694,30.9488,30851108.0,1.0,0.0
2020-03-02,30.8372,30.9832,30.4005,30.5471,31500950.0,1.0,0.0
2020-03-03,30.4659,30.5617,30.3353,30.5122,13689209.0,1.0,0.0
2020-03-04,30.7006,30.7422,30.2363,30.4286,7036242.0,1.0,0.0
2020-03-05,29.9985,30.1678,29.9,30.1196,38181188.0,1.0,0.0
2020-03-06,29.8834,30.0729,29.8464,30.0716,49594496.0,1.0,0.0
2020-03-09,29.8719,30.7111,29.7753,30.6296,10424818.0,1.0,0.0
2020-03-10,30.7022,31.1148,30.5052,31.0913,9227462.0,1.0,0.0
2020-03-11,31.1331,31.1687,31.0858,31.1171,12147038.0,1.0,0.0
2020-03-12,31.0293,31.1539,30.9956,31.0772,43685536.0,1.0,0.0
2020-03-13,30.8687,30.9006,30.4744,30.6877,34380423.0,1.0,0.0
2020-03-16,28.5799,28.6687,27.9519,27.9599,40241310.0,1.0,0.0
2020-03-17,28.4524,28.5807,28.2407,28.2779,38260121.0,1.0,0.0
2020-03-18,28.7798,28.881,28.7413,28.8454,7881932.0,1.0,0.0
2020-03-19,28.7912,28.8877,28.4691,28.6043,39708068.0,1.0,0.0
2020-03-20,28.4439,28.4951,28.2065,28.3367,44148296.0,1.0,0.0
2020-03-23,29.3675,29.4354,28.9939,29.0016,30071007.0,1.0,0.0
2020-03-24,29.338,29.4502,29.2609,29.4468,25143121.0,1.0,0.0
2020-03-25,29.7894,29.8777,29.7566,29.829,44978799.0,1.0,0.0
2020-03-26,29.467,29.885,29.2831,29.8725,20176549.0,1.0,0.0
2020-03-27,29.7528,30.0319,29.5807,29.8583,47278298.0,1.0,0.0
2020-03-30,28.9524,29.2445,28.8161,29.202,17920765.0,1.0,0.0
2020-03-31,31.0758,31.1544,30.5093,30.5647,37159453.0,1.0,0.0
2020-04-01,30.5593,31.1318,30.3982,30.9334,5052612.0,1.0,0.0
2020-04-02,30.8613,30.8975,30.3305,30.3428,42768919.0,1.0,0.0
2020-04-03,30.2674,30.2861,30.0379,30.1641,35308264.0,1.0,0.0
2020-04-06,30.4648,30.8713,30.3168,30.7122,38041749.0,1.0,0.0
2020-04-07,30.5377,30.6814,30.2728,30.3038,18412049.0,1.0,0.0
2020-04-08,31.2471,31.9915,31.0969,31.7354,4207656.0,1.0,0.0
2020-04-09,31.1978,31.3173,31.1339,31.1823,29820910.0,1.0,0.0
2020-04-13,33.0125,33.0127,32.4658,32.6024,25572008.0,1.0,0.0
2020-04-14,32.3835,32.432,31.9448,32.0039,37306559.0,1.0,0.0
2020-04-15,31.38,31.7359,31.3641,31.6701,27080150.0,1.0,0.0
2020-04-16,32.254,32.4567,31.726,31.8735,17455142.0,1.0,0.0
2020-04-17,31.8278,32.0147,31.3643,31.4668,42416658.0,1.0,0.0
2020-04-20,31.794,31.9044,31.7798,31.8696,24696612.0,1.0,0.0
2020-04-21,31.975,32.1367,31.9459,32.0507,4727487.0,1.0,0.0
2020-04-22,32.059,32.1994,31.7976,31.8421,7044716.0,1.0,0.0
2020-04-23,31.4731,32.0916,31.4715,32.0231,10484628.0,1.0,0.0
2020-04-24,32.0595,32.4559,31.9096,32.2963,30507013.0,1.0,0.0
2020-04-27,32.2077,32.6019,31.9834,32.4546,28776516.0,1.0,0.0
2020-04-28,32.3527,32.6271,32.3108,32.3503,23985228.0,1.0,0.0
2020-04-29,32.2874,32.5478,32.1781,32.19,40428311.0,1.0,0.0
2020-04-30,32.0331,32.4144,31.9421,32.331,20330532.0,1.0,0.0
2020-05-01,32.6546,32.8842,32.2768,32.348,4173950.0,1.0,0.0
2020-05-04,31.4665,32.1162,31.3927,31.7692,36731579.0,1.0,0.0
2020-05-05,32.2599,32.5366,32.0345,32.3132,16634857.0,1.0,0.0
2020-05-06,31.921,32.0303,31.688,31.7093,16246336.0,1.0,0.0
2020-05-07,32.0293,32.0445,31.5443,31.6515,40100054.0,1.0,0.0
2020-05-08,31.7516,31.8123,31.6185,31.6964,7484275.0,1.0,0.0
2020-05-11,31.4349,31.8843,31.3234,31.7797,33316403.0,1.0,0.0
2020-05-12,31.5449,31.57,31.5348,31.5457,1181351.0,1.0,0.0
2020-05-13,31.3971,31.4952,31.3053,31.3716,8128580.0,1.0,0.0
2020-05-14,32.7336,33.0139,32.5556,32.8083,30727472.0,1.0,0.0
2020-05-15,32.5276,32.8837,32.4839,32.8416,32857324.0,1.0,0.0
2020-05-18,32.1856,32.4971,31.9752,32.4318,22872264.0,1.0,0.0
2020-05-19,32.5963,32.643,32.5444,32.5949,35875688.0,1.0,0.0
2020-05-20,32.0327,32.1239,31.6806,31.7535,20864873.0,1.0,0.0
2020-05-21,31.3488,31.4489,31.0494,31.1037,27692546.0,1.0,0.0
2020-05-22,31.4607,31.4625,30.7331,30.9532,19845134.0,1.0,0.0
2020-05-26,31.1982,31.2441,31.0904,31.2073,34598958.0,1.0,0.0
2020-05-27,30.9998,31.038,30.658,30.6889,21465676.0,1.0,0.0
2020-05-28,30.5099,30.5164,30.162,30.1696,47105613.0,1.0,0.0
2020-05-29,29.0925,29.7058,28.9952,29.2847,45173528.0,1.0,0.0
2020-06-01,28.955,29.2407,28.9531,29.2103,1795175.0,1.0,0.0
2020-06-02,28.7866,28.8801,28.5333,28.5372,12998552.0,1.0,0.0
2020-06-03,28.5821,28.7629,28.1774,28.3596,20124809.0,1.0,0.0
2020-06-04,28.3486,28.4365,28.2815,28.4058,21354692.0,1.0,0.0
2020-06-05,28.1905,28.6156,28.0095,28.6043,17772406.0,1.0,0.0
2020-06-08,28.7538,29.1526,28.7119,29.1247,26633483.0,1.0,0.0
2020-06-09,28.8521,28.866,28.5298,28.6296,48994340.0,1.0,0.0
2020-06-10,28.3355,28.4609,28.067,28.1523,19670044.0,1.0,0.0
2020-06-11,28.6296,28.69,28.4935,28.5813,31972053.0,1.0,0.0
2020-06-12,28.8586,29.0561,28.8442,28.9108,14934758.0,1.0,0.0
2020-06-15,28.8175,28.8769,28.7719,28.7772,30485507.0,1.0,0.0
2020-06-16,28.7343,28.755,28.4756,28.5843,17997845.0,1.0,0.0
2020-06-17,29.084,29.2028,29.0758,29.1869,40145294.0,1.0,0.0
2020-06-18,29.7412,30.1589,29.6642,30.055,27783669.0,1.0,0.0
2020-06-19,29.7854,29.9429,29.2999,29.3818,15118772.0,1.0,0.0
2020-06-22,29.5545,29.5831,29.5021,29.5043,48700540.0,1.0,0.0
2020-06-23,29.4115,29.5396,29.2615,29.2866,16935625.0,1.0,0.0
2020-06-24,29.4328,29.6444,29.394,29.6191,32086684.0,1.0,0.0
2020-06-25,29.1069,29.205,28.8794,29.1615,38990463.0,1.0,0.0
2020-06-26,29.6009,29.8258,29.5117,29.7625,33555527.0,1.0,0.0
2020-06-29,29.0596,29.1751,28.7109,28.8663,24693248.0,1.0,0.0
2020-06-30,28.9774,29.0501,28.525,28.8209,7896577.0,1.0,0.0
2020-07-01,28.8841,29.1017,28.8305,28.8689,22439938.0,1.0,0.0
2020-07-02,29.0787,29.586,29.0614,29.4564,14903143.0,1.0,0.0
2020-07-06,28.9644,29.1197,28.8161,29.0893,45284673.0,1.0,0.0
2020-07-07,29.3789,29.4952,29.1853,29.1902,28598146.0,1.0,0.0
2020-07-08,29.2005,29.3531,29.1068,29.1561,41236599.0,1.0,0.0
2020-07-09,29.3291,29.4758,29.1896,29.2655,17716583.0,1.0,0.0
2020-07-10,28.6841,28.7313,28.4396,28.5562,17806745.0,1.0,0.0
2020-07-13,28.2812,28.4249,28.1138,28.3784,42352579.0,1.0,0.0
2020-07-14,28.737,29.361,28.7063,29.2763,7552536.0,1.0,0.0
2020-07-15,28.8705,29.0398,28.6665,28.7363,16974543.0,1.0,0.0
2020-07-16,28.7377,29.04,28.6113,28.9865,36859702.0,1.0,0.0
2020-07-17,28.5379,28.6112,28.3743,28.5533,26573054.0,1.0,0.0
2020-07-20,29.133,29.4679,29.0332,29.2905,45372523.0,1.0,0.0
2020-07-21,29.4349,29.4503,29.3668,29.4486,41140447.0,1.0,0.0
2020-07-22,29.3962,30.1057,29.3869,30.0866,17523849.0,1.0,0.0
2020-07-23,30.2246,30.3426,30.0785,30.19,23563656.0,1.0,0.0
2020-07-24,30.2117,30.3172,30.0736,30.2096,14235181.0,1.0,0.0
2020-07-27,30.199,30.8501,30.0223,30.7525,21570442.0,1.0,0.0
2020-07-28,30.9663,31.0454,30.8307,31.0402,31635852.0,1.0,0.0
2020-07-29,31.0027,31.046,30.4458,30.5459,17930573.0,1.0,0.0
2020-07-30,30.3142,30.4574,30.1191,30.1629,30516089.0,1.0,0.0
2020-07-31,29.7351,30.1459,29.6678,29.8695,22070436.0,1.0,0.0
2020-08-03,30.2474,30.2975,29.8049,29.9679,1373597.0,1.0,0.0
2020-08-04,30.4969,30.5515,29.8976,29.9785,30079639.0,1.0,0.0
2020-08-05,29.593,29.8527,29.3288,29.4297,12144458.0,1.0,0.0
2020-08-06,29.4181,29.4723,29.0031,29.0286,42508379.0,1.0,0.0
2020-08-07,29.3538,29.8506,29.2615,29.8357,4972508.0,1.0,0.0
2020-08-10,30.3787,30.7297,30.3352,30.5991,27935417.0,1.0,0.0
2020-08-11,30.6496,31.2574,30.6285,31.0327,40960059.0,1.0,0.0
2020-08-12,30.994,31.2013,30.8717,31.1169,13727304.0,1.0,0.35
2020-08-13,30.8227,31.0932,30.7592,30.7861,47557797.0,1.0,0.0
2020-08-14,30.6555,30.7401,30.0749,30.0802,28562193.0,1.0,0.0
2020-08-17,29.9276,30.0892,29.7286,30.0196,38161828.0,1.0,0.0
2020-08-18,30.0833,30.2461,30.048,30.1262,37288569.0,1.0,0.0
2020-08-19,30.324,30.4641,30.2731,30.3877,34391946.0,1.0,0.0
2020-08-20,30.2744,30.9129,30.1777,30.8828,11157941.0,1.0,0.0
2020-08-21,31.0314,31.1715,30.4691,30.5645,25529799.0,1.0,0.0
2020-08-24,30.8713,31.1353,30.7715,30.9408,15912219.0,1.0,0.0
2020-08-25,30.8518,30.9283,30.6155,30.755,24947542.0,1.0,0.0
2020-08-26,30.8222,30.9878,30.6986,30.9119,1346883.0,1.0,0.0
2020-08-27,30.6589,30.7105,30.6036,30.6459,41747344.0,1.0,0.0
2020-08-28,30.6653,30.903,30.6643,30.8645,22518366.0,1.0,0.0
2020-08-31,30.6377,31.1951,30.4227,31.1592,46407195.0,1.0,0.0
2020-09-01,31.1414,31.2774,30.9204,30.9773,45699261.0,1.0,0.0
2020-09-02,31.0478,31.7437,30.9931,31.6285,15084610.0,1.0,0.0
2020-09-03,31.5432,32.2791,31.4537,32.1413,44410787.0,1.0,0.0
2020-09-04,32.082,32.39,31.5398,31.6237,11402063.0,1.0,0.0
2020-09-08,31.8259,32.5241,31.755,32.488,44358685.0,1.0,0.0
2020-09-09,32.0313,32.0582,31.4376,31.4913,7164253.0,1.0,0.0
2020-09-10,31.5393,31.9677,31.3034,31.8334,13553239.0,1.0,0.0
2020-09-11,31.0899,31.4391,30.9856,31.4261,38893646.0,1.0,0.0
2020-09-14,31.4227,31.7921,31.3181,31.7329,23315296.0,1.0,0.0
2020-09-15,32.2667,32.3351,31.5991,31.8717,27232831.0,1.0,0.0
2020-09-16,31.8331,33.0411,31.8051,32.8524,15973975.0,1.0,0.0
2020-09-17,33.0772,33.3065,32.7175,32.751,20369651.0,1.0,0.0
2020-09-18,32.6152,33.1684,32.5923,33.0952,8264762.0,1.0,0.0
2020-09-21,32.7142,33.159,32.6216,32.9774,14961966.0,1.0,0.0
2020-09-22,32.7386,32.7802,32.2253,32.3753,43737367.0,1.0,0.0
2020-09-23,33.1565,33.162,33.0398,33.1386,48217260.0,1.0,0.0
2020-09-24,33.284,33.3449,33.15,33.2211,37055065.0,1.0,0.0
2020-09-25,33.696,34.1631,33.622,34.1039,2527895.0,1.0,0.0
2020-09-28,33.8263,33.9506,33.7363,33.8054,47098316.0,1.0,0.0
2020-09-29,33.7045,33.7459,33.3357,33.4747,20079108.0,1.0,0.0
2020-09-30,33.9746,34.0708,33.6794,33.7245,25868621.0,1.0,0.0
2020-10-01,33.6938,33.7557,33.575,33.6842,11472034.0,1.0,0.0
2020-10-02,35.1625,35.464,35.1625,35.4289,40932142.0,1.0,0.0
2020-10-05,35.7682,36.3044,35.7254,36.0995,43243846.0,1.0,0.0
2020-10-06,36.5636,37.1848,36.4272,37.0896,10637786.0,1.0,0.0
2020-10-07,37.1819,37.2596,37.1583,37.1861,36503209.0,1.0,0.0
2020-10-08,36.8972,36.9517,36.63,36.7049,27146625.0,1.0,0.0
2020-10-09,36.2978,36.4161,36.168,36.1867,49206023.0,1.0,0.0
2020-10-12,36.5467,37.0679,36.4648,36.9447,28291345.0,1.0,0.0
2020-10-13,38.1214,38.129,37.7241,37.8382,18217804.0,1.0,0.0
2020-10-14,38.1867,38.2868,37.9969,38.0008,22614055.0,1.0,0.0
2020-10-15,38.1118,38.2761,38.1114,38.1164,40568119.0,1.0,0.0
2020-10-16,38.1907,38.1972,37.5943,37.8871,3351819.0,1.0,0.0
2020-10-19,38.3731,38.5627,37.9748,37.9898,45532394.0,1.0,0.0
2020-10-20,37.8614,37.9052,37.2121,37.3051,12408134.0,1.0,0.0
2020-10-21,37.01,37.1505,37.0068,37.123,35743152.0,1.0,0.0
2020-10-22,36.8118,37.2231,36.787,37.1941,48260421.0,1.0,0.0
2020-10-23,36.6098,36.7797,36.4212,36.7322,42489317.0,1.0,0.0
2020-10-26,36.7189,36.9185,36.6053,36.8403,33287567.0,1.0,0.0
2020-10-27,36.7413,36.8058,36.6699,36.7812,11363084.0,1.0,0.0
2020-10-28,37.6425,37.9891,37.5221,37.8568,45740161.0,1.0,0.0
2020-10-29,37.765,38.079,37.5644,38.033,3075837.0,1.0,0.0
2020-10-30,38.475,38.6323,38.4318,38.5612,33489454.0,1.0,0.0
2020-11-02,38.6463,38.6894,38.5503,38.6492,19410560.0,1.0,0.0
2020-11-03,38.7892,39.3064,38.7373,39.0703,6592219.0,1.0,0.0
2020-11-04,38.48,38.5523,37.3294,37.6227,33094682.0,1.0,0.0
2020-11-05,37.5992,37.8645,37.4195,37.7248,18226960.0,1.0,0.0
2020-11-06,37.2751,37.3394,36.9036,36.9285,28863914.0,1.0,0.0
2020-11-09,36.3106,37.2401,36.083,37.1588,12599037.0,1.0,0.0
2020-11-10,37.7267,38.0029,37.7195,37.9999,27731245.0,1.0,0.0
2020-11-11,38.104,38.1545,37.2265,37.2896,14535862.0,1.0,0.35
2020-11-12,37.0268,37.0384,36.9285,36.9801,23592240.0,1.0,0.0
2020-11-13,37.0042,37.1951,36.6933,36.8603,23218342.0,1.0,0.0
2020-11-16,36.7686,37.3665,36.731,37.2568,36178355.0,1.0,0.0
2020-11-17,36.8753,36.9209,36.2777,36.4074,25679588.0,1.0,0.0
2020-11-18,35.7097,36.6046,35.6665,36.4867,16374704.0,1.0,0.0
2020-11-19,36.4675,36.692,36.4184,36.4765,36821670.0,1.0,0.0
2020-11-20,36.3309,36.3873,35.9084,36.1224,2787087.0,1.0,0.0
2020-11-23,35.9703,36.3634,35.9046,36.3336,35351066.0,1.0,0.0
2020-11-24,35.363,35.4189,34.9926,35.0591,4954261.0,1.0,0.0
2020-11-25,34.8528,35.1014,34.7241,34.871,47436529.0,1.0,0.0
2020-11-27,35.4377,35.7932,35.3994,35.6501,22379752.0,1.0,0.0
2020-11-30,35.4397,35.8937,35.2759,35.6401,21630463.0,1.0,0.0
2020-12-01,35.4434,35.5566,35.2757,35.45,33869649.0,1.0,0.0
2020-12-02,35.2209,35.2778,34.6148,34.6686,17241287.0,1.0,0.0
2020-12-03,34.1232,34.3881,34.0384,34.2669,1594456.0,1.0,0.0
2020-12-04,34.5437,34.5832,34.2834,34.3915,36332756.0,1.0,0.0
2020-12-07,36.3768,36.7162,36.2696,36.6637,26403599.0,1.0,0.0
2020-12-08,37.8754,37.9483,37.2385,37.2861,44484833.0,1.0,0.0
2020-12-09,37.737,37.8391,37.7212,37.727,29287928.0,1.0,0.0
2020-12-10,37.4673,37.8347,37.2814,37.7524,45963068.0,1.0,0.0
2020-12-11,37.483,37.8569,37.4603,37.789,33792029.0,1.0,0.0
2020-12-14,37.7067,37.8381,37.704,37.7881,36681739.0,1.0,0.0
2020-12-15,37.2614,37.2646,37.0858,37.0915,17671928.0,1.0,0.0
2020-12-16,37.2231,37.3502,36.3985,36.4608,12488593.0,1.0,0.0
2020-12-17,36.9572,37.1103,36.8233,37.0387,29413517.0,1.0,0.0
2020-12-18,36.4691,37.5279,36.3529,37.2566,3836589.0,1.0,0.0
2020-12-21,36.776,38.1596,36.6719,37.9845,3690458.0,1.0,0.0
2020-12-22,37.7188,38.0202,37.643,37.784,47864808.0,1.0,0.0
2020-12-23,35.6113,35.8521,35.0441,35.0717,1825691.0,1.0,0.0
2020-12-24,35.7937,35.8169,35.169,35.2908,19679047.0,1.0,0.0
2020-12-28,36.4243,36.6776,36.3398,36.5366,10526451.0,1.0,0.0
2020-12-29,36.6843,36.6906,36.1088,36.2532,13409046.0,1.0,0.0
2020-12-30,36.0073,36.061,35.7629,36.0327,43115714.0,1.0,0.0
2020-12-31,35.3666,35.4819,35.1929,35.3628,36921451.0,1.0,0.0
2021-01-04,35.2171,35.4359,35.0045,35.0747,5436469.0,1.0,0.0
2021-01-05,35.0098,35.0533,34.8421,34.9404,42675918.0,1.0,0.0
2021-01-06,34.4161,34.9242,34.3906,34.8439,14169514.0,1.0,0.0
2021-01-07,35.412,35.457,34.7876,34.829,25435435.0,1.0,0.0
2021-01-08,34.7347,34.9001,34.4417,34.8911,35896688.0,1.0,0.0
2021-01-11,35.2904,35.6009,35.2513,35.523,32389787.0,1.0,0.0
2021-01-12,35.368,35.4624,35.0863,35.3236,34940056.0,1.0,0.0
2021-01-13,35.9785,36.1615,35.7781,35.9095,3147552.0,1.0,0.0
2021-01-14,36.5578,37.6411,36.4616,37.5932,23075757.0,1.0,0.0
2021-01-15,38.4701,38.6381,38.102,38.1784,16416952.0,1.0,0.0
2021-01-19,38.6916,38.9862,38.613,38.9828,6073551.0,1.0,0.0
2021-01-20,39.0501,39.7038,39.0099,39.6087,5155923.0,1.0,0.0
2021-01-21,38.5483,38.6022,37.4897,37.6531,35285636.0,1.0,0.0
2021-01-22,37.1976,37.5463,37.0988,37.3368,48852565.0,1.0,0.0
2021-01-25,37.3714,37.5298,37.2604,37.4268,49356527.0,1.0,0.0
2021-01-26,37.1889,38.0157,37.1243,37.8415,43375578.0,1.0,0.0
2021-01-27,38.0287,38.0558,37.6507,37.6623,24007289.0,1.0,0.0
2021-01-28,37.4853,37.5012,37.1562,37.1742,23827898.0,1.0,0.0
2021-01-29,37.1578,37.5309,37.0948,37.395,48048359.0,1.0,0.0
2021-02-01,37.2818,37.3428,37.1831,37.1957,43156385.0,1.0,0.0
2021-02-02,37.1946,37.6286,36.9986,37.4147,8539487.0,1.0,0.0
2021-02-03,36.5827,36.6857,36.5725,36.6722,22322707.0,1.0,0.0
2021-02-04,36.9907,37.1413,36.7085,36.8007,27655596.0,1.0,0.0
2021-02-05,36.6612,37.6312,36.6343,37.3479,28683314.0,1.0,0.0
2021-02-08,36.4849,36.5951,36.3497,36.3699,49345589.0,1.0,0.0
2021-02-09,36.9589,37.0127,36.3842,36.6719,26740355.0,1.0,0.0
2021-02-10,36.2694,36.9312,36.251,36.7886,49452272.0,1.0,0.35
2021-02-11,37.1693,37.2799,36.8787,36.9033,7170070.0,1.0,0.0
2021-02-12,36.3568,36.4528,35.9317,35.9771,26955345.0,1.0,0.0
2021-02-16,36.4896,36.7344,36.3973,36.5788,5864134.0,1.0,0.0
2021-02-17,37.9469,38.371,37.7208,38.1733,18670959.0,1.0,0.0
2021-02-18,37.4052,37.4511,37.217,37.2357,30811480.0,1.0,0.0
2021-02-19,37.6587,37.9326,37.4684,37.5211,14125029.0,1.0,0.0
2021-02-22,37.0747,37.5644,37.0298,37.3676,40949545.0,1.0,0.0
2021-02-23,37.6833,37.7093,37.1558,37.3269,34676229.0,1.0,0.0
2021-02-24,38.0317,38.1538,37.9303,38.1276,17428281.0,1.0,0.0
2021-02-25,37.8397,38.2627,37.5748,37.9837,7465606.0,1.0,0.0
2021-02-26,38.5866,38.6015,38.2736,38.4296,31218427.0,1.0,0.0
2021-03-01,38.0973,38.1073,38.0202,38.0437,46711691.0,1.0,0.0
2021-03-02,37.6033,37.9252,37.484,37.5436,7409681.0,1.0,0.0
2021-03-03,37.6237,37.8416,37.4759,37.5286,30656470.0,1.0,0.0
2021-03-04,38.7366,39.0359,38.4517,38.5279,43538933.0,1.0,0.0
2021-03-05,38.8953,39.0273,38.8004,38.8332,30347738.0,1.0,0.0
2021-03-08,37.842,37.9863,37.7748,37.8125,49477239.0,1.0,0.0
2021-03-09,37.8418,38.2069,37.8218,38.1847,23322633.0,1.0,0.0
2021-03-10,38.7961,38.8233,38.1472,38.2488,14017742.0,1.0,0.0
2021-03-11,37.3482,37.424,36.8632,36.8811,37397916.0,1.0,0.0
2021-03-12,37.927,37.944,37.8761,37.8853,6898005.0,1.0,0.0
2021-03-15,38.1848,38.7793,38.1009,38.6061,8902806.0,1.0,0.0
2021-03-16,38.3295,38.359,37.8606,38.0563,41705216.0,1.0,0.0
2021-03-17,38.1545,38.2775,37.8434,37.9832,44607109.0,1.0,0.0
2021-03-18,37.1766,37.2033,36.4727,36.5016,17742590.0,1.0,0.0
2021-03-19,36.5926,36.916,36.3304,36.8019,5008269.0,1.0,0.0
2021-03-22,37.4723,37.5756,37.1369,37.3149,28198887.0,1.0,0.0
2021-03-23,37.7615,37.7768,37.6294,37.727,23726608.0,1.0,0.0
2021-03-24,37.0383,37.3494,37.0337,37.1488,36067892.0,1.0,0.0
2021-03-25,37.404,37.7871,37.3163,37.6591,4891062.0,1.0,0.0
2021-03-26,37.2938,37.3954,37.1939,37.3312,47928572.0,1.0,0.0
2021-03-29,37.2207,37.2313,36.6098,36.778,16508488.0,1.0,0.0
2021-03-30,36.6776,36.722,36.1861,36.3464,15374769.0,1.0,0.0
2021-03-31,36.8741,36.8877,36.7536,36.8554,19891497.0,1.0,0.0
2021-04-01,37.4328,37.9588,37.4048,37.8133,6195225.0,1.0,0.0
2021-04-05,38.039,38.1133,37.5869,37.6383,1003387.0,1.0,0.0
2021-04-06,38.1521,38.6355,38.1241,38.4665,21348579.0,1.0,0.0
2021-04-07,38.9092,39.5015,38.8833,39.4254,18071155.0,1.0,0.0
2021-04-08,39.2582,39.2929,39.0026,39.1417,22500172.0,1.0,0.0
2021-04-09,38.7044,39.2216,38.5172,39.1848,22495913.0,1.0,0.0
2021-04-12,39.3189,39.3189,38.7089,38.9452,33175814.0,1.0,0.0
2021-04-13,38.8482,39.3978,38.6358,39.0965,41336705.0,1.0,0.0
2021-04-14,39.0346,39.0583,38.583,38.7435,21561221.0,1.0,0.0
2021-04-15,38.8635,39.6313,38.7781,39.5225,35681829.0,1.0,0.0
2021-04-16,39.6237,39.8489,39.5216,39.5448,29971433.0,1.0,0.0
2021-04-19,40.0276,40.2662,39.9404,40.1174,27375639.0,1.0,0.0
2021-04-20,39.3918,39.5164,38.0769,38.3279,24786815.0,1.0,0.0
2021-04-21,38.431,38.5357,38.1405,38.1443,37024105.0,1.0,0.0
2021-04-22,38.427,38.6325,38.414,38.5157,42091589.0,1.0,0.0
2021-04-23,38.6792,38.7036,38.3958,38.4366,33292483.0,1.0,0.0
2021-04-26,38.021,38.1266,37.636,37.6691,34979813.0,1.0,0.0
2021-04-27,37.8261,37.9826,37.7417,37.9612,24107006.0,1.0,0.0
2021-04-28,38.4058,38.4952,38.2118,38.2411,22287077.0,1.0,0.0
2021-04-29,38.2721,38.4063,37.9926,38.1195,24762986.0,1.0,0.0
2021-04-30,37.6178,38.1828,37.5003,38.0191,46187991.0,1.0,0.0
2021-05-03,38.1281,38.2264,37.5556,37.7457,31116681.0,1.0,0.0
2021-05-04,37.6102,37.6623,37.4889,37.6538,25676101.0,1.0,0.0
2021-05-05,37.6257,37.9447,37.3008,37.3111,49997505.0,1.0,0.0
2021-05-06,37.4563,37.8405,37.3637,37.6881,14783070.0,1.0,0.0
2021-05-07,37.7599,38.6975,37.4562,38.4535,20871423.0,1.0,0.0
2021-05-10,38.4596,39.305,38.364,39.1253,16100465.0,1.0,0.0
2021-05-11,39.0262,39.2746,38.8345,39.1951,9449299.0,1.0,0.0
2021-05-12,39.6079,39.6959,39.5524,39.5683,22350386.0,1.0,0.35
2021-05-13,39.3875,39.7513,39.3405,39.468,9341100.0,1.0,0.0
2021-05-14,39.5923,39.8514,39.5707,39.5721,29846791.0,1.0,0.0
2021-05-17,39.9304,40.1081,39.7359,39.7798,25960356.0,1.0,0.0
2021-05-18,39.7831,39.845,39.6237,39.7927,4058996.0,1.0,0.0
2021-05-19,39.5762,39.9384,39.502,39.7441,15056264.0,1.0,0.0
2021-05-20,39.6906,39.6922,39.5725,39.6751,24890599.0,1.0,0.0
2021-05-21,39.7282,40.3171,39.4201,39.9277,27601501.0,1.0,0.0
2021-05-24,39.7764,39.9317,39.6243,39.7196,48594383.0,1.0,0.0
2021-05-25,39.8909,40.5325,39.7945,40.3719,4998549.0,1.0,0.0
2021-05-26,40.5696,40.7373,40.363,40.724,43510469.0,1.0,0.0
2021-05-27,40.4279,40.6917,40.3884,40.6121,44021805.0,1.0,0.0
2021-05-28,40.7174,41.2282,40.5081,40.9391,48864591.0,1.0,0.0
2021-06-01,40.8597,41.619,40.8412,41.6095,30211430.0,1.0,0.0
2021-06-02,41.6595,41.749,41.4112,41.4941,5562014.0,1.0,0.0
2021-06-03,41.0499,41.3383,40.9213,41.2844,29091957.0,1.0,0.0
2021-06-04,41.152,41.7957,40.9684,41.5952,40721093.0,1.0,0.0
2021-06-07,41.4582,42.2441,41.1975,42.0993,9686516.0,1.0,0.0
2021-06-08,42.1343,42.1738,41.8053,41.9932,34902389.0,1.0,0.0
2021-06-09,41.8453,42.0099,41.8055,41.9071,17139896.0,1.0,0.0
2021-06-10,42.2775,42.4746,42.1517,42.4311,4814581.0,1.0,0.0
2021-06-11,42.3411,42.4102,41.1782,41.1925,8805772.0,1.0,0.0
2021-06-14,41.5755,41.8465,41.4087,41.77,9696846.0,1.0,0.0
2021-06-15,41.668,42.0346,41.6275,41.8595,42711792.0,1.0,0.0
2021-06-16,41.222,41.63,40.9031,41.4502,19975022.0,1.0,0.0
2021-06-17,41.6522,41.7099,40.7107,40.8844,41459420.0,1.0,0.0
2021-06-18,40.7784,40.8139,40.5595,40.5952,41625846.0,1.0,0.0
2021-06-21,40.5701,40.8742,40.4463,40.6132,10711147.0,1.0,0.0
2021-06-22,40.6977,40.8631,40.5393,40.7296,18313497.0,1.0,0.0
2021-06-23,40.6036,40.6498,40.2843,40.3393,30423683.0,1.0,0.0
2021-06-24,40.1527,40.2921,39.4264,39.6293,30770486.0,1.0,0.0
2021-06-25,39.5855,40.3669,39.573,40.2343,25842654.0,1.0,0.0
2021-06-28,39.8869,39.9015,39.3519,39.4898,39209099.0,1.0,0.0
2021-06-29,39.4685,39.4729,38.8715,39.0332,22441850.0,1.0,0.0
2021-06-30,39.1326,39.3614,38.7236,38.8741,42442395.0,1.0,0.0
2021-07-01,38.4413,38.4679,38.1782,38.451,21164067.0,1.0,0.0
2021-07-02,38.3291,38.4129,38.0776,38.1203,11340416.0,1.0,0.0
2021-07-06,38.1245,38.8178,38.0486,38.7125,24271435.0,1.0,0.0
2021-07-07,39.0966,39.1772,38.6838,38.8778,37100306.0,1.0,0.0
2021-07-08,38.4117,38.4214,37.9431,38.0105,5198289.0,1.0,0.0
2021-07-09,37.662,38.228,37.6336,38.2272,18360195.0,1.0,0.0
2021-07-12,38.4332,38.4444,37.3108,37.4957,38523791.0,1.0,0.0
2021-07-13,37.3372,37.4393,37.0558,37.2689,43763748.0,1.0,0.0
2021-07-14,37.128,37.5236,37.1024,37.4322,10750678.0,1.0,0.0
2021-07-15,37.5792,38.1233,37.5354,37.9736,24576172.0,1.0,0.0
2021-07-16,37.4686,37.8446,37.1744,37.3775,18989354.0,1.0,0.0
2021-07-19,37.435,37.4392,37.2321,37.2664,24434758.0,1.0,0.0
2021-07-20,37.2361,37.4499,37.1979,37.4369,21718573.0,1.0,0.0
2021-07-21,37.0841,37.1725,37.0446,37.153,21836950.0,1.0,0.0
2021-07-22,37.3314,37.5479,37.2843,37.4941,26979787.0,1.0,0.0
2021-07-23,37.002,37.7693,36.8877,37.3908,24964303.0,1.0,0.0
2021-07-26,37.5569,37.5655,37.3304,37.3835,16079394.0,1.0,0.0
2021-07-27,37.4368,37.474,37.0612,37.133,42311575.0,1.0,0.0
2021-07-28,36.8076,36.9015,36.6697,36.8113,10645213.0,1.0,0.0
2021-07-29,36.6275,36.7933,36.3361,36.5256,23403966.0,1.0,0.0
2021-07-30,36.075,36.2483,35.7712,36.0429,36988578.0,1.0,0.0
2021-08-02,36.5075,36.5271,36.3107,36.4521,11541772.0,1.0,0.0
2021-08-03,36.9628,37.1227,36.8966,36.9169,25573734.0,1.0,0.0
2021-08-04,36.4994,36.985,36.4159,36.9606,16565652.0,1.0,0.0
2021-08-05,36.785,37.0283,36.6158,36.9388,1473461.0,1.0,0.0
2021-08-06,36.8342,36.9226,36.6856,36.8378,4443258.0,1.0,0.0
2021-08-09,36.8673,37.125,36.4571,36.5479,41737941.0,1.0,0.0
2021-08-10,36.9371,37.2452,36.7526,37.0301,2685814.0,1.0,0.0
2021-08-11,36.035,36.1622,35.7096,35.9811,42117841.0,1.0,0.35
2021-08-12,36.2945,36.5356,36.2821,36.384,38947096.0,1.0,0.0
2021-08-13,35.9098,36.1174,35.676,36.1035,7709241.0,1.0,0.0
2021-08-16,36.1032,36.7437,35.9838,36.6877,8428429.0,1.0,0.0
2021-08-17,36.8945,37.1843,36.5784,37.1835,27280536.0,1.0,0.0
2021-08-18,37.0093,37.0967,36.3004,36.3374,9981099.0,1.0,0.0
2021-08-19,36.4261,37.3482,36.4104,37.0407,26372904.0,1.0,0.0
2021-08-20,37.3895,37.734,37.3563,37.6895,40949583.0,1.0,0.0
2021-08-23,37.805,37.9107,37.5404,37.6393,20656963.0,1.0,0.0
2021-08-24,37.5379,37.7569,37.3164,37.6796,15443695.0,1.0,0.0
2021-08-25,37.7413,37.7485,37.588,37.7384,44605687.0,1.0,0.0
2021-08-26,38.1501,38.2555,37.5604,37.6576,8830621.0,1.0,0.0
2021-08-27,37.6908,37.8776,37.3536,37.3662,31457066.0,1.0,0.0
2021-08-30,36.4303,36.8005,36.2953,36.4997,15462069.0,1.0,0.0
2021-08-31,36.4369,36.7014,36.3259,36.6878,6302687.0,1.0,0.0
2021-09-01,36.5013,36.864,36.4566,36.8542,25003090.0,1.0,0.0
2021-09-02,36.4466,36.5029,36.4002,36.4849,34362166.0,1.0,0.0
2021-09-03,36.5941,36.6167,36.4489,36.4687,11243542.0,1.0,0.0
2021-09-07,36.5337,36.6733,36.3095,36.4511,29805063.0,1.0,0.0
2021-09-08,36.4495,36.483,35.8487,36.0557,41863247.0,1.0,0.0
2021-09-09,36.5935,36.8886,36.5106,36.7354,31903468.0,1.0,0.0
2021-09-10,36.2749,36.8213,36.2358,36.6899,42991683.0,1.0,0.0
2021-09-13,36.0703,36.7116,36.0036,36.6606,40684757.0,1.0,0.0
2021-09-14,36.388,36.4859,36.1423,36.3096,22321846.0,1.0,0.0
2021-09-15,36.3676,36.5658,36.1197,36.1355,45679778.0,1.0,0.0
2021-09-16,36.1448,36.1629,35.4626,35.7407,27677991.0,1.0,0.0
2021-09-17,35.6127,36.1403,35.3826,36.0116,23390853.0,1.0,0.0
2021-09-20,36.4808,37.1231,36.4605,37.079,26833379.0,1.0,0.0
2021-09-21,37.2506,37.5297,36.8457,36.9277,18970151.0,1.0,0.0
2021-09-22,36.6841,36.7169,36.2587,36.3593,7667798.0,1.0,0.0
2021-09-23,36.2772,36.3004,35.5757,35.6818,48521723.0,1.0,0.0
2021-09-24,35.8907,35.9917,35.7662,35.8445,22734907.0,1.0,0.0
2021-09-27,35.5503,35.8611,35.4453,35.7782,25821931.0,1.0,0.0
2021-09-28,35.6317,35.9734,35.4212,35.8504,30907341.0,1.0,0.0
2021-09-29,35.757,36.0149,35.5476,35.9225,35095205.0,1.0,0.0
2021-09-30,36.425,36.4291,35.8281,36.0262,16552364.0,1.0,0.0
2021-10-01,35.7365,36.232,35.6727,36.0989,7568656.0,1.0,0.0
2021-10-04,36.2439,36.4705,36.2378,36.3729,33134616.0,1.0,0.0
2021-10-05,35.9076,35.9646,35.8744,35.923,34665374.0,1.0,0.0
2021-10-06,35.7357,35.9631,35.5569,35.8538,24620119.0,1.0,0.0
2021-10-07,36.1897,37.0647,36.145,36.9406,12582277.0,1.0,0.0
2021-10-08,37.0272,37.0881,36.8645,37.0184,43272888.0,1.0,0.0
2021-10-11,36.7906,37.6919,36.7393,37.3725,8844748.0,1.0,0.0
2021-10-12,37.6234,37.7162,37.0605,37.0901,48335562.0,1.0,0.0
2021-10-13,37.1738,37.2721,36.7105,36.771,29344227.0,1.0,0.0
2021-10-14,36.5765,37.2413,36.557,37.1202,26321735.0,1.0,0.0
2021-10-15,37.1012,37.2894,36.2556,36.2608,19282409.0,1.0,0.0
2021-10-18,35.7101,36.256,35.5972,36.1482,17372356.0,1.0,0.0
2021-10-19,37.184,37.3429,36.9294,37.3111,23624045.0,1.0,0.0
2021-10-20,37.463,37.683,37.3283,37.6031,39629133.0,1.0,0.0
2021-10-21,38.0494,38.4503,37.8299,38.3109,14032963.0,1.0,0.0
2021-10-22,38.9492,39.0151,38.7987,38.9988,1477529.0,1.0,0.0
2021-10-25,38.6064,38.8244,37.8991,38.093,37551444.0,1.0,0.0
2021-10-26,38.4789,38.7147,38.2692,38.6381,12500093.0,1.0,0.0
2021-10-27,37.6255,37.6345,37.2665,37.3336,28540298.0,1.0,0.0
2021-10-28,37.6139,38.0555,37.4365,37.9767,22001202.0,1.0,0.0
2021-10-29,38.1426,38.7892,38.0495,38.5046,13353999.0,1.0,0.0
2021-11-01,39.0773,39.5258,38.9174,39.2836,21652864.0,1.0,0.0
2021-11-02,38.9402,39.4614,38.8781,39.3251,41560712.0,1.0,0.0
2021-11-03,39.2519,39.4583,38.3749,38.6402,31947533.0,1.0,0.0
2021-11-04,38.4484,38.6205,38.3766,38.4905,6036206.0,1.0,0.0
2021-11-05,38.5968,38.9094,38.4742,38.8581,34373085.0,1.0,0.0
2021-11-08,44.155,44.5086,44.1028,44.3448,23560442.0,1.0,0.0
2021-11-09,43.6075,44.2331,43.4491,44.1765,36380507.0,1.0,0.0
2021-11-10,44.4663,44.9264,44.2771,44.7145,44373721.0,1.0,0.35
2021-11-11,42.5501,43.1815,42.3115,42.9167,43060589.0,1.0,0.0
2021-11-12,41.2981,41.328,40.886,40.9767,37399986.0,1.0,0.0
2021-11-15,41.4003,41.5135,41.1383,41.1387,31781856.0,1.0,0.0
2021-11-16,39.9434,41.4523,39.886,41.4105,39878885.0,1.0,0.0
2021-11-17,40.379,40.9561,40.2855,40.8119,4664872.0,1.0,0.0
2021-11-18,40.426,41.1624,40.0121,41.0571,18023569.0,1.0,0.0
2021-11-19,41.0141,41.5077,40.9178,41.4615,22442110.0,1.0,0.0
2021-11-22,43.6821,43.8843,43.3402,43.5754,29314186.0,1.0,0.0
2021-11-23,41.1227,41.3487,40.892,40.9915,17601178.0,1.0,0.0
2021-11-24,39.2141,39.3622,38.9413,39.0946,42035702.0,1.0,0.0
2021-11-26,38.2744,38.3249,37.8928,38.1744,29449084.0,1.0,0.0
2021-11-29,36.9469,37.2681,36.8553,37.0627,42037444.0,1.0,0.0
2021-11-30,37.03,37.8043,36.9524,37.725,44783398.0,1.0,0.0
2021-12-01,39.1842,39.5595,39.073,39.4199,3384546.0,1.0,0.0
2021-12-02,39.9925,40.1428,39.2551,39.3192,19532306.0,1.0,0.0
2021-12-03,39.4657,39.7168,39.2947,39.5679,2132928.0,1.0,0.0
2021-12-06,38.4292,38.8646,38.2753,38.7212,17469682.0,1.0,0.0
2021-12-07,39.317,39.3696,39.1587,39.1749,14003666.0,1.0,0.0
2021-12-08,39.412,39.5076,39.3156,39.4004,7173198.0,1.0,0.0
2021-12-09,38.303,38.8152,38.1934,38.8029,26805793.0,1.0,0.0
2021-12-10,38.7685,39.0974,38.7397,39.0736,8486972.0,1.0,0.0
2021-12-13,39.6917,39.9457,39.6525,39.8021,16384632.0,1.0,0.0
2021-12-14,39.9596,40.0449,39.7992,39.8465,6572956.0,1.0,0.0
2021-12-15,39.2346,40.0843,39.0784,40.0224,20239931.0,1.0,0.0
2021-12-16,40.2488,40.2495,40.0101,40.1955,21698563.0,1.0,0.0
2021-12-17,40.3956,40.7556,40.3784,40.5753,9085303.0,1.0,0.0
2021-12-20,40.5457,40.6289,40.529,40.5587,49975712.0,1.0,0.0
2021-12-21,40.9937,41.4571,40.8611,41.1405,1795399.0,1.0,0.0
2021-12-22,41.4408,41.969,41.3856,41.9351,6865564.0,1.0,0.0
2021-12-23,41.1321,41.2784,40.8894,41.2616,15711223.0,1.0,0.0
2021-12-27,40.7755,40.9083,40.6976,40.7773,40126043.0,1.0,0.0
2021-12-28,40.3384,40.4099,40.2973,40.391,15915492.0,1.0,0.0
2021-12-29,40.1591,40.5471,39.976,40.5383,35481685.0,1.0,0.0
2021-12-30,40.4289,40.6495,39.9535,40.0574,24384259.0,1.0,0.0
2021-12-31,39.7209,39.8049,39.2402,39.3656,17364447.0,1.0,0.0
2022-01-03,38.8954,39.5226,38.783,39.2364,7276681.0,1.0,0.0
2022-01-04,39.9442,40.2067,39.3145,39.3759,18445313.0,1.0,0.0
2022-01-05,39.4462,39.5593,39.0308,39.0848,33717676.0,1.0,0.0
2022-01-06,39.5153,39.9727,39.4359,39.6262,12652007.0,1.0,0.0
2022-01-07,40.3356,40.337,40.0635,40.2847,18293514.0,1.0,0.0
2022-01-10,40.9403,41.068,40.2759,40.6033,39763515.0,1.0,0.0
2022-01-11,40.8659,41.1706,40.843,40.8931,4295329.0,1.0,0.0
2022-01-12,41.2132,41.2608,40.9348,41.0555,12608941.0,1.0,0.0
2022-01-13,41.631,41.696,40.7109,40.802,49575643.0,1.0,0.0
2022-01-14,41.2337,41.4244,41.0273,41.1088,47882103.0,1.0,0.0
2022-01-18,41.3899,42.2502,41.3848,41.9904,31342001.0,1.0,0.0
2022-01-19,42.277,42.6428,41.6213,41.6667,18757466.0,1.0,0.0
2022-01-20,41.2676,41.5948,41.0154,41.5295,24347926.0,1.0,0.0
2022-01-21,41.8788,42.2988,41.8639,42.0486,2479218.0,1.0,0.0
2022-01-24,41.4113,41.4938,41.1105,41.2257,43997556.0,1.0,0.0
2022-01-25,40.7817,41.1282,40.7069,40.854,2653520.0,1.0,0.0
2022-01-26,41.2962,41.3148,41.0707,41.2465,42487903.0,1.0,0.0
2022-01-27,41.055,41.4158,40.9719,41.2445,25036830.0,1.0,0.0
2022-01-28,40.8575,41.0626,40.83,41.0289,18649528.0,1.0,0.0
2022-01-31,41.3997,41.7968,41.3995,41.5721,49342732.0,1.0,0.0
2022-02-01,41.7991,41.8955,40.9979,41.323,25569559.0,1.0,0.0
2022-02-02,41.951,42.1999,41.7979,41.8895,31574466.0,1.0,0.0
2022-02-03,41.0965,41.2507,41.0471,41.2108,5837559.0,1.0,0.0
2022-02-04,41.3801,42.1073,41.3263,41.9924,4169564.0,1.0,0.0
2022-02-07,42.1085,42.1362,41.9268,42.0054,44827675.0,1.0,0.0
2022-02-08,41.6344,42.4901,41.6203,42.4469,12758676.0,1.0,0.0
2022-02-09,41.7336,41.8619,41.4252,41.6756,6356407.0,1.0,0.35
2022-02-10,41.094,41.8231,40.9762,41.7582,29267669.0,1.0,0.0
2022-02-11,41.7836,42.5291,41.6851,42.3004,21103368.0,1.0,0.0
2022-02-14,42.2634,42.3899,42.1993,42.211,29195674.0,1.0,0.0
2022-02-15,42.0693,42.2332,41.9677,42.1838,24325784.0,1.0,0.0
2022-02-16,42.1245,42.4652,42.0126,42.3139,34530560.0,1.0,0.0
2022-02-17,42.4211,42.4752,42.0229,42.249,26316742.0,1.0,0.0
2022-02-18,42.1977,42.3754,42.1065,42.3042,32820281.0,1.0,0.0
2022-02-22,42.1344,42.1791,41.8204,41.8862,21946401.0,1.0,0.0
2022-02-23,41.4775,41.5592,40.3441,40.3762,33211517.0,1.0,0.0
2022-02-24,40.9511,41.0348,40.6078,40.7975,37249307.0,1.0,0.0
2022-02-25,40.5735,40.7726,40.3203,40.4701,23822736.0,1.0,0.0
2022-02-28,40.0179,40.3008,39.8703,40.1179,37263806.0,1.0,0.0
2022-03-01,40.0694,40.4851,39.9616,40.3994,18280199.0,1.0,0.0
2022-03-02,40.5429,40.9359,40.3258,40.622,32161216.0,1.0,0.0
2022-03-03,41.0981,41.155,40.9742,40.9948,48863413.0,1.0,0.0
2022-03-04,40.8699,41.3891,40.7193,41.2694,5254493.0,1.0,0.0
2022-03-07,41.1568,41.6055,40.9941,41.5104,19157627.0,1.0,0.0
2022-03-08,42.0254,42.131,41.799,41.9318,5361650.0,1.0,0.0
2022-03-09,41.936,42.6159,41.8493,42.6047,49581661.0,1.0,0.0
2022-03-10,42.5927,43.3011,42.5788,43.2492,24073111.0,1.0,0.0
2022-03-11,43.4706,44.4034,43.4413,44.3302,38757771.0,1.0,0.0
2022-03-14,44.5507,44.7458,44.1025,44.1333,37506850.0,1.0,0.0
2022-03-15,43.0931,43.8114,43.0601,43.7662,28802107.0,1.0,0.0
2022-03-16,43.8774,44.2764,43.8755,44.1887,47431228.0,1.0,0.0
2022-03-17,44.0571,44.1074,43.8391,43.8708,20784372.0,1.0,0.0
2022-03-18,44.0912,44.301,43.4466,43.5839,33976546.0,1.0,0.0
2022-03-21,43.3096,43.376,43.2151,43.291,1243278.0,1.0,0.0
2022-03-22,43.3424,43.7479,43.3253,43.6558,42022684.0,1.0,0.0
2022-03-23,43.8894,44.2504,43.8456,44.1775,47647119.0,1.0,0.0
2022-03-24,44.3007,44.3378,43.0165,43.2841,41266691.0,1.0,0.0
2022-03-25,42.5185,42.7822,42.4617,42.6112,12142199.0,1.0,0.0
2022-03-28,42.6946,42.8596,42.5264,42.6576,45540419.0,1.0,0.0
2022-03-29,43.0073,43.1164,42.6583,42.7631,35745280.0,1.0,0.0
2022-03-30,42.426,42.4737,42.1296,42.1392,34474120.0,1.0,0.0
2022-03-31,41.779,41.8121,41.5059,41.5382,49819993.0,1.0,0.0
2022-04-01,41.7414,41.8121,41.3462,41.4708,48077512.0,1.0,0.0
2022-04-04,41.4399,41.6312,41.2588,41.454,11889354.0,1.0,0.0
2022-04-05,41.625,41.8425,41.4023,41.455,39696606.0,1.0,0.0
2022-04-06,41.2482,41.2686,40.588,40.7489,6673638.0,1.0,0.0
2022-04-07,40.6306,40.995,40.2709,40.4479,35658216.0,1.0,0.0
2022-04-08,40.9123,41.3961,40.8273,41.3589,5068659.0,1.0,0.0
2022-04-11,41.3704,41.4107,41.0402,41.0417,4905283.0,1.0,0.0
2022-04-12,41.4766,41.5975,41.3539,41.5772,4634051.0,1.0,0.0
2022-04-13,41.9393,42.2617,41.816,42.1524,10034935.0,1.0,0.0
2022-04-14,42.0995,42.2462,41.1946,41.2052,2549266.0,1.0,0.0
2022-04-18,41.0658,41.0871,40.3386,40.3639,48947916.0,1.0,0.0
2022-04-19,40.3684,41.1322,40.3404,41.0405,26405993.0,1.0,0.0
2022-04-20,41.1093,41.1365,40.902,41.1037,4374834.0,1.0,0.0
2022-04-21,40.9696,41.2833,40.532,40.7103,39855612.0,1.0,0.0
2022-04-22,40.7859,41.3332,40.5594,41.2385,9023404.0,1.0,0.0
2022-04-25,41.2541,41.3291,40.9874,41.0711,31044964.0,1.0,0.0
2022-04-26,40.8174,41.2449,40.8009,41.0844,46632879.0,1.0,0.0
2022-04-27,41.1753,41.4376,40.976,41.2829,8580409.0,1.0,0.0
2022-04-28,40.9298,41.2882,40.8199,40.8504,25755198.0,1.0,0.0
2022-04-29,40.6169,41.1143,40.597,41.0671,15378656.0,1.0,0.0
2022-05-02,40.7648,41.5427,40.3121,41.39,46505716.0,1.0,0.0
2022-05-03,41.4545,41.5762,41.3794,41.4448,31294898.0,1.0,0.0
2022-05-04,41.5573,41.9205,41.2759,41.67,24595555.0,1.0,0.0
2022-05-05,41.8287,42.0342,41.7956,42.0208,32312826.0,1.0,0.0
2022-05-06,41.8388,42.1302,41.6154,41.824,25384274.0,1.0,0.0
2022-05-09,41.5764,41.7654,41.4109,41.6105,26416641.0,1.0,0.0
2022-05-10,41.2834,41.5924,41.1232,41.5612,17010318.0,1.0,0.0
2022-05-11,41.2838,41.5684,41.0214,41.3623,3539486.0,1.0,0.35
2022-05-12,40.5542,41.2171,40.5147,41.1582,13892055.0,1.0,0.0
2022-05-13,41.3007,41.4483,40.9981,41.1302,9948537.0,1.0,0.0
2022-05-16,40.9103,41.1081,40.8178,41.0093,45763951.0,1.0,0.0
2022-05-17,41.0868,41.1622,40.6618,40.8093,47594322.0,1.0,0.0
2022-05-18,41.181,41.2048,40.9334,41.0922,27893290.0,1.0,0.0
2022-05-19,41.0044,41.2358,40.879,40.9913,36823885.0,1.0,0.0
2022-05-20,40.7029,40.8605,40.4722,40.5945,15122155.0,1.0,0.0
2022-05-23,40.7143,41.0142,40.5804,40.6453,27978829.0,1.0,0.0
2022-05-24,40.5756,41.0044,40.0429,40.2296,28988502.0,1.0,0.0
2022-05-25,40.163,40.1819,39.8925,39.9374,9097131.0,1.0,0.0
2022-05-26,39.7106,40.4868,39.5806,40.2271,22315355.0,1.0,0.0
2022-05-27,40.072,40.419,39.8494,40.2816,31307733.0,1.0,0.0
2022-05-31,40.1677,40.3144,39.933,40.2975,34439931.0,1.0,0.0
2022-06-01,39.9177,40.2055,39.8832,40.176,20594867.0,1.0,0.0
2022-06-02,40.6356,41.758,40.5275,41.3739,21265258.0,1.0,0.0
2022-06-03,41.2571,41.2836,40.0408,40.3639,8265772.0,1.0,0.0
2022-06-06,41.1268,41.9646,40.9846,41.6574,22603965.0,1.0,0.0
2022-06-07,41.6302,41.7553,41.4247,41.5994,32935416.0,1.0,0.0
2022-06-08,41.4305,41.7693,41.3458,41.6941,31833589.0,1.0,0.0
2022-06-09,41.2724,41.3108,40.3397,40.7579,34433441.0,1.0,0.0
2022-06-10,41.0993,42.0108,41.0562,41.7248,40689863.0,1.0,0.0
2022-06-13,42.3608,42.4955,42.3508,42.454,10485866.0,1.0,0.0
2022-06-14,42.9322,43.2996,42.8021,43.2474,7089452.0,1.0,0.0
2022-06-15,43.0053,43.0878,42.726,42.75,27023130.0,1.0,0.0
2022-06-16,43.3985,43.4467,42.9791,43.2264,7660934.0,1.0,0.0
2022-06-17,42.9327,43.0389,41.935,42.0751,9864177.0,1.0,0.0
2022-06-21,41.9001,42.0412,41.3941,41.5263,17842637.0,1.0,0.0
2022-06-22,41.751,42.0755,41.6519,41.7356,32182232.0,1.0,0.0
2022-06-23,41.3698,41.7672,41.0359,41.6833,45379630.0,1.0,0.0
2022-06-24,42.0344,42.662,41.812,42.5773,36450819.0,1.0,0.0
2022-06-27,42.0883,43.0432,41.949,42.8197,28348144.0,1.0,0.0
2022-06-28,43.0335,43.7385,42.7942,43.6031,47278249.0,1.0,0.0
2022-06-29,42.4179,42.4757,42.2497,42.345,13545358.0,1.0,0.0
2022-06-30,42.2832,42.988,42.2573,42.7838,46856882.0,1.0,0.0
2022-07-01,42.9789,42.9968,42.1221,42.1813,43846203.0,1.0,0.0
2022-07-05,42.3082,43.6622,42.2081,43.5973,7591113.0,1.0,0.0
2022-07-06,43.5676,43.7347,43.531,43.6082,22890215.0,1.0,0.0
2022-07-07,43.0839,43.5515,42.8736,43.5466,20885788.0,1.0,0.0
2022-07-08,43.2667,43.5355,42.9668,43.2211,17148259.0,1.0,0.0
2022-07-11,42.9618,43.165,42.1049,42.1885,14858216.0,1.0,0.0
2022-07-12,41.9182,42.0006,41.6929,41.7341,33759512.0,1.0,0.0
2022-07-13,41.838,41.9928,40.8872,41.0765,42187104.0,1.0,0.0
2022-07-14,40.9393,41.2338,40.5436,40.5462,7827463.0,1.0,0.0
2022-07-15,40.4882,40.7462,40.484,40.704,41061011.0,1.0,0.0
2022-07-18,40.7343,40.9601,40.6563,40.6895,29266009.0,1.0,0.0
2022-07-19,40.7499,40.7683,40.2982,40.6141,15430987.0,1.0,0.0
2022-07-20,40.3873,40.6769,40.288,40.6737,28654665.0,1.0,0.0
2022-07-21,41.3122,41.6199,40.9863,41.114,1658734.0,1.0,0.0
2022-07-22,41.2246,41.9784,41.0655,41.9719,4061221.0,1.0,0.0
2022-07-25,41.8857,42.2091,41.8724,42.0815,27497705.0,1.0,0.0
2022-07-26,41.9887,42.0172,41.6126,41.7152,8896081.0,1.0,0.0
2022-07-27,40.5915,41.0119,40.1918,40.327,17208559.0,1.0,0.0
2022-07-28,40.8704,41.244,40.8607,41.1642,8959158.0,1.0,0.0
2022-07-29,40.804,40.8094,40.499,40.6043,10733007.0,1.0,0.0
2022-08-01,40.9884,41.2148,40.9223,41.1848,14381717.0,1.0,0.0
2022-08-02,41.4345,41.4809,41.1115,41.2044,29007866.0,1.0,0.0
2022-08-03,41.4368,41.9091,41.308,41.7431,29428353.0,1.0,0.0
2022-08-04,41.0274,41.1517,40.5644,40.6048,15688825.0,1.0,0.0
2022-08-05,39.8602,40.1323,39.7557,39.978,26626782.0,1.0,0.0
2022-08-08,40.4766,40.8186,40.4205,40.6003,46513990.0,1.0,0.0
2022-08-09,40.3358,40.4953,39.7865,39.8256,18708791.0,1.0,0.0
2022-08-10,39.7243,39.7997,39.4269,39.4787,17772986.0,1.0,0.35
2022-08-11,39.758,40.072,39.5948,39.7801,2625638.0,1.0,0.0
2022-08-12,39.7647,39.9785,39.7383,39.9098,13318297.0,1.0,0.0
2022-08-15,38.3637,38.3957,37.2067,37.3311,35026193.0,1.0,0.0
2022-08-16,37.0584,37.1059,36.9706,37.041,2136692.0,1.0,0.0
2022-08-17,36.4182,36.541,36.2526,36.3831,7563763.0,1.0,0.0
2022-08-18,37.5133,37.548,36.9239,37.1467,27594604.0,1.0,0.0
2022-08-19,36.4829,36.769,36.2632,36.3986,25326629.0,1.0,0.0
2022-08-22,36.8261,37.1686,36.7311,37.1292,12147484.0,1.0,0.0
2022-08-23,36.5852,36.7673,36.5114,36.6351,40021375.0,1.0,0.0
2022-08-24,36.7581,36.8651,36.3696,36.433,32073384.0,1.0,0.0
2022-08-25,36.0901,36.1224,35.396,35.4447,6227568.0,1.0,0.0
2022-08-26,33.4307,33.6088,32.9341,33.1613,13182117.0,1.0,0.0
2022-08-29,32.2909,32.4495,32.2107,32.2388,8843133.0,1.0,0.0
2022-08-30,32.647,33.2566,32.5087,33.1224,25788978.0,1.0,0.0
2022-08-31,32.6002,32.6552,32.0059,32.1576,7752100.0,1.0,0.0
2022-09-01,33.4289,33.9099,33.4147,33.8448,17978735.0,1.0,0.0
2022-09-02,31.7019,31.9664,31.6799,31.8488,25704944.0,1.0,0.0
2022-09-06,32.1316,32.3408,31.932,32.2135,15144790.0,1.0,0.0
2022-09-07,31.3053,31.6706,31.2626,31.5607,26546940.0,1.0,0.0
2022-09-08,31.5186,31.8867,31.4993,31.8309,4687956.0,1.0,0.0
2022-09-09,31.439,31.4908,31.3638,31.3704,12107105.0,1.0,0.0
2022-09-12,30.307,30.7622,30.1821,30.666,29459605.0,1.0,0.0
2022-09-13,30.8097,31.1569,30.7147,31.0801,22659463.0,1.0,0.0
2022-09-14,30.6509,31.334,30.6047,31.2914,31109895.0,1.0,0.0
2022-09-15,30.8421,31.0267,30.8416,30.9107,22252070.0,1.0,0.0
2022-09-16,30.396,30.4912,30.198,30.2772,47174795.0,1.0,0.0
2022-09-19,30.4135,30.6221,30.4068,30.437,28245572.0,1.0,0.0
2022-09-20,30.0116,30.1457,29.3488,29.4846,16897401.0,1.0,0.0
2022-09-21,30.2288,30.4316,30.1754,30.3013,3314585.0,1.0,0.0
2022-09-22,31.5078,31.5903,31.2127,31.2307,47283914.0,1.0,0.0
2022-09-23,31.0224,31.1134,30.7652,30.8221,23659257.0,1.0,0.0
2022-09-26,31.8242,31.902,31.7282,31.8495,16763531.0,1.0,0.0
2022-09-27,31.9966,32.0765,31.9463,32.0583,4183761.0,1.0,0.0
2022-09-28,31.4461,32.1834,31.3763,32.0843,11495485.0,1.0,0.0
2022-09-29,30.9018,31.0779,30.8227,30.9188,29959313.0,1.0,0.0
2022-09-30,31.1626,31.3677,31.112,31.2638,42038086.0,1.0,0.0
2022-10-03,32.316,32.5059,32.1696,32.3905,46904504.0,1.0,0.0
2022-10-04,31.7735,31.8488,31.7596,31.7861,40617302.0,1.0,0.0
2022-10-05,31.9363,31.958,31.6933,31.8146,34063800.0,1.0,0.0
2022-10-06,32.1404,32.2811,32.0477,32.0658,38509803.0,1.0,0.0
2022-10-07,31.8969,32.0209,31.5175,31.5892,8413604.0,1.0,0.0
2022-10-10,32.1648,32.3827,32.0196,32.1181,38024535.0,1.0,0.0
2022-10-11,32.0363,32.1442,31.2723,31.4138,11379752.0,1.0,0.0
2022-10-12,31.3245,31.9601,31.2903,31.9314,42325047.0,1.0,0.0
2022-10-13,31.3646,31.9073,31.2173,31.7787,49091036.0,1.0,0.0
2022-10-14,31.7791,31.8253,31.4744,31.4862,39738032.0,1.0,0.0
2022-10-17,30.9817,31.181,30.7196,30.7619,21554351.0,1.0,0.0
2022-10-18,30.912,31.0537,30.561,30.5762,41663834.0,1.0,0.0
2022-10-19,30.6472,31.4554,30.5137,31.3515,14177109.0,1.0,0.0
2022-10-20,31.5825,31.6281,31.3992,31.4233,26789355.0,1.0,0.0
2022-10-21,30.7058,30.8307,30.6138,30.6978,34808144.0,1.0,0.0
2022-10-24,30.8077,30.8275,30.3625,30.4765,7789193.0,1.0,0.0
2022-10-25,31.1797,31.3747,30.8267,31.0219,41455948.0,1.0,0.0
2022-10-26,31.1334,31.5955,30.9888,31.4991,39454674.0,1.0,0.0
2022-10-27,31.1126,31.1496,30.6383,30.6913,39550429.0,1.0,0.0
2022-10-28,30.1077,30.4449,30.094,30.4328,16317533.0,1.0,0.0
2022-10-31,30.9232,30.9355,30.6525,30.6645,20646373.0,1.0,0.0
2022-11-01,30.2791,30.3078,30.1074,30.2314,32550183.0,1.0,0.0
2022-11-02,29.8751,30.0078,29.3576,29.4024,38985613.0,1.0,0.0
2022-11-03,29.8276,29.8998,29.7491,29.8328,30406273.0,1.0,0.0
2022-11-04,29.2223,29.3736,29.0869,29.3528,44471377.0,1.0,0.0
2022-11-07,29.1435,29.5566,29.0512,29.5519,29988799.0,1.0,0.0
2022-11-08,29.2055,29.7031,29.1708,29.6861,27501515.0,1.0,0.0
2022-11-09,28.7848,28.8794,28.6953,28.7147,38590604.0,1.0,0.35
2022-11-10,29.1292,29.4803,29.0057,29.4604,33797733.0,1.0,0.0
2022-11-11,29.9124,30.0012,29.7909,29.9224,23656374.0,1.0,0.0
2022-11-14,30.3629,30.8064,30.3574,30.5397,47280506.0,1.0,0.0
2022-11-15,29.8855,30.2303,29.5851,29.7279,41910085.0,1.0,0.0
2022-11-16,29.5814,30.311,29.3578,30.148,15775801.0,1.0,0.0
2022-11-17,29.684,29.7543,29.5301,29.7453,11835494.0,1.0,0.0
2022-11-18,29.5277,29.6382,29.3803,29.4186,17210850.0,1.0,0.0
2022-11-21,29.936,30.2528,29.8714,30.1823,2193785.0,1.0,0.0
2022-11-22,30.2297,30.8799,30.0955,30.5388,8586274.0,1.0,0.0
2022-11-23,29.8314,30.0392,29.3284,29.4876,26726365.0,1.0,0.0
2022-11-25,30.0445,30.4004,29.9016,30.1995,32878095.0,1.0,0.0
2022-11-28,31.0337,31.8831,31.0265,31.7525,19891056.0,1.0,0.0
2022-11-29,31.7976,31.999,31.2983,31.4564,7812384.0,1.0,0.0
2022-11-30,31.3107,31.3922,30.9697,31.0238,22691745.0,1.0,0.0
2022-12-01,30.9168,31.1688,30.7256,31.0489,39434846.0,1.0,0.0
2022-12-02,29.3265,29.5152,29.1141,29.1349,38455863.0,1.0,0.0
2022-12-05,28.597,28.6126,28.2068,28.2954,9373626.0,1.0,0.0
2022-12-06,27.9405,28.1624,27.8304,28.102,22062603.0,1.0,0.0
2022-12-07,27.6065,28.0159,27.5897,27.825,11150508.0,1.0,0.0
2022-12-08,27.6632,27.9229,27.4202,27.8675,2915620.0,1.0,0.0
2022-12-09,27.9826,28.3073,27.875,28.2745,13750750.0,1.0,0.0
2022-12-12,27.9813,28.058,27.9236,27.9923,43428884.0,1.0,0.0
2022-12-13,27.7358,28.1487,27.7191,28.0453,11206486.0,1.0,0.0
2022-12-14,28.5855,28.9986,28.4235,28.9637,20065162.0,1.0,0.0
2022-12-15,29.1239,29.394,29.0726,29.303,11349941.0,1.0,0.0
2022-12-16,29.2679,29.4868,29.0113,29.0662,6548925.0,1.0,0.0
2022-12-19,28.4581,29.1385,28.4285,28.9846,49829385.0,1.0,0.0
2022-12-20,29.0031,29.6285,28.8432,29.5271,45787190.0,1.0,0.0
2022-12-21,29.4305,29.7278,29.3748,29.6877,5114129.0,1.0,0.0
2022-12-22,29.6983,29.7574,29.5103,29.7103,32534305.0,1.0,0.0
2022-12-23,29.5385,29.6404,28.8531,28.9755,15148908.0,1.0,0.0
2022-12-27,29.1018,29.5061,29.0781,29.4245,25857489.0,1.0,0.0
2022-12-28,28.9488,29.2376,28.9007,29.2256,46328488.0,1.0,0.0
2022-12-29,29.5868,29.9355,29.3977,29.8334,17704609.0,1.0,0.0
2022-12-30,30.1324,30.153,29.9217,30.0106,43903306.0,1.0,0.0
2023-01-03,30.0808,30.3033,29.5199,29.6532,11792321.0,1.0,0.0
2023-01-04,29.2742,29.5174,29.2361,29.5092,10185528.0,1.0,0.0
2023-01-05,29.3049,29.7467,29.2807,29.6746,45512721.0,1.0,0.0
2023-01-06,29.4662,29.6293,29.3766,29.4867,37335513.0,1.0,0.0
2023-01-09,29.8329,29.8954,29.6899,29.6961,34865230.0,1.0,0.0
2023-01-10,29.1746,29.3076,28.9013,28.9438,4454544.0,1.0,0.0
2023-01-11,28.9959,29.1211,28.7441,28.8913,26447494.0,1.0,0.0
2023-01-12,28.7678,29.2335,28.6898,29.104,43207881.0,1.0,0.0
2023-01-13,29.6038,29.6332,29.2036,29.4336,36263083.0,1.0,0.0
2023-01-17,29.2221,29.6621,29.1407,29.5894,48076504.0,1.0,0.0
2023-01-18,29.316,29.541,29.3084,29.4545,44492805.0,1.0,0.0
2023-01-19,29.346,29.4901,28.8925,28.9392,24423886.0,1.0,0.0
2023-01-20,28.5109,28.6277,28.4687,28.6116,45856502.0,1.0,0.0
2023-01-23,28.741,28.7781,28.4433,28.5001,23540653.0,1.0,0.0
2023-01-24,28.5821,28.7549,28.351,28.7046,16340610.0,1.0,0.0
2023-01-25,28.7304,29.3703,28.7068,29.2843,22168865.0,1.0,0.0
2023-01-26,29.5395,29.604,29.1181,29.398,2697565.0,1.0,0.0
2023-01-27,29.4365,29.6875,29.2717,29.5127,30998040.0,1.0,0.0
2023-01-30,29.3813,29.4367,29.2986,29.3973,7631227.0,1.0,0.0
2023-01-31,29.5439,29.5793,28.9145,29.1171,38207551.0,1.0,0.0
2023-02-01,29.1788,29.8438,29.1516,29.6218,6587989.0,1.0,0.0
2023-02-02,29.6516,29.7183,29.2476,29.2521,38798760.0,1.0,0.0
2023-02-03,29.2958,29.3704,28.9652,28.984,7063223.0,1.0,0.0
2023-02-06,29.0815,29.1578,28.5967,28.7022,39961487.0,1.0,0.0
2023-02-07,28.652,29.1182,28.6206,29.0413,5834919.0,1.0,0.0
2023-02-08,28.888,28.9055,28.7884,28.8378,42499207.0,1.0,0.35
2023-02-09,28.6531,28.8335,28.5233,28.7493,48055215.0,1.0,0.0
2023-02-10,29.0874,29.1723,28.4823,28.5564,5120641.0,1.0,0.0
2023-02-13,28.4051,28.4452,28.1868,28.2137,4655378.0,1.0,0.0
2023-02-14,28.5715,28.8552,28.5292,28.707,34526032.0,1.0,0.0
2023-02-15,28.7042,28.9904,28.5569,28.734,17189572.0,1.0,0.0
2023-02-16,28.4974,28.5736,28.4832,28.5374,25055040.0,1.0,0.0
2023-02-17,28.6021,29.0581,28.6009,28.9753,43399825.0,1.0,0.0
2023-02-21,28.7189,28.7593,27.9857,28.1942,16947751.0,1.0,0.0
2023-02-22,28.529,28.6605,28.3205,28.3999,25108113.0,1.0,0.0
2023-02-23,27.9741,28.074,27.5594,27.7065,48375312.0,1.0,0.0
2023-02-24,27.1684,27.3612,26.932,27.1433,38672062.0,1.0,0.0
2023-02-27,27.0149,27.2038,26.9872,27.0902,46327967.0,1.0,0.0
2023-02-28,27.0511,27.4807,26.8987,27.2381,15302636.0,1.0,0.0
2023-03-01,26.9046,26.9467,26.6016,26.6096,47712148.0,1.0,0.0
2023-03-02,26.9959,27.0889,26.5086,26.6042,48477957.0,1.0,0.0
2023-03-03,26.8699,27.0255,26.8016,26.8573,34210942.0,1.0,0.0
2023-03-06,26.8083,27.2863,26.797,27.0912,19988811.0,1.0,0.0
2023-03-07,27.2183,27.5193,27.0423,27.5062,46531470.0,1.0,0.0
2023-03-08,27.5958,28.0517,27.4784,27.9545,38342410.0,1.0,0.0
2023-03-09,28.1231,28.2558,27.5844,27.6853,19693151.0,1.0,0.0
2023-03-10,27.6426,27.6772,27.2834,27.4489,19468429.0,1.0,0.0
2023-03-13,27.4262,27.9491,27.2956,27.8767,48257027.0,1.0,0.0
2023-03-14,27.8712,27.8808,27.7582,27.8304,10235187.0,1.0,0.0
2023-03-15,27.7429,28.051,27.6356,27.9441,11719989.0,1.0,0.0
2023-03-16,27.7455,27.764,27.5458,27.6164,39937877.0,1.0,0.0
2023-03-17,27.456,27.571,27.3527,27.5459,23776506.0,1.0,0.0
2023-03-20,28.1685,28.4746,27.9213,28.4653,18547596.0,1.0,0.0
2023-03-21,28.7729,28.7753,28.6862,28.7672,49669173.0,1.0,0.0
2023-03-22,28.9605,29.0711,28.3215,28.3801,18053868.0,1.0,0.0
2023-03-23,28.5657,29.2215,28.5085,29.105,17121763.0,1.0,0.0
2023-03-24,29.804,29.8412,29.1428,29.1655,18528470.0,1.0,0.0
2023-03-27,28.4204,28.4807,28.181,28.2054,27720932.0,1.0,0.0
2023-03-28,27.734,27.8793,27.465,27.4909,8688187.0,1.0,0.0
2023-03-29,26.9743,27.0839,26.8644,27.029,21294091.0,1.0,0.0
2023-03-30,26.8429,27.1029,26.7067,27.0526,27050591.0,1.0,0.0
2023-03-31,27.0848,27.0875,26.8805,26.9986,47110183.0,1.0,0.0
2023-04-03,27.046,27.1347,26.8224,26.8688,30181895.0,1.0,0.0
2023-04-04,26.5044,26.5451,26.2216,26.4,10853476.0,1.0,0.0
2023-04-05,26.7544,26.8525,26.6101,26.8397,15688341.0,1.0,0.0
2023-04-06,26.7314,26.7753,26.2747,26.3572,27519973.0,1.0,0.0
2023-04-10,25.9102,26.2995,25.8128,26.2787,40737105.0,1.0,0.0
2023-04-11,26.3405,26.4537,26.3318,26.3527,34487481.0,1.0,0.0
2023-04-12,26.5366,26.842,26.506,26.7203,19516834.0,1.0,0.0
2023-04-13,26.5251,26.6626,26.3992,26.553,9496159.0,1.0,0.0
2023-04-14,26.3523,26.36,26.017,26.0646,10409079.0,1.0,0.0
2023-04-17,25.9134,25.9513,25.8457,25.9511,32909405.0,1.0,0.0
2023-04-18,27.0228,27.0353,26.8067,26.9211,30390507.0,1.0,0.0
2023-04-19,26.6384,26.691,26.2973,26.3085,18523806.0,1.0,0.0
2023-04-20,26.2544,26.3672,26.1534,26.2989,44248397.0,1.0,0.0
2023-04-21,25.7327,25.7969,25.4217,25.5987,32091524.0,1.0,0.0
2023-04-24,25.6319,26.1359,25.5764,26.0541,30986628.0,1.0,0.0
2023-04-25,26.9066,26.9283,26.667,26.8061,42545088.0,1.0,0.0
2023-04-26,27.2286,27.2334,26.9549,26.9678,42675976.0,1.0,0.0
2023-04-27,26.6756,26.7605,26.5557,26.6399,42221076.0,1.0,0.0
2023-04-28,26.7731,26.8659,26.4845,26.6064,36926760.0,1.0,0.0
2023-05-01,26.6484,26.8168,26.637,26.7677,9941207.0,1.0,0.0
2023-05-02,27.0344,27.7697,26.9055,27.7261,44710787.0,1.0,0.0
2023-05-03,26.9979,27.227,26.9373,27.1652,40352821.0,1.0,0.0
2023-05-04,27.3833,27.5655,26.9893,27.0782,27864524.0,1.0,0.0
2023-05-05,27.3677,27.4962,26.7709,26.798,16330961.0,1.0,0.0
2023-05-08,26.7907,26.9919,26.1779,26.3228,34531211.0,1.0,0.0
2023-05-09,26.414,26.4752,26.2726,26.3315,34442509.0,1.0,0.0
2023-05-10,25.9492,25.996,25.7445,25.7563,36374509.0,1.0,0.35
2023-05-11,25.9222,25.9629,25.6548,25.8353,7709852.0,1.0,0.0
2023-05-12,26.1377,26.6018,26.113,26.3888,9879534.0,1.0,0.0
2023-05-15,26.0616,26.0638,25.9103,25.9709,46329263.0,1.0,0.0
2023-05-16,25.964,26.1911,25.8928,26.0508,29985452.0,1.0,0.0
2023-05-17,26.067,26.2612,25.7831,25.8012,4746767.0,1.0,0.0
2023-05-18,25.551,25.5889,25.1939,25.3311,25551498.0,1.0,0.0
2023-05-19,25.3679,25.3814,25.064,25.2098,35802886.0,1.0,0.0
2023-05-22,25.0341,25.0562,24.7765,24.7795,25929775.0,1.0,0.0
2023-05-23,24.6356,24.6421,24.4248,24.4351,24134252.0,1.0,0.0
2023-05-24,24.3956,24.4638,24.1282,24.3363,36208443.0,1.0,0.0
2023-05-25,24.1562,24.2023,24.1247,24.1338,26175368.0,1.0,0.0
2023-05-26,24.0054,24.0246,24.0048,24.0168,38380528.0,1.0,0.0
2023-05-30,23.9441,23.9573,23.8146,23.8283,1590937.0,1.0,0.0
2023-05-31,23.6084,23.7732,23.5179,23.6959,45531947.0,1.0,0.0
2023-06-01,23.6376,24.1939,23.63,24.003,37549279.0,1.0,0.0
2023-06-02,24.076,24.1275,23.8409,23.9521,27987789.0,1.0,0.0
2023-06-05,24.2212,24.3514,24.1334,24.2212,40414066.0,1.0,0.0
2023-06-06,24.363,24.4631,24.1255,24.2348,29590158.0,1.0,0.0
2023-06-07,24.2988,24.5746,24.2413,24.5484,49769295.0,1.0,0.0
2023-06-08,24.4986,24.6162,24.4772,24.578,4620009.0,1.0,0.0
2023-06-09,24.7298,24.816,24.6943,24.7935,41274515.0,1.0,0.0
2023-06-12,24.7705,25.1254,24.6877,25.0679,10989473.0,1.0,0.0
2023-06-13,24.8856,24.9278,24.6788,24.7319,3682489.0,1.0,0.0
2023-06-14,24.5287,24.5439,24.2514,24.2876,41871980.0,1.0,0.0
2023-06-15,24.0875,24.2507,24.0806,24.2304,9871152.0,1.0,0.0
2023-06-16,24.118,24.1759,23.6112,23.7068,12856910.0,1.0,0.0
2023-06-20,23.7178,24.0429,23.6673,24.0128,6433962.0,1.0,0.0
2023-06-21,23.7654,23.8654,23.7648,23.8604,43748926.0,1.0,0.0
2023-06-22,24.0389,24.0889,23.9776,23.9989,21865502.0,1.0,0.0
2023-06-23,23.7887,23.8871,23.4611,23.5031,12195452.0,1.0,0.0
2023-06-26,23.2273,23.4172,23.1771,23.4156,15611685.0,1.0,0.0
2023-06-27,23.6067,23.9432,23.4558,23.8942,47344138.0,1.0,0.0
2023-06-28,24.0565,24.0585,23.6171,23.7202,43516819.0,1.0,0.0
2023-06-29,23.9227,24.1059,23.8648,24.0289,41012991.0,1.0,0.0
2023-06-30,23.8222,23.8332,23.6487,23.6502,5906544.0,1.0,0.0
2023-07-03,23.2673,23.3429,23.1397,23.1781,6468662.0,1.0,0.0
2023-07-05,22.9103,23.0848,22.7839,23.0248,33720516.0,1.0,0.0
2023-07-06,23.1043,23.2712,22.9775,23.2416,49236170.0,1.0,0.0
2023-07-07,22.9425,23.0735,22.8721,22.9816,40101889.0,1.0,0.0
2023-07-10,23.4178,23.4642,23.1521,23.3152,31435914.0,1.0,0.0
2023-07-11,23.5615,23.6316,23.5352,23.5392,2492412.0,1.0,0.0
2023-07-12,23.1105,23.2098,23.0705,23.1512,14243417.0,1.0,0.0
2023-07-13,23.4348,23.436,22.7281,22.8355,41316376.0,1.0,0.0
2023-07-14,22.2587,22.3547,22.0124,22.1469,4964877.0,1.0,0.0
2023-07-17,22.6018,22.6193,22.4318,22.5304,46434714.0,1.0,0.0
2023-07-18,23.0424,23.2882,22.9871,23.1634,7414526.0,1.0,0.0
2023-07-19,23.0079,23.0112,22.7998,22.8465,6251073.0,1.0,0.0
2023-07-20,23.0345,23.2022,22.9595,23.1596,37021443.0,1.0,0.0
2023-07-21,23.2024,23.2656,23.0476,23.2553,15965377.0,1.0,0.0
2023-07-24,23.2297,23.7309,23.1557,23.6654,19948288.0,1.0,0.0
2023-07-25,24.0829,24.2172,23.9771,24.1772,25087808.0,1.0,0.0
2023-07-26,23.3343,23.7337,23.3273,23.7317,31018799.0,1.0,0.0
2023-07-27,23.7545,23.794,23.3692,23.4179,1649964.0,1.0,0.0
2023-07-28,23.3086,23.4159,22.8064,22.8824,8738721.0,1.0,0.0
2023-07-31,23.1908,23.2801,23.0639,23.1934,5951551.0,1.0,0.0
2023-08-01,21.4582,21.4856,21.3934,21.4342,21986305.0,1.0,0.0
2023-08-02,21.6663,22.0762,21.6063,21.9063,40642048.0,1.0,0.0
2023-08-03,22.3695,22.5312,22.308,22.5091,1688737.0,1.0,0.0
2023-08-04,22.7822,23.0643,22.6028,22.9014,39064561.0,1.0,0.0
2023-08-07,22.0304,22.0842,21.8574,21.9257,22290431.0,1.0,0.0
2023-08-08,21.6929,21.7422,21.2818,21.3357,24880809.0,1.0,0.0
2023-08-09,20.6294,20.6712,20.5518,20.5889,12426849.0,1.0,0.35
2023-08-10,20.7397,21.0815,20.736,20.9372,14979160.0,1.0,0.0
2023-08-11,21.3734,21.4886,21.3625,21.4445,2161444.0,1.0,0.0
2023-08-14,21.5752,21.6811,21.2782,21.4108,28266729.0,1.0,0.0
2023-08-15,21.8102,21.9111,21.7661,21.7813,4037895.0,1.0,0.0
2023-08-16,21.8815,21.9863,21.7859,21.8915,8885583.0,1.0,0.0
2023-08-17,21.9624,22.0722,21.9538,22.0067,20009279.0,1.0,0.0
2023-08-18,21.8938,21.9875,21.8369,21.9443,49356969.0,1.0,0.0
2023-08-21,21.8898,21.9466,21.4965,21.631,36354794.0,1.0,0.0
2023-08-22,21.4085,21.8177,21.3652,21.7615,42193899.0,1.0,0.0
2023-08-23,22.2562,22.3562,22.0813,22.2875,3385512.0,1.0,0.0
2023-08-24,22.5402,22.6327,22.0079,22.1951,27553688.0,1.0,0.0
2023-08-25,22.269,22.2874,22.1684,22.2226,31017632.0,1.0,0.0
2023-08-28,22.4008,22.4293,22.2985,22.3071,29967943.0,1.0,0.0
2023-08-29,22.1959,22.3098,21.8251,21.8582,39625183.0,1.0,0.0
2023-08-30,22.4345,22.8289,22.3469,22.8171,7104468.0,1.0,0.0
2023-08-31,23.0176,23.2326,22.9255,22.9627,22939388.0,1.0,0.0
2023-09-01,23.154,23.2214,23.006,23.0434,39912208.0,1.0,0.0
2023-09-05,23.3112,23.3898,23.2374,23.3481,21542579.0,1.0,0.0
2023-09-06,23.5774,23.6629,23.1934,23.3083,49028982.0,1.0,0.0
2023-09-07,23.3836,23.7684,23.3378,23.7668,31237836.0,1.0,0.0
2023-09-08,23.5324,23.7537,23.3962,23.6595,32559370.0,1.0,0.0
2023-09-11,23.0025,23.1659,22.8384,22.9766,48058638.0,1.0,0.0
2023-09-12,22.81,22.9133,22.5564,22.5834,13378624.0,1.0,0.0
2023-09-13,22.5002,22.6332,22.3701,22.5467,9935290.0,1.0,0.0
2023-09-14,22.9012,23.1321,22.742,23.1,35604887.0,1.0,0.0
2023-09-15,23.4437,23.6964,23.3215,23.6613,18507172.0,1.0,0.0
2023-09-18,23.6338,23.9008,23.6121,23.8025,2546750.0,1.0,0.0
2023-09-19,24.2423,24.2969,23.8879,24.1262,47743158.0,1.0,0.0
2023-09-20,24.0624,24.2618,23.9789,24.1989,25203954.0,1.0,0.0
2023-09-21,24.269,24.3272,24.0177,24.0186,16197995.0,1.0,0.0
2023-09-22,23.8463,23.8597,23.48,23.5174,39445247.0,1.0,0.0
2023-09-25,24.0333,24.0512,23.846,23.9334,1404049.0,1.0,0.0
2023-09-26,23.5772,23.6392,23.4703,23.5103,19888142.0,1.0,0.0
2023-09-27,23.5717,23.6566,23.4785,23.5039,27271473.0,1.0,0.0
2023-09-28,23.4581,23.5107,23.3274,23.4444,29478577.0,1.0,0.0
2023-09-29,23.2925,23.5536,23.2909,23.5487,20625280.0,1.0,0.0
2023-10-02,23.8581,23.8902,23.5443,23.5957,31954132.0,1.0,0.0
2023-10-03,23.5581,23.6052,23.1817,23.1972,47611848.0,1.0,0.0
2023-10-04,23.1361,23.2754,23.1039,23.1722,24040986.0,1.0,0.0
2023-10-05,23.0834,23.763,23.0283,23.6939,23679333.0,1.0,0.0
2023-10-06,23.5339,23.5373,23.4865,23.5359,7006542.0,1.0,0.0
2023-10-09,22.92,22.9409,22.8264,22.8524,8414368.0,1.0,0.0
2023-10-10,22.7598,22.7989,22.5935,22.7012,17661651.0,1.0,0.0
2023-10-11,23.4039,23.8075,23.3082,23.7583,38647596.0,1.0,0.0
2023-10-12,24.1361,24.2264,24.0134,24.1177,49807381.0,1.0,0.0
2023-10-13,24.416,24.4592,24.3565,24.3743,45770071.0,1.0,0.0
2023-10-16,24.0549,24.5451,23.9442,24.4877,24558297.0,1.0,0.0
2023-10-17,24.2169,24.4236,24.2122,24.3063,1068283.0,1.0,0.0
2023-10-18,24.7246,24.8046,24.7077,24.75,46504754.0,1.0,0.0
2023-10-19,25.3988,25.5738,25.2963,25.3676,9188674.0,1.0,0.0
2023-10-20,25.2341,25.3789,24.9436,24.9795,41390343.0,1.0,0.0
2023-10-23,24.4813,24.869,24.4202,24.737,19804165.0,1.0,0.0
2023-10-24,24.5024,24.5281,23.978,24.0362,18444506.0,1.0,0.0
2023-10-25,23.2704,23.4181,23.2516,23.3933,18595240.0,1.0,0.0
2023-10-26,23.1806,23.2249,22.9622,23.0599,15245434.0,1.0,0.0
2023-10-27,22.808,22.8356,22.7036,22.7319,33598935.0,1.0,0.0
2023-10-30,22.8201,23.1319,22.7752,23.1265,44135417.0,1.0,0.0
2023-10-31,22.4529,22.4877,22.2377,22.3075,31930285.0,1.0,0.0
2023-11-01,22.4264,22.6332,22.3618,22.6195,20577583.0,1.0,0.0
2023-11-02,22.4541,22.728,22.3672,22.6682,39861659.0,1.0,0.0
2023-11-03,22.8335,23.0838,22.7153,23.0451,30460279.0,1.0,0.0
2023-11-06,22.8753,23.3201,22.8448,23.3165,22928625.0,1.0,0.0
2023-11-07,23.7621,24.0499,23.7454,23.8676,24974438.0,1.0,0.0
2023-11-08,23.3861,23.4197,23.261,23.2758,2883097.0,1.0,0.35
2023-11-09,23.383,23.4312,23.3404,23.4197,33583322.0,1.0,0.0
2023-11-10,23.5633,23.5872,23.3817,23.4354,36135006.0,1.0,0.0
2023-11-13,23.2368,23.4124,22.9306,23.0824,22774863.0,1.0,0.0
2023-11-14,23.1031,23.1328,22.9761,23.1217,14688026.0,1.0,0.0
2023-11-15,23.3097,23.3932,23.2424,23.3039,28314432.0,1.0,0.0
2023-11-16,23.2803,23.3825,23.08,23.085,12176423.0,1.0,0.0
2023-11-17,23.0971,23.3374,22.9998,23.3099,43545018.0,1.0,0.0
2023-11-20,23.2039,23.3075,23.0092,23.0981,13528425.0,1.0,0.0
2023-11-21,23.1131,23.3099,23.1114,23.2949,31037422.0,1.0,0.0
2023-11-22,23.3165,23.3957,22.9325,23.0967,35900583.0,1.0,0.0
2023-11-24,23.1039,23.4442,23.0863,23.3796,48339601.0,1.0,0.0
2023-11-27,23.4132,23.8584,23.3272,23.777,15784396.0,1.0,0.0
2023-11-28,23.7468,23.7897,23.6394,23.7258,1412212.0,1.0,0.0
2023-11-29,23.8416,23.9321,23.7964,23.9319,49298042.0,1.0,0.0
2023-11-30,23.8043,23.8672,23.5695,23.6013,4777032.0,1.0,0.0
2023-12-01,23.5293,23.6354,23.3106,23.4079,32308708.0,1.0,0.0
2023-12-04,23.0943,23.1058,22.8225,22.9855,17069611.0,1.0,0.0
2023-12-05,22.7111,22.8977,22.6605,22.8396,48298565.0,1.0,0.0
2023-12-06,22.9637,23.5691,22.9189,23.4113,24674927.0,1.0,0.0
2023-12-07,23.3792,23.4757,23.3545,23.3749,28097256.0,1.0,0.0
2023-12-08,23.3673,23.5052,23.3296,23.4822,3802669.0,1.0,0.0
2023-12-11,23.3757,23.4611,23.2889,23.4182,22039481.0,1.0,0.0
2023-12-12,23.3574,23.6271,23.3264,23.6033,46017909.0,1.0,0.0
2023-12-13,23.834,23.9278,23.8195,23.8441,9417556.0,1.0,0.0
2023-12-14,24.3522,24.429,24.3334,24.3602,21361228.0,1.0,0.0
2023-12-15,24.3443,24.4406,24.2904,24.2982,10146754.0,1.0,0.0
2023-12-18,24.2405,24.2427,24.0868,24.1944,16984958.0,1.0,0.0
2023-12-19,23.682,23.7752,23.5769,23.7052,49754512.0,1.0,0.0
2023-12-20,23.5533,23.6499,23.371,23.4386,17740369.0,1.0,0.0
2023-12-21,23.6176,23.6982,23.4602,23.5847,18124630.0,1.0,0.0
2023-12-22,22.5429,22.5807,22.0633,22.1981,5028180.0,1.0,0.0
2023-12-26,22.6705,22.7988,22.5145,22.7661,42275336.0,1.0,0.0
2023-12-27,23.0675,23.1106,22.8078,22.8419,17605487.0,1.0,0.0
2023-12-28,22.8931,23.0137,22.8072,22.9692,8489434.0,1.0,0.0
2023-12-29,23.0272,23.1187,22.865,22.9854,44960747.0,1.0,0.0
