date,open,high,low,close,volume,split_ratio,dividend
2016-01-04,148.4652,151.2532,142.1547,143.5772,3207306.0,1.0,0.0
2016-01-05,139.6662,142.299,138.5998,141.8979,18135431.0,1.0,0.0
2016-01-06,137.1629,137.7259,136.943,137.231,24633763.0,1.0,0.0
2016-01-07,134.7053,135.823,132.629,134.5819,14682973.0,1.0,0.0
2016-01-08,131.3169,132.0594,128.4288,128.7185,35180373.0,1.0,0.0
2016-01-11,125.6168,126.2398,122.7289,123.3125,27550889.0,1.0,0.0
2016-01-12,121.3369,122.7678,120.3241,122.6931,10981437.0,1.0,0.0
2016-01-13,122.647,123.0328,115.3598,116.6835,33590355.0,1.0,0.0
2016-01-14,118.7303,120.1447,117.0777,117.9297,42831054.0,1.0,0.0
2016-01-15,117.8742,120.0903,117.0729,119.8978,2355586.0,1.0,0.0
2016-01-19,121.5589,121.9418,120.1048,121.9146,47954191.0,1.0,0.0
2016-01-20,119.0884,122.7233,117.8141,121.4071,20835115.0,1.0,0.0
2016-01-21,122.9677,123.2002,120.4855,121.4549,6147296.0,1.0,0.0
2016-01-22,122.8149,123.1922,121.1059,123.1915,2999067.0,1.0,0.0
2016-01-25,119.9908,121.02,117.7881,118.2484,42241003.0,1.0,0.0
2016-01-26,115.192,119.6886,115.1044,117.0842,37036389.0,1.0,0.0
2016-01-27,118.8942,119.9381,118.5466,119.2983,43975435.0,1.0,0.0
2016-01-28,119.9823,120.4934,116.3423,116.4872,18164833.0,1.0,0.0
2016-01-29,114.7865,115.4258,112.7855,113.2647,40043929.0,1.0,0.0
2016-02-01,113.6876,116.1633,113.6261,115.4655,10679147.0,1.0,0.0
2016-02-02,117.0466,118.9052,116.29,118.2002,36544671.0,1.0,0.0
2016-02-03,117.818,119.3257,116.2309,118.7461,15078613.0,1.0,0.0
2016-02-04,116.6821,121.522,115.312,121.447,35823759.0,1.0,0.0
2016-02-05,123.354,130.3438,122.7359,129.3044,21363455.0,1.0,0.0
2016-02-08,127.2778,129.5971,125.8464,128.5052,46901849.0,1.0,0.0
2016-02-09,129.3804,129.4242,127.1525,128.021,35532936.0,1.0,0.0
2016-02-10,130.6091,131.4049,128.6621,129.5397,27701783.0,1.0,0.0
2016-02-11,127.3519,127.5139,117.297,119.3102,10395014.0,1.0,0.0
2016-02-12,118.9577,119.9343,114.7756,115.1506,43685572.0,1.0,0.0
2016-02-16,112.9734,113.2654,108.5617,109.417,5476226.0,1.0,0.0
2016-02-17,108.9269,109.4456,106.7291,107.1173,18565481.0,1.0,0.0
2016-02-18,106.7155,108.1069,105.9968,107.6128,23613588.0,1.0,0.0
2016-02-19,108.1202,108.6492,105.629,106.127,9906206.0,1.0,0.0
2016-02-22,107.1802,108.0134,105.3447,107.706,41813835.0,1.0,0.0
2016-02-23,109.2575,109.8001,106.6248,107.2186,47986880.0,1.0,0.0
2016-02-24,104.4915,106.0881,104.1146,105.4804,43585247.0,1.0,0.0
2016-02-25,107.041,107.6456,106.3992,106.817,28327065.0,1.0,0.0
2016-02-26,110.5427,111.3095,110.003,110.1928,5282965.0,1.0,0.0
2016-02-29,110.9228,111.552,109.2433,110.5487,34006511.0,1.0,0.0
2016-03-01,104.533,108.7491,102.7885,108.4937,12700750.0,1.0,0.0
2016-03-02,105.542,111.9624,105.2141,111.4941,39597812.0,1.0,0.0
2016-03-03,107.8493,109.6178,104.5693,104.8311,9522317.0,1.0,0.0
2016-03-04,102.3211,102.3881,99.8275,100.1587,42323112.0,1.0,0.0
2016-03-07,97.9681,99.2316,97.5408,98.9415,41730247.0,1.0,0.0
2016-03-08,97.8671,98.5336,96.7017,97.5265,34523953.0,1.0,0.0
2016-03-09,97.4062,98.2953,97.2577,98.2184,31154998.0,1.0,0.0
2016-03-10,96.1321,96.2418,95.1976,96.1878,48997212.0,1.0,0.0
2016-03-11,96.5368,98.559,95.9553,97.3939,6492335.0,1.0,0.0
2016-03-14,97.4087,97.413,95.7998,96.2386,28512593.0,1.0,0.0
2016-03-15,94.2442,94.5258,90.282,90.4419,32694982.0,1.0,0.0
2016-03-16,90.5088,90.5275,88.2566,88.48,19661934.0,1.0,0.0
2016-03-17,89.0793,89.1273,87.605,87.7959,40776599.0,1.0,0.0
2016-03-18,84.8386,85.97,84.3319,85.8958,1671127.0,1.0,0.0
2016-03-21,84.0935,84.2505,81.8237,82.1542,40881404.0,1.0,0.0
2016-03-22,82.7582,83.097,81.8535,82.5428,42266437.0,1.0,0.0
2016-03-23,83.3976,83.5895,80.1128,80.2834,4835281.0,1.0,0.0
2016-03-24,79.3187,79.4055,78.9427,78.9996,18418351.0,1.0,0.0
2016-03-28,79.7678,81.0722,79.5526,80.898,4471188.0,1.0,0.0
2016-03-29,80.2165,81.6352,79.7076,81.1845,25857122.0,1.0,0.0
2016-03-30,82.4443,84.1559,82.294,83.7983,48928010.0,1.0,0.0
2016-03-31,82.4418,82.9069,81.8764,82.6947,6377245.0,1.0,0.0
2016-04-01,81.82,81.8211,80.1345,80.4807,19199191.0,1.0,0.0
2016-04-04,79.9252,79.9937,78.8775,79.4435,49956734.0,1.0,0.0
2016-04-05,82.4992,82.6513,81.5962,82.177,37662128.0,1.0,0.0
2016-04-06,80.6628,85.2699,80.4463,85.1832,43561283.0,1.0,0.0
2016-04-07,84.1342,84.6252,84.0088,84.625,17920863.0,1.0,0.0
2016-04-08,83.4859,84.9153,82.9301,84.3858,49366083.0,1.0,0.0
2016-04-11,84.5481,84.7453,82.7689,83.0108,28952358.0,1.0,0.0
2016-04-12,84.6327,85.4968,81.0458,81.3086,5970899.0,1.0,0.0
2016-04-13,82.1398,82.5064,80.5311,81.7487,15979480.0,1.0,0.0
2016-04-14,83.1255,83.8939,82.3887,83.6805,14568039.0,1.0,0.0
2016-04-15,82.227,82.6219,80.1363,80.528,49942651.0,1.0,0.0
2016-04-18,79.217,80.7432,78.5516,80.5239,9997582.0,1.0,0.0
2016-04-19,81.3227,81.8095,79.2859,79.9462,19575556.0,1.0,0.0
2016-04-20,80.216,80.7691,79.6023,80.6884,8989978.0,1.0,0.0
2016-04-21,79.0814,79.3923,76.664,76.7531,14009053.0,1.0,0.0
2016-04-22,77.1708,77.3837,73.5208,73.7353,47357229.0,1.0,0.0
2016-04-25,76.3528,77.7839,76.3019,77.7545,3056414.0,1.0,0.0
2016-04-26,78.6041,81.3793,77.3316,81.1619,28973594.0,1.0,0.0
2016-04-27,80.8299,82.0698,80.6401,82.0485,32990172.0,1.0,0.0
2016-04-28,83.5737,84.623,81.4607,81.685,3301730.0,1.0,0.0
2016-04-29,80.3746,80.654,79.9589,79.9763,21650939.0,1.0,0.0
2016-05-02,79.9658,80.174,79.6746,80.0029,40758056.0,1.0,0.0
2016-05-03,79.3178,79.3565,77.8834,78.4198,45105933.0,1.0,0.0
2016-05-04,78.5251,78.7138,75.5105,76.7629,40524885.0,1.0,0.0
2016-05-05,77.843,78.2918,76.4007,77.2859,13548043.0,1.0,0.0
2016-05-06,76.4591,79.8604,75.9563,79.2584,21065913.0,1.0,0.0
2016-05-09,74.3141,74.403,73.1925,73.7585,17678424.0,1.0,0.0
2016-05-10,74.0605,75.1303,74.0277,74.1175,8648089.0,1.0,0.0
2016-05-11,73.9144,75.0392,73.1503,74.2469,45321634.0,1.0,0.0
2016-05-12,75.7585,77.5504,75.4953,76.593,23949116.0,1.0,0.0
2016-05-13,80.6081,80.8199,79.8703,79.928,11485559.0,1.0,0.0
2016-05-16,77.4001,77.5183,76.0938,76.5701,31316443.0,1.0,0.0
2016-05-17,74.8426,78.9805,74.0576,77.8132,49067491.0,1.0,0.0
2016-05-18,79.2737,79.8477,76.8277,77.7651,43656229.0,1.0,0.0
2016-05-19,78.0421,78.2859,77.4354,77.4995,4581742.0,1.0,0.0
2016-05-20,78.9079,79.0929,78.7272,78.8181,1177795.0,1.0,0.0
2016-05-23,78.3227,79.618,77.8754,78.7904,47502504.0,1.0,0.0
2016-05-24,81.6134,81.7253,80.1855,80.4972,23020160.0,1.0,0.0
2016-05-25,81.6929,81.7649,79.99,80.2321,21536904.0,1.0,0.0
2016-05-26,77.5854,79.9124,77.3585,78.6944,35255859.0,1.0,0.0
2016-05-27,78.393,79.6022,77.7195,79.4913,9006406.0,1.0,0.0
2016-05-31,82.3669,82.8987,80.3829,81.0931,49178745.0,1.0,0.0
2016-06-01,84.0809,85.5502,83.946,84.8027,42427574.0,1.0,0.0
2016-06-02,86.0532,87.2005,84.6861,86.0714,11079353.0,1.0,0.0
2016-06-03,84.6195,84.9213,84.3666,84.7679,4322373.0,1.0,0.0
2016-06-06,85.5171,87.6338,84.6211,86.0461,31312696.0,1.0,0.0
2016-06-07,86.8435,87.5626,85.3004,87.2392,5083112.0,1.0,0.0
2016-06-08,88.7859,88.9277,87.859,88.8561,11224416.0,1.0,0.0
2016-06-09,92.2602,93.7512,90.703,91.8404,35867724.0,1.0,0.0
2016-06-10,89.6074,89.8717,87.4782,88.8094,16734279.0,1.0,0.0
2016-06-13,86.6455,87.6819,84.4089,85.1269,7602084.0,1.0,0.0
2016-06-14,89.5665,89.9204,88.255,88.4967,26839263.0,1.0,0.0
2016-06-15,84.2048,86.2742,84.0993,85.9951,3497071.0,1.0,0.0
2016-06-16,86.7916,89.111,86.6497,88.8604,18737517.0,1.0,0.0
2016-06-17,88.5836,89.9936,88.3874,89.4069,18428025.0,1.0,0.0
2016-06-20,90.4115,93.8495,89.6859,93.7935,9930557.0,1.0,0.0
2016-06-21,92.5381,96.9957,92.0184,96.3666,2203445.0,1.0,0.0
2016-06-22,94.4086,94.8456,92.9629,93.5365,34857828.0,1.0,0.0
2016-06-23,96.2855,96.3576,91.2163,92.0837,15463986.0,1.0,0.0
2016-06-24,89.4438,89.6368,88.549,89.2396,30007458.0,1.0,0.0
2016-06-27,91.9722,94.4745,91.294,94.0943,42211182.0,1.0,0.0
2016-06-28,94.6757,95.3747,91.7084,92.3783,14523012.0,1.0,0.0
2016-06-29,90.6354,91.2237,89.9563,90.8476,19016523.0,1.0,0.0
2016-06-30,91.5098,91.7341,90.3622,91.5358,45587794.0,1.0,0.0
2016-07-01,92.1546,92.6933,91.3202,91.9188,12147027.0,1.0,0.0
2016-07-05,92.4599,95.0843,91.4382,93.786,17852146.0,1.0,0.0
2016-07-06,96.5024,97.8079,95.3447,97.6902,10370624.0,1.0,0.0
2016-07-07,99.7832,101.0128,98.7692,100.5986,19158105.0,1.0,0.0
2016-07-08,96.0999,98.3074,95.3756,97.3725,37648521.0,1.0,0.0
2016-07-11,100.443,100.8909,99.1287,100.2813,48659483.0,1.0,0.0
2016-07-12,101.3268,103.162,101.1737,102.4622,12657758.0,1.0,0.0
2016-07-13,101.3324,102.0481,94.9608,95.6282,25749872.0,1.0,0.0
2016-07-14,93.6944,97.3405,93.1042,96.1185,49498591.0,1.0,0.0
2016-07-15,94.3117,96.325,93.2147,96.3248,37064847.0,1.0,0.0
2016-07-18,98.0174,101.1182,97.1535,100.2957,36911102.0,1.0,0.0
2016-07-19,98.9922,99.8045,98.7774,98.9404,10323479.0,1.0,0.0
2016-07-20,100.4267,102.0133,100.2091,101.6583,18362291.0,1.0,0.0
2016-07-21,98.6182,101.6512,97.5208,100.5526,2416836.0,1.0,0.0
2016-07-22,102.3516,103.3378,101.3343,102.059,17123082.0,1.0,0.0
2016-07-25,107.7165,109.4095,107.603,109.2428,27583306.0,1.0,0.0
2016-07-26,109.865,110.8703,109.0289,110.659,13609848.0,1.0,0.0
2016-07-27,110.4664,110.8161,106.9269,107.2573,47445707.0,1.0,0.0
2016-07-28,104.3634,107.1508,103.8229,106.9705,26276853.0,1.0,0.0
2016-07-29,106.7919,107.3387,103.861,105.1749,41897492.0,1.0,0.0
2016-08-01,102.9495,104.3948,101.9941,104.0445,36956695.0,1.0,0.0
2016-08-02,105.0653,106.2222,101.5616,102.3431,27275845.0,1.0,0.0
2016-08-03,101.8751,102.1027,100.5317,100.9037,34761410.0,1.0,0.0
2016-08-04,101.2379,101.343,97.6004,98.6443,6098997.0,1.0,0.0
2016-08-05,99.9691,103.7657,98.7782,103.2143,37276869.0,1.0,0.0
2016-08-08,106.1757,106.2898,103.6633,103.7697,32396603.0,1.0,0.0
2016-08-09,109.7969,112.2019,108.6487,112.0738,10082000.0,1.0,0.0
2016-08-10,103.898,104.7655,100.8488,101.2364,27997270.0,1.0,0.0
2016-08-11,102.3106,102.7731,96.7163,98.3564,9384637.0,1.0,0.0
2016-08-12,95.352,96.266,93.5548,93.8452,7460223.0,1.0,0.0
2016-08-15,93.8007,94.4054,91.6946,92.5621,19959863.0,1.0,0.0
2016-08-16,91.6712,92.4932,90.736,90.8006,5941760.0,1.0,0.0
2016-08-17,90.3906,92.4539,90.2712,91.9013,8708607.0,1.0,0.0
2016-08-18,90.7912,91.689,90.504,90.7925,25736861.0,1.0,0.0
2016-08-19,85.9857,90.555,85.2736,90.1013,38657714.0,1.0,0.0
2016-08-22,89.1167,90.5098,85.6562,87.3647,14138592.0,1.0,0.0
2016-08-23,89.1425,89.1924,88.4946,88.8892,5863317.0,1.0,0.0
2016-08-24,91.0244,92.1568,90.2438,91.9469,6394210.0,1.0,0.0
2016-08-25,92.0644,95.5527,90.9462,94.9954,48719132.0,1.0,0.0
2016-08-26,95.0058,95.3096,93.8022,94.1407,10623262.0,1.0,0.0
2016-08-29,94.5773,94.9392,93.2697,93.667,24781628.0,1.0,0.0
2016-08-30,93.8822,94.2902,92.0093,92.5251,14138419.0,1.0,0.0
2016-08-31,91.9423,92.35,90.7345,91.3384,4805862.0,1.0,0.0
2016-09-01,90.0655,90.302,88.2377,89.2241,44420489.0,1.0,0.0
2016-09-02,89.4501,90.0705,86.6248,87.6514,29736994.0,1.0,0.0
2016-09-06,88.4657,88.6108,86.9047,87.0218,28741186.0,1.0,0.0
2016-09-07,86.1895,88.898,84.7153,87.8346,38871794.0,1.0,0.0
2016-09-08,89.5445,92.4554,89.4778,91.4417,35803316.0,1.0,0.0
2016-09-09,91.3265,91.8796,90.4231,91.4046,19912578.0,1.0,0.0
2016-09-12,94.0928,94.6601,92.1321,92.8459,47422137.0,1.0,0.0
2016-09-13,95.2381,96.4217,92.7521,93.8981,18274054.0,1.0,0.0
2016-09-14,93.1354,95.0593,92.2711,94.5047,27897308.0,1.0,0.0
2016-09-15,97.5522,102.33,95.4696,101.9502,27089193.0,1.0,0.0
2016-09-16,98.4771,99.4796,98.4336,99.261,30122679.0,1.0,0.0
2016-09-19,100.9241,102.4576,98.2541,100.456,22187189.0,1.0,0.0
2016-09-20,99.4099,100.4377,99.081,100.377,32792186.0,1.0,0.0
2016-09-21,99.0401,99.9739,98.2197,98.2348,41970735.0,1.0,0.0
2016-09-22,98.2183,100.6179,98.0735,100.5854,26745512.0,1.0,0.0
2016-09-23,99.7974,100.5144,96.0094,96.9303,19033003.0,1.0,0.0
2016-09-26,98.7282,101.6492,98.4736,101.4149,21792217.0,1.0,0.0
2016-09-27,100.3539,100.5176,98.5753,99.5528,17069676.0,1.0,0.0
2016-09-28,100.061,100.6089,99.4689,100.4702,26755163.0,1.0,0.0
2016-09-29,100.5994,104.3159,100.0408,104.1756,4670269.0,1.0,0.0
2016-09-30,102.5274,107.3168,101.4114,105.2321,45853735.0,1.0,0.0
2016-10-03,112.4694,113.5111,111.1303,111.2881,35558455.0,1.0,0.0
2016-10-04,108.364,109.7933,105.4024,105.6958,31876487.0,1.0,0.0
2016-10-05,102.2345,104.4728,102.1451,103.4789,29056272.0,1.0,0.0
2016-10-06,105.5083,106.6324,105.1154,105.4309,40350860.0,1.0,0.0
2016-10-07,102.6422,104.8165,101.4327,103.5083,42868430.0,1.0,0.0
2016-10-10,99.8302,100.3131,96.8064,98.1143,47226727.0,1.0,0.0
2016-10-11,98.0448,101.3042,97.5052,100.552,3803274.0,1.0,0.0
2016-10-12,103.9369,105.2981,103.9236,104.1532,37643090.0,1.0,0.0
2016-10-13,106.6324,107.1185,104.6227,105.1323,10162042.0,1.0,0.0
2016-10-14,103.8451,105.3353,103.1025,105.2714,18938744.0,1.0,0.0
2016-10-17,104.6101,105.2763,104.4053,105.0926,42539359.0,1.0,0.0
2016-10-18,103.0752,104.8037,102.8134,102.8452,18850873.0,1.0,0.0
2016-10-19,102.3913,102.5446,100.6137,101.4181,35806890.0,1.0,0.0
2016-10-20,98.776,99.6524,98.1437,99.2582,38638148.0,1.0,0.0
2016-10-21,97.955,98.2136,97.4382,97.6978,27831320.0,1.0,0.0
2016-10-24,92.4679,93.3229,90.7468,91.2529,9550001.0,1.0,0.0
2016-10-25,91.5568,91.7063,89.4109,89.5926,41095535.0,1.0,0.0
2016-10-26,90.5571,91.021,88.0341,88.5742,18995896.0,1.0,0.0
2016-10-27,89.7063,90.1717,88.1686,89.2584,26454425.0,1.0,0.0
2016-10-28,89.0848,89.513,86.2919,87.1365,1497732.0,1.0,0.0
2016-10-31,88.1902,89.2518,85.9675,86.8102,23722440.0,1.0,0.0
2016-11-01,85.1226,86.9891,84.5194,86.0425,15217649.0,1.0,0.0
2016-11-02,86.8781,88.1127,86.0053,87.3414,47243498.0,1.0,0.0
2016-11-03,86.2697,88.1937,86.2254,86.7703,44784591.0,1.0,0.0
2016-11-04,86.3833,90.9925,86.1582,89.9352,8702892.0,1.0,0.0
2016-11-07,87.2754,87.6304,85.825,86.443,45305264.0,1.0,0.0
2016-11-08,87.01,88.6175,86.5673,88.4007,18080660.0,1.0,0.0
2016-11-09,89.7778,90.4166,87.2284,87.5683,1992340.0,1.0,0.0
2016-11-10,89.7726,90.1483,87.4031,87.8519,11307981.0,1.0,0.0
2016-11-11,90.8297,91.8776,89.6088,91.0585,31183477.0,1.0,0.0
2016-11-14,91.3619,92.2569,90.6427,91.5828,45719601.0,1.0,0.0
2016-11-15,93.0753,93.2639,84.3245,85.0799,46323534.0,1.0,0.0
2016-11-16,85.6655,86.8215,84.939,86.3729,30101087.0,1.0,0.0
2016-11-17,86.4622,86.7723,84.1119,85.0726,25584721.0,1.0,0.0
2016-11-18,85.9898,87.3182,85.6325,86.6646,20553547.0,1.0,0.0
2016-11-21,86.2332,86.6679,85.5781,85.859,26820164.0,1.0,0.0
2016-11-22,88.6139,89.1708,87.6673,88.4664,48207708.0,1.0,0.0
2016-11-23,87.3071,91.3933,86.8991,91.1836,48628386.0,1.0,0.0
2016-11-25,91.1541,92.1685,90.6264,92.1584,11395586.0,1.0,0.0
2016-11-28,91.351,92.4506,91.0082,92.231,1052043.0,1.0,0.0
2016-11-29,92.8739,94.0527,91.5396,91.64,5525622.0,1.0,0.0
2016-11-30,92.2474,97.1424,91.4512,96.729,36498470.0,1.0,0.0
2016-12-01,97.4282,97.7332,90.9912,91.7015,33774860.0,1.0,0.0
2016-12-02,92.4254,92.8606,91.7898,91.8072,34160786.0,1.0,0.0
2016-12-05,91.5418,96.2319,90.9869,96.0241,11201187.0,1.0,0.0
2016-12-06,97.3282,100.6682,96.3112,99.966,25264186.0,1.0,0.0
2016-12-07,100.9567,103.1145,99.8908,103.0637,26500000.0,1.0,0.0
2016-12-08,103.4951,104.8765,100.8271,101.2943,4849061.0,1.0,0.0
2016-12-09,101.7208,101.8888,98.5395,99.2516,32676600.0,1.0,0.0
2016-12-12,98.996,99.0452,97.851,97.9113,38583134.0,1.0,0.0
2016-12-13,96.7349,100.2044,96.0959,99.6521,13206757.0,1.0,0.0
2016-12-14,96.4214,96.8137,96.0927,96.6545,17724503.0,1.0,0.0
2016-12-15,89.9943,90.2467,87.2522,88.7757,30437329.0,1.0,0.0
2016-12-16,85.3544,90.0653,85.3434,88.7894,44443733.0,1.0,0.0
2016-12-19,87.6141,89.5613,86.0335,88.6489,13665770.0,1.0,0.0
2016-12-20,93.2587,93.917,90.6383,91.7995,43991175.0,1.0,0.0
2016-12-21,92.9373,94.3629,92.1172,92.2503,37503447.0,1.0,0.0
2016-12-22,91.6764,94.2215,90.6238,93.187,35382239.0,1.0,0.0
2016-12-23,93.7515,95.6455,93.589,95.2748,12190331.0,1.0,0.0
2016-12-27,94.6576,96.3621,93.5097,95.8686,36554230.0,1.0,0.0
2016-12-28,93.7826,94.6282,92.0092,92.4689,15559105.0,1.0,0.0
2016-12-29,93.2014,97.2204,92.6308,96.1379,23729931.0,1.0,0.0
2016-12-30,96.3492,98.1852,94.6336,97.0407,28170041.0,1.0,0.0
2017-01-03,94.0079,95.8786,93.798,94.9059,41698286.0,1.0,0.0
2017-01-04,96.1627,96.7354,93.9172,93.9615,8035949.0,1.0,0.0
2017-01-05,92.9144,93.2994,91.0451,92.1527,42511553.0,1.0,0.0
2017-01-06,92.1913,92.6439,88.5895,89.4748,5064467.0,1.0,0.0
2017-01-09,90.5868,92.4362,90.2705,92.341,48712985.0,1.0,0.0
2017-01-10,91.6183,94.6597,90.5837,94.485,10261521.0,1.0,0.0
2017-01-11,97.858,98.2593,93.6317,94.5817,10431859.0,1.0,0.0
2017-01-12,94.4466,95.5415,94.2652,95.0297,42152628.0,1.0,0.0
2017-01-13,96.9237,97.6201,96.2479,97.375,35788822.0,1.0,0.0
2017-01-17,98.0417,98.5572,94.6298,94.9597,32762149.0,1.0,0.0
2017-01-18,93.2377,93.3832,89.0252,90.4896,36849543.0,1.0,0.0
2017-01-19,86.744,87.8296,86.3125,86.4827,47551380.0,1.0,0.0
2017-01-20,86.2991,87.1737,85.2902,85.9516,22388318.0,1.0,0.0
2017-01-23,91.6908,92.822,90.5469,90.8059,14615621.0,1.0,0.0
2017-01-24,91.3437,91.437,91.2703,91.3617,26899760.0,1.0,0.0
2017-01-25,95.6412,96.5956,93.6745,94.3447,37998832.0,1.0,0.0
2017-01-26,96.3951,96.4161,94.0711,94.9473,17425518.0,1.0,0.0
2017-01-27,91.5957,93.9615,90.432,92.8156,44013678.0,1.0,0.0
2017-01-30,90.1253,92.8892,89.7303,92.3343,11464654.0,1.0,0.0
2017-01-31,98.6656,99.4788,95.8633,97.3167,20064741.0,1.0,0.0
2017-02-01,93.856,97.2559,93.1997,96.5403,41108652.0,1.0,0.0
2017-02-02,95.0953,96.8847,92.5754,93.7255,5359529.0,1.0,0.0
2017-02-03,92.973,94.7993,92.8347,94.3048,29463046.0,1.0,0.0
2017-02-06,88.0483,88.5806,86.8522,87.4104,4245274.0,1.0,0.0
2017-02-07,89.7266,90.3419,87.4576,88.0659,33706751.0,1.0,0.0
2017-02-08,88.9408,95.0689,88.9221,94.0138,35840294.0,1.0,0.0
2017-02-09,93.3253,94.3675,93.287,93.3703,8723221.0,1.0,0.0
2017-02-10,96.466,97.2753,96.0306,97.2432,17946584.0,1.0,0.0
2017-02-13,99.8705,100.4078,94.9759,95.5119,33368769.0,1.0,0.0
2017-02-14,93.5076,94.2401,92.4745,92.7419,19398006.0,1.0,0.0
2017-02-15,89.1863,90.101,88.9861,89.6826,23887462.0,1.0,0.0
2017-02-16,91.0992,93.4259,90.9329,91.8526,8168677.0,1.0,0.0
2017-02-17,92.2466,92.5456,91.2695,91.3124,44178797.0,1.0,0.0
2017-02-21,90.91,93.1917,90.7405,92.0954,34508316.0,1.0,0.0
2017-02-22,97.9235,100.0614,97.7372,98.106,24014223.0,1.0,0.0
2017-02-23,95.9361,100.4544,95.6674,99.2938,33421774.0,1.0,0.0
2017-02-24,99.5644,101.7648,99.1137,101.5727,24462399.0,1.0,0.0
2017-02-27,102.8945,103.4691,99.1409,100.2896,6115007.0,1.0,0.0
2017-02-28,99.1637,100.8197,99.103,100.2147,21667157.0,1.0,0.0
2017-03-01,101.5655,102.4709,101.068,102.4524,37583643.0,1.0,0.0
2017-03-02,102.3639,104.1337,101.1004,102.2373,36387719.0,1.0,0.0
2017-03-03,99.9629,102.848,99.9128,102.023,1159871.0,1.0,0.0
2017-03-06,102.3251,105.4697,101.5107,105.1148,22215877.0,1.0,0.0
2017-03-07,108.5454,109.4748,104.6967,106.1334,49131328.0,1.0,0.0
2017-03-08,105.735,106.4777,103.1577,103.2007,6154681.0,1.0,0.0
2017-03-09,99.2866,99.7061,97.3596,98.2756,11795725.0,1.0,0.0
2017-03-10,97.5517,99.6362,95.9953,96.4838,22228666.0,1.0,0.0
2017-03-13,92.5851,92.629,90.5519,90.8664,36067947.0,1.0,0.0
2017-03-14,91.4354,92.1713,89.0344,89.333,33825059.0,1.0,0.0
2017-03-15,90.8508,91.6376,90.0315,91.103,40557713.0,1.0,0.0
2017-03-16,93.014,94.167,92.3966,93.4981,8324575.0,1.0,0.0
2017-03-17,94.133,94.7912,90.3156,90.9841,29704152.0,1.0,0.0
2017-03-20,89.6268,90.0003,89.3039,89.6428,34631541.0,1.0,0.0
2017-03-21,88.7918,89.7486,88.6324,89.1445,45032556.0,1.0,0.0
2017-03-22,87.3766,88.7211,86.4079,88.05,17464804.0,1.0,0.0
2017-03-23,88.2109,88.3541,86.6695,87.2111,8376265.0,1.0,0.0
2017-03-24,88.4812,88.7352,85.9115,87.2484,39750922.0,1.0,0.0
2017-03-27,87.2015,88.9682,86.4107,88.5356,18611258.0,1.0,0.0
2017-03-28,89.2223,91.0164,88.956,90.9274,2443569.0,1.0,0.0
2017-03-29,90.5495,92.9977,90.4592,92.1353,48490394.0,1.0,0.0
2017-03-30,92.6461,94.0761,91.5025,92.7809,36800540.0,1.0,0.0
2017-03-31,91.2166,94.0338,90.2955,93.9401,1503573.0,1.0,0.0
2017-04-03,93.4665,93.6745,91.3586,92.846,10839781.0,1.0,0.0
2017-04-04,88.2742,89.5946,87.5076,89.1365,17762616.0,1.0,0.0
2017-04-05,88.0942,89.1088,87.9856,88.333,39391884.0,1.0,0.0
2017-04-06,86.2876,87.8093,81.573,82.6187,16972325.0,1.0,0.0
2017-04-07,83.9056,87.5227,83.4709,87.3115,22006314.0,1.0,0.0
2017-04-10,84.6383,85.5363,82.7014,82.7597,12355074.0,1.0,0.0
2017-04-11,82.47,84.2824,80.9178,81.5724,39555332.0,1.0,0.0
2017-04-12,80.9578,83.6135,80.8272,83.4733,2753335.0,1.0,0.0
2017-04-13,81.8036,87.8448,81.5434,87.073,22321068.0,1.0,0.0
2017-04-17,87.8993,89.3854,87.4027,88.0914,35658497.0,1.0,0.0
2017-04-18,88.4129,89.6803,88.3235,89.5201,3973017.0,1.0,0.0
2017-04-19,87.7333,89.0898,83.893,85.3498,25965650.0,1.0,0.0
2017-04-20,84.3765,85.2707,82.8775,84.733,19313247.0,1.0,0.0
2017-04-21,82.3686,82.4635,79.9951,80.3157,24913813.0,1.0,0.0
2017-04-24,80.5652,82.4156,79.8729,81.0835,46733886.0,1.0,0.0
2017-04-25,82.382,83.6686,81.5649,83.1136,10314569.0,1.0,0.0
2017-04-26,83.3765,83.6431,82.001,82.0234,12034872.0,1.0,0.0
2017-04-27,80.3343,82.6892,80.0353,81.8188,17672553.0,1.0,0.0
2017-04-28,77.8688,81.2532,77.6983,80.7774,43070843.0,1.0,0.0
2017-05-01,81.801,84.7716,81.4784,84.3024,19132391.0,1.0,0.0
2017-05-02,83.5504,84.4671,83.2222,84.3484,36450759.0,1.0,0.0
2017-05-03,85.4393,85.8394,83.631,83.7217,19924467.0,1.0,0.0
2017-05-04,85.2407,86.1224,81.0989,81.8215,23365301.0,1.0,0.0
2017-05-05,85.6606,90.1299,85.626,89.8183,40654782.0,1.0,0.0
2017-05-08,92.1782,93.4683,91.2148,93.0891,49752850.0,1.0,0.0
2017-05-09,93.7405,93.7751,91.9598,92.9827,26720349.0,1.0,0.0
2017-05-10,93.0388,93.5015,89.5693,89.7911,44060791.0,1.0,0.0
2017-05-11,87.8498,87.8854,85.0459,85.4302,6015026.0,1.0,0.0
2017-05-12,86.6147,87.1274,85.7031,86.0251,44851655.0,1.0,0.0
2017-05-15,86.2528,89.7585,86.1671,88.7129,7669274.0,1.0,0.0
2017-05-16,89.1566,90.346,88.3219,90.171,43085963.0,1.0,0.0
2017-05-17,89.301,92.5281,87.4527,90.7445,7023060.0,1.0,0.0
2017-05-18,91.7836,91.9438,91.1114,91.3016,5390143.0,1.0,0.0
2017-05-19,93.0188,94.3623,93.0186,94.2255,24294380.0,1.0,0.0
2017-05-22,94.6212,94.7429,94.2041,94.2067,4237294.0,1.0,0.0
2017-05-23,95.0887,95.8494,92.8508,92.9613,2660215.0,1.0,0.0
2017-05-24,93.6582,95.4831,93.3825,95.3381,7564022.0,1.0,0.0
2017-05-25,94.9954,95.5997,92.2314,92.7259,48152535.0,1.0,0.0
2017-05-26,91.9057,93.1246,88.5358,88.5562,47205513.0,1.0,0.0
2017-05-30,96.5138,97.0489,93.4042,93.9611,25077635.0,1.0,0.0
2017-05-31,94.2857,95.376,91.1827,92.661,32728167.0,1.0,0.0
2017-06-01,93.0267,94.2958,92.4189,93.9896,13422391.0,1.0,0.0
2017-06-02,92.6969,94.1195,92.2262,92.8003,28572590.0,1.0,0.0
2017-06-05,92.46,93.2896,90.0973,90.2094,43043677.0,1.0,0.0
2017-06-06,87.5241,87.667,85.6231,86.5654,9240059.0,1.0,0.0
2017-06-07,88.9347,89.2314,84.8106,85.3371,12267217.0,1.0,0.0
2017-06-08,86.1623,88.614,84.949,87.8534,8633434.0,1.0,0.0
2017-06-09,85.5693,86.4478,84.9744,85.6757,46385285.0,1.0,0.0
2017-06-12,86.4474,86.8326,85.9694,86.8291,2163700.0,1.0,0.0
2017-06-13,88.003,88.8482,85.2194,85.502,9549831.0,1.0,0.0
2017-06-14,84.9236,85.7855,84.6586,85.5787,34658170.0,1.0,0.0
2017-06-15,84.934,88.2923,84.2945,88.2231,10908359.0,1.0,0.0
2017-06-16,88.1374,88.2485,86.0835,86.4023,26514729.0,1.0,0.0
2017-06-19,86.3807,89.0392,85.2438,88.4092,48825291.0,1.0,0.0
2017-06-20,89.457,91.4444,88.5734,89.8903,22137838.0,1.0,0.0
2017-06-21,89.6644,91.2332,89.4396,90.6879,20094143.0,1.0,0.0
2017-06-22,88.2187,88.6283,87.6734,88.3206,3702481.0,1.0,0.0
2017-06-23,92.14,93.6508,90.415,90.7694,3920695.0,1.0,0.0
2017-06-26,89.2077,91.5361,88.6563,90.8661,42307086.0,1.0,0.0
2017-06-27,96.6216,97.0761,93.7626,93.9996,44313830.0,1.0,0.0
2017-06-28,92.0683,92.6606,91.3723,92.2938,32939181.0,1.0,0.0
2017-06-29,93.4931,93.7749,92.8224,92.9689,41168105.0,1.0,0.0
2017-06-30,92.6413,93.4801,89.0639,90.4373,46538132.0,1.0,0.0
2017-07-03,91.5885,91.9723,89.8466,90.6395,32629202.0,1.0,0.0
2017-07-05,90.3223,91.038,88.5076,89.3603,5115757.0,1.0,0.0
2017-07-06,87.9759,89.3191,87.2487,88.9568,4862961.0,1.0,0.0
2017-07-07,88.9031,90.0631,86.2735,87.2452,4098976.0,1.0,0.0
2017-07-10,91.9466,93.1759,90.5736,92.3693,38769389.0,1.0,0.0
2017-07-11,93.3343,93.4485,88.9076,89.2859,26170677.0,1.0,0.0
2017-07-12,86.6931,87.9842,86.1606,87.2144,25237629.0,1.0,0.0
2017-07-13,83.4147,83.7822,79.4861,79.5451,4964846.0,1.0,0.0
2017-07-14,81.3932,82.1541,80.8602,81.0334,46618640.0,1.0,0.0
2017-07-17,80.1949,81.8202,75.756,76.0951,34526693.0,1.0,0.0
2017-07-18,75.5011,79.4747,75.394,78.4813,3141765.0,1.0,0.0
2017-07-19,76.5904,77.331,76.5139,77.2044,14749549.0,1.0,0.0
2017-07-20,78.798,79.4556,77.9666,79.04,37242286.0,1.0,0.0
2017-07-21,77.0253,79.3414,76.4383,78.3473,7870130.0,1.0,0.0
2017-07-24,80.9161,82.4803,79.8566,81.9249,48497237.0,1.0,0.0
2017-07-25,82.438,82.7961,78.5109,79.932,29581158.0,1.0,0.0
2017-07-26,76.4658,76.9058,76.2444,76.2723,17298061.0,1.0,0.0
2017-07-27,76.0832,76.9576,75.2016,76.225,24599968.0,1.0,0.0
2017-07-28,75.9517,76.1256,75.7668,75.9536,26810263.0,1.0,0.0
2017-07-31,77.2252,81.2041,76.7677,81.1327,41025459.0,1.0,0.0
2017-08-01,82.8897,83.3775,81.6077,81.7118,2063248.0,1.0,0.0
2017-08-02,79.4372,82.6117,78.2342,82.1837,12252058.0,1.0,0.0
2017-08-03,85.5048,88.7389,85.2685,88.1477,31792884.0,1.0,0.0
2017-08-04,88.4137,89.0606,88.1717,88.5841,29498533.0,1.0,0.0
2017-08-07,86.4005,86.9871,83.7705,84.2769,3487981.0,1.0,0.0
2017-08-08,83.8223,84.7685,82.7415,83.3744,5003249.0,1.0,0.0
2017-08-09,83.3076,85.4527,82.6048,85.0986,10989498.0,1.0,0.0
2017-08-10,85.9416,86.6906,85.7345,86.2958,23391057.0,1.0,0.0
2017-08-11,88.0495,90.6104,88.037,89.9042,5539252.0,1.0,0.0
2017-08-14,86.2091,92.1631,86.0434,90.3126,39303446.0,1.0,0.0
2017-08-15,91.2045,92.385,90.6155,92.2181,13087960.0,1.0,0.0
2017-08-16,93.4879,96.1164,92.9569,95.6893,47859394.0,1.0,0.0
2017-08-17,94.0664,94.2372,92.7457,93.2824,20596638.0,1.0,0.0
2017-08-18,94.9426,97.7776,94.7438,97.6627,20787474.0,1.0,0.0
2017-08-21,99.7566,101.6561,99.3165,101.356,31248751.0,1.0,0.0
2017-08-22,99.0642,100.3172,98.4443,100.1588,39923931.0,1.0,0.0
2017-08-23,97.6979,102.3071,97.2506,101.4524,46460297.0,1.0,0.0
2017-08-24,101.3318,103.0555,101.0596,102.404,5017200.0,1.0,0.0
2017-08-25,104.0299,113.0858,103.7034,111.1038,11192824.0,1.0,0.0
2017-08-28,98.5587,103.0032,98.118,101.9957,38046851.0,1.0,0.0
2017-08-29,107.2548,111.2802,106.7936,109.5829,1485306.0,1.0,0.0
2017-08-30,109.8075,111.0116,108.0307,108.0517,20340463.0,1.0,0.0
2017-08-31,107.9503,112.0386,107.4314,110.9839,2610231.0,1.0,0.0
2017-09-01,116.9637,120.4376,116.3928,120.4278,16959555.0,1.0,0.0
2017-09-05,125.1947,127.0568,124.0148,124.7735,43636771.0,1.0,0.0
2017-09-06,131.2317,134.6705,130.9714,133.8949,1709343.0,1.0,0.0
2017-09-07,131.6037,135.4463,131.1019,134.5348,33218703.0,1.0,0.0
2017-09-08,137.7247,142.6167,135.565,140.5542,27752424.0,1.0,0.0
2017-09-11,145.6108,149.561,145.292,149.1054,14804601.0,1.0,0.0
2017-09-12,146.9418,148.4182,143.4514,144.0231,11000202.0,1.0,0.0
2017-09-13,145.2311,149.5759,144.7755,149.4515,22494864.0,1.0,0.0
2017-09-14,148.5074,152.5823,146.3351,150.666,27741923.0,1.0,0.0
2017-09-15,151.5846,154.4761,150.5004,153.4445,36893633.0,1.0,0.0
2017-09-18,160.3024,160.5695,156.8,157.3571,12663550.0,1.0,0.0
2017-09-19,151.8083,152.1733,147.0571,147.7917,36901637.0,1.0,0.0
2017-09-20,137.1172,141.4565,136.8789,141.3374,35119145.0,1.0,0.0
2017-09-21,128.0583,129.0926,124.8033,125.0818,11235915.0,1.0,0.0
2017-09-22,123.3024,127.552,122.8219,126.0528,8970574.0,1.0,0.0
2017-09-25,122.5382,123.7693,121.2648,121.7641,11309751.0,1.0,0.0
2017-09-26,123.9269,125.3998,119.6081,120.4717,20834936.0,1.0,0.0
2017-09-27,123.0777,125.1485,122.8257,124.6476,16752456.0,1.0,0.0
2017-09-28,110.0794,114.9389,109.5455,114.9204,18906745.0,1.0,0.0
2017-09-29,111.3672,111.6882,108.1947,108.5764,15369785.0,1.0,0.0
2017-10-02,103.8667,105.3612,103.0057,104.6994,21433646.0,1.0,0.0
2017-10-03,98.663,99.0328,95.6791,96.6793,15148925.0,1.0,0.0
2017-10-04,105.0142,105.5303,103.3247,103.5633,40171351.0,1.0,0.0
2017-10-05,105.2766,107.9163,104.404,107.6742,46345501.0,1.0,0.0
2017-10-06,106.6051,109.248,106.1615,108.3934,15324158.0,1.0,0.0
2017-10-09,117.4729,126.1364,115.5481,125.0455,45999192.0,1.0,0.0
2017-10-10,125.3037,125.7942,122.6285,123.6621,8423341.0,1.0,0.0
2017-10-11,132.4441,132.9275,130.8262,132.0353,31882498.0,1.0,0.0
2017-10-12,129.8007,131.7541,127.0307,127.4444,3746799.0,1.0,0.0
2017-10-13,133.0346,133.3458,128.9935,130.5912,47444787.0,1.0,0.0
2017-10-16,132.4941,133.6998,126.1945,127.5786,36483930.0,1.0,0.0
2017-10-17,122.2548,126.0681,121.9484,125.6003,13331410.0,1.0,0.0
2017-10-18,122.572,122.7736,121.2264,121.3138,17869922.0,1.0,0.0
2017-10-19,121.1635,123.9977,120.8225,122.6239,31511547.0,1.0,0.0
2017-10-20,131.8432,132.7885,131.38,132.7823,4894102.0,1.0,0.0
2017-10-23,148.7418,148.8111,147.164,147.7709,10177775.0,1.0,0.0
2017-10-24,147.4269,148.1842,143.9026,145.4612,48485802.0,1.0,0.0
2017-10-25,148.4845,148.9841,145.6756,147.2768,20995179.0,1.0,0.0
2017-10-26,150.161,150.1692,141.1309,142.2326,33545644.0,1.0,0.0
2017-10-27,149.3673,150.1638,149.3663,150.1092,29118236.0,1.0,0.0
2017-10-30,151.3995,154.4342,150.6662,152.7925,20200144.0,1.0,0.0
2017-10-31,145.4493,146.0171,139.6276,141.1308,42624008.0,1.0,0.0
2017-11-01,140.6531,141.1277,138.1086,139.1847,34000490.0,1.0,0.0
2017-11-02,136.2527,136.4149,134.2158,135.1639,17241738.0,1.0,0.0
2017-11-03,139.2752,140.8368,134.3073,136.4132,24260499.0,1.0,0.0
2017-11-06,140.9419,141.2837,138.2852,139.2199,39452338.0,1.0,0.0
2017-11-07,143.5138,145.1646,140.6679,142.0063,31429497.0,1.0,0.0
2017-11-08,139.4734,141.8148,137.0353,140.7319,18747544.0,1.0,0.0
2017-11-09,144.6035,152.5283,144.1819,152.1347,13005891.0,1.0,0.0
2017-11-10,147.0836,148.8482,145.6522,145.8778,44544359.0,1.0,0.0
2017-11-13,158.5078,158.588,152.0428,153.2924,47902709.0,1.0,0.0
2017-11-14,158.5414,159.3238,156.2201,156.6386,23984648.0,1.0,0.0
2017-11-15,146.9837,147.2704,142.4111,144.4925,17049059.0,1.0,0.0
2017-11-16,141.04,145.6879,140.6783,144.8729,29321741.0,1.0,0.0
2017-11-17,147.904,150.8891,147.1577,149.7307,47725181.0,1.0,0.0
2017-11-20,155.7495,156.1533,153.481,154.4818,17596440.0,1.0,0.0
2017-11-21,151.5319,151.8334,144.7417,146.197,48295169.0,1.0,0.0
2017-11-22,147.5016,148.5108,146.4922,147.7217,23267451.0,1.0,0.0
2017-11-24,143.375,145.393,140.2343,140.7984,24290504.0,1.0,0.0
2017-11-27,148.0037,153.775,146.7034,152.8724,40750875.0,1.0,0.0
2017-11-28,155.2288,156.4871,145.6269,146.0705,46551273.0,1.0,0.0
2017-11-29,146.686,148.1853,146.375,146.6556,15664285.0,1.0,0.0
2017-11-30,146.3145,150.0829,145.1449,148.8029,27776205.0,1.0,0.0
2017-12-01,147.6293,148.3324,144.2718,146.3088,19865408.0,1.0,0.0
2017-12-04,155.4958,156.9861,154.5025,154.9815,33836194.0,1.0,0.0
2017-12-05,161.3214,162.5525,160.5715,161.1245,27894791.0,1.0,0.0
2017-12-06,161.4045,165.3127,160.6009,164.3979,11613911.0,1.0,0.0
2017-12-07,164.6193,169.2233,162.8402,168.5971,28635942.0,1.0,0.0
2017-12-08,167.2169,170.6758,165.1224,170.3246,41118864.0,1.0,0.0
2017-12-11,175.7627,178.4494,170.9876,171.0144,23228364.0,1.0,0.0
2017-12-12,175.3206,177.6175,172.1074,173.2513,48860019.0,1.0,0.0
2017-12-13,176.9826,177.732,175.3143,175.4227,3783098.0,1.0,0.0
2017-12-14,177.1551,178.2267,176.2458,177.4987,43248668.0,1.0,0.0
2017-12-15,186.3834,187.4723,175.9028,176.7029,35858169.0,1.0,0.0
2017-12-18,182.3171,185.0552,171.6023,172.7433,8330930.0,1.0,0.0
2017-12-19,167.4516,168.6646,165.0683,165.4798,11847732.0,1.0,0.0
2017-12-20,161.6172,164.364,160.9734,163.9637,48195873.0,1.0,0.0
2017-12-21,163.2005,165.1887,157.7949,159.6044,40780906.0,1.0,0.0
2017-12-22,160.0903,161.6177,159.1024,160.1153,13908704.0,1.0,0.0
2017-12-26,158.7686,159.1444,157.9624,158.5463,10825146.0,1.0,0.0
2017-12-27,158.6261,159.0057,155.4221,156.8843,16731834.0,1.0,0.0
2017-12-28,163.0224,164.4213,159.5941,163.5783,29567956.0,1.0,0.0
2017-12-29,158.9902,160.1112,158.0426,158.1814,39405470.0,1.0,0.0
2018-01-02,162.5116,165.0891,158.4694,159.0639,15335658.0,1.0,0.0
2018-01-03,157.3685,157.6562,150.2737,151.1635,46041643.0,1.0,0.0
2018-01-04,150.9608,151.9146,149.3664,150.595,40331111.0,1.0,0.0
2018-01-05,144.7566,149.9219,141.6128,149.257,39287017.0,1.0,0.0
2018-01-08,143.5692,144.3501,142.2775,142.9698,9414760.0,1.0,0.0
2018-01-09,144.5625,149.6459,144.1242,148.433,27358307.0,1.0,0.0
2018-01-10,153.8859,154.6218,151.7881,152.6697,42244419.0,1.0,0.0
2018-01-11,150.7626,150.8379,146.0994,146.6025,20709505.0,1.0,0.0
2018-01-12,148.1302,154.1615,145.5114,153.561,47718040.0,1.0,0.0
2018-01-16,155.8424,156.6907,154.4431,156.2956,35358614.0,1.0,0.0
2018-01-17,155.565,158.8203,154.9445,156.8382,5685268.0,1.0,0.0
2018-01-18,160.7153,161.4261,157.8803,159.3069,20893156.0,1.0,0.0
2018-01-19,157.1559,157.6563,156.1589,156.5537,2326609.0,1.0,0.0
2018-01-22,156.3698,157.6825,154.6298,155.8794,39939053.0,1.0,0.0
2018-01-23,157.2426,158.5634,151.7178,154.3599,31362773.0,1.0,0.0
2018-01-24,152.3166,153.1078,145.4924,147.5007,35670748.0,1.0,0.0
2018-01-25,148.4121,149.3424,147.3953,148.7052,18860006.0,1.0,0.0
2018-01-26,148.3886,149.417,146.5944,147.5536,19192565.0,1.0,0.0
2018-01-29,149.0943,155.0958,149.0158,153.6117,10290628.0,1.0,0.0
2018-01-30,153.3557,153.4113,149.2943,151.0417,16105184.0,1.0,0.0
2018-01-31,150.1189,152.0502,149.79,151.3739,35534988.0,1.0,0.0
2018-02-01,148.3415,149.5411,145.8729,146.8112,36149035.0,1.0,0.0
2018-02-02,148.0471,152.9185,146.3183,151.6202,23648112.0,1.0,0.0
2018-02-05,149.956,150.2489,145.1398,146.2474,15619369.0,1.0,0.0
2018-02-06,149.1677,151.6842,147.4147,150.6954,15832504.0,1.0,0.0
2018-02-07,152.2137,157.8524,151.1659,157.4106,17829670.0,1.0,0.0
2018-02-08,157.0866,160.6073,156.9625,158.9717,17095470.0,1.0,0.0
2018-02-09,160.9318,163.4003,160.055,162.3954,19668153.0,1.0,0.0
2018-02-12,162.8338,163.6153,161.1159,162.1243,30450923.0,1.0,0.0
2018-02-13,156.3405,157.2255,153.932,155.2294,42401636.0,1.0,0.0
2018-02-14,151.3126,156.8166,150.5742,155.8415,12050023.0,1.0,0.0
2018-02-15,152.6237,153.0605,146.9433,147.0187,28926081.0,1.0,0.0
2018-02-16,146.4902,147.2743,145.9425,147.2496,43835915.0,1.0,0.0
2018-02-20,149.755,150.6587,147.211,147.4119,16674559.0,1.0,0.0
2018-02-21,149.9907,152.4962,147.1183,150.7312,3642348.0,1.0,0.0
2018-02-22,148.8053,151.811,148.6148,150.1382,40832167.0,1.0,0.0
2018-02-23,152.9031,153.7654,152.7769,153.4898,45560176.0,1.0,0.0
2018-02-26,151.0929,158.3846,149.8281,155.6052,13390207.0,1.0,0.0
2018-02-27,156.104,158.5599,155.7914,156.9708,38074640.0,1.0,0.0
2018-02-28,157.2175,157.9332,150.5781,150.9236,47836570.0,1.0,0.0
2018-03-01,152.2527,154.9183,152.0411,154.0101,18332000.0,1.0,0.0
2018-03-02,153.1319,158.9108,151.3177,158.0178,38309337.0,1.0,0.0
2018-03-05,157.0842,158.5434,151.3288,151.4751,19266694.0,1.0,0.0
2018-03-06,153.5072,156.6444,152.3185,155.2072,17306608.0,1.0,0.0
2018-03-07,157.0297,158.1915,156.3056,158.0664,18961418.0,1.0,0.0
2018-03-08,159.6637,163.1676,154.5964,156.4117,18991809.0,1.0,0.0
2018-03-09,158.7123,164.9223,156.7037,164.6823,26021349.0,1.0,0.0
2018-03-12,163.8626,164.3855,160.2945,161.573,20413084.0,1.0,0.0
2018-03-13,161.0446,163.804,158.6985,160.0167,3416679.0,1.0,0.0
2018-03-14,158.8179,159.0299,156.3387,158.4043,44982044.0,1.0,0.0
2018-03-15,159.1557,159.7466,154.643,156.3363,24490953.0,1.0,0.0
2018-03-16,158.0392,159.9909,155.9129,158.2807,33156314.0,1.0,0.0
2018-03-19,157.3955,160.4156,155.6847,156.2919,8260334.0,1.0,0.0
2018-03-20,158.0316,159.978,155.6365,159.0077,27164815.0,1.0,0.0
2018-03-21,155.1517,156.0173,154.33,155.5262,47154564.0,1.0,0.0
2018-03-22,152.9953,153.3889,146.5158,146.5673,6089763.0,1.0,0.0
2018-03-23,147.8911,150.9628,147.8109,150.2265,25537610.0,1.0,0.0
2018-03-26,149.7833,150.0747,146.4583,147.1204,9877612.0,1.0,0.0
2018-03-27,147.2258,152.432,146.9655,150.1551,27511189.0,1.0,0.0
2018-03-28,149.9281,154.9999,149.8597,154.1244,28360285.0,1.0,0.0
2018-03-29,155.1925,156.366,154.3472,155.4566,24980358.0,1.0,0.0
2018-04-02,154.1467,155.4339,151.3544,152.2622,15264242.0,1.0,0.0
2018-04-03,151.5219,153.2081,151.2138,152.8206,9812575.0,1.0,0.0
2018-04-04,154.9916,157.2704,153.897,156.9259,23854328.0,1.0,0.0
2018-04-05,155.7707,160.0426,153.8071,159.8813,37713777.0,1.0,0.0
2018-04-06,159.0292,159.1493,148.6908,150.9653,5528175.0,1.0,0.0
2018-04-09,152.5397,153.224,150.5104,151.2478,42069561.0,1.0,0.0
2018-04-10,151.2409,152.1962,148.2008,149.3477,13880810.0,1.0,0.0
2018-04-11,147.8853,152.7403,147.615,151.5619,44388330.0,1.0,0.0
2018-04-12,153.2174,155.6001,152.6349,153.3688,19149727.0,1.0,0.0
2018-04-13,154.5572,157.7174,154.5454,155.4584,26395724.0,1.0,0.0
2018-04-16,157.8495,158.1214,150.2175,151.0234,25248746.0,1.0,0.0
2018-04-17,152.0117,153.3218,146.4761,146.7885,23367995.0,1.0,0.0
2018-04-18,146.7807,150.2779,145.2093,150.19,12671042.0,1.0,0.0
2018-04-19,148.2494,150.486,147.1826,150.4029,33261496.0,1.0,0.0
2018-04-20,150.6497,150.9546,148.3935,149.5071,9342929.0,1.0,0.0
2018-04-23,144.3002,147.5326,143.0019,147.457,7693293.0,1.0,0.0
2018-04-24,146.6615,150.8863,144.8509,149.524,14304921.0,1.0,0.0
2018-04-25,148.4625,156.6042,147.0428,156.1913,9060671.0,1.0,0.0
2018-04-26,156.7717,157.3527,155.585,156.1607,8495050.0,1.0,0.0
2018-04-27,155.7478,161.3997,155.3656,161.0548,17551374.0,1.0,0.0
2018-04-30,161.4828,170.5895,159.9307,168.3717,4163906.0,1.0,0.0
2018-05-01,171.7022,176.6712,170.2981,176.1331,2567589.0,1.0,0.0
2018-05-02,176.6326,182.3002,175.97,179.3487,37074723.0,1.0,0.0
2018-05-03,181.5276,182.4761,178.1838,180.4261,44345835.0,1.0,0.0
2018-05-04,179.7581,184.0855,178.8894,183.9306,17283951.0,1.0,0.0
2018-05-07,185.273,188.1003,175.4515,177.103,24403920.0,1.0,0.0
2018-05-08,185.266,187.0295,182.1767,183.9993,48067855.0,1.0,0.0
2018-05-09,181.5782,183.7904,178.0551,178.737,16257228.0,1.0,0.0
2018-05-10,179.2924,180.8489,175.7711,177.5168,43349034.0,1.0,0.0
2018-05-11,175.1352,181.6569,173.0934,178.7741,44617157.0,1.0,0.0
2018-05-14,177.8482,181.066,177.7513,179.0101,49437099.0,1.0,0.0
2018-05-15,182.3288,184.2638,181.7545,184.1085,46596956.0,1.0,0.0
2018-05-16,183.5493,185.9205,183.4753,184.3488,4424612.0,1.0,0.0
2018-05-17,184.0338,186.2793,181.3733,181.9455,31138810.0,1.0,0.0
2018-05-18,179.6199,185.3026,178.9484,183.5421,4805304.0,1.0,0.0
2018-05-21,179.178,181.8617,178.6706,179.5355,7664614.0,1.0,0.0
2018-05-22,178.6223,182.5593,178.3641,181.5465,22558929.0,1.0,0.0
2018-05-23,187.0996,188.3819,183.2515,184.2237,14296042.0,1.0,0.0
2018-05-24,180.0638,182.0712,179.7529,181.2241,49082115.0,1.0,0.0
2018-05-25,184.4377,185.1931,181.1953,181.9238,4906956.0,1.0,0.0
2018-05-29,178.4647,178.7405,175.4404,177.0126,42667868.0,1.0,0.0
2018-05-30,179.0811,179.62,176.2013,176.3771,44367619.0,1.0,0.0
2018-05-31,176.3029,179.7611,175.733,176.2302,4394485.0,1.0,0.0
2018-06-01,175.0417,184.6437,174.6929,183.9892,18267174.0,1.0,0.0
2018-06-04,184.1009,186.6147,182.9938,183.2657,8504937.0,1.0,0.0
2018-06-05,185.6267,187.0841,184.2961,185.1838,38219768.0,1.0,0.0
2018-06-06,187.2947,195.94,187.0577,193.2101,22091111.0,1.0,0.0
2018-06-07,195.0512,195.3743,190.335,190.6215,5743303.0,1.0,0.0
2018-06-08,191.6973,192.8078,188.9771,190.1825,19458916.0,1.0,0.0
2018-06-11,195.4727,201.7129,194.8886,200.7639,17301444.0,1.0,0.0
2018-06-12,201.4056,201.6493,193.3887,196.7264,41731071.0,1.0,0.0
2018-06-13,194.7503,195.4632,188.2983,189.8841,42610046.0,1.0,0.0
2018-06-14,190.7886,192.9628,189.14,189.3129,43110733.0,1.0,0.0
2018-06-15,190.9036,199.4336,187.7035,198.0045,2814146.0,1.0,0.0
2018-06-18,201.1149,209.721,199.5057,209.0474,29837305.0,1.0,0.0
2018-06-19,212.2273,212.3994,205.4509,205.7428,44785245.0,1.0,0.0
2018-06-20,202.4122,204.7724,201.6597,201.761,6496778.0,1.0,0.0
2018-06-21,196.0382,198.5546,195.3856,196.982,7872565.0,1.0,0.0
2018-06-22,197.1171,198.4521,196.6837,198.3786,27453563.0,1.0,0.0
2018-06-25,196.2761,197.0145,194.3991,194.424,21104363.0,1.0,0.0
2018-06-26,194.1765,195.4429,188.3152,188.8961,10264605.0,1.0,0.0
2018-06-27,190.9153,193.7145,188.0935,188.2504,29949645.0,1.0,0.0
2018-06-28,188.331,189.6371,179.6073,181.8956,42345810.0,1.0,0.0
2018-06-29,178.158,181.75,177.7297,179.4191,40792239.0,1.0,0.0
2018-07-02,178.2667,180.3666,177.9989,179.1098,12222691.0,1.0,0.0
2018-07-03,179.8233,185.638,179.4278,185.4542,13372580.0,1.0,0.0
2018-07-05,184.2838,184.4525,180.2042,181.4808,41566392.0,1.0,0.0
2018-07-06,181.1772,188.9964,181.0723,188.334,15455294.0,1.0,0.0
2018-07-09,187.6224,188.376,179.765,181.7782,27171890.0,1.0,0.0
2018-07-10,181.6012,190.3849,181.3613,187.8151,15011796.0,1.0,0.0
2018-07-11,187.1128,187.7431,183.2199,185.1362,48719572.0,1.0,0.0
2018-07-12,187.3737,192.7005,184.3941,188.5854,10874455.0,1.0,0.0
2018-07-13,189.986,195.5724,189.9669,193.4281,41492273.0,1.0,0.0
2018-07-16,193.3375,195.4493,193.1105,194.1195,8238958.0,1.0,0.0
2018-07-17,193.0722,196.2349,191.4171,194.5894,24219817.0,1.0,0.0
2018-07-18,198.6757,202.863,193.7032,199.313,48817556.0,1.0,0.0
2018-07-19,193.5872,198.1598,192.3701,196.0954,18209265.0,1.0,0.0
2018-07-20,195.3354,199.5062,193.0654,197.8303,32222229.0,1.0,0.0
2018-07-23,198.501,199.0743,193.4823,194.3972,8948172.0,1.0,0.0
2018-07-24,194.9215,196.4925,192.6323,192.7252,31359839.0,1.0,0.0
2018-07-25,190.0311,191.9315,187.9825,188.7773,21779852.0,1.0,0.0
2018-07-26,189.2064,190.88,188.9955,189.2297,9940157.0,1.0,0.0
2018-07-27,188.4338,189.4443,183.6049,184.3555,25281543.0,1.0,0.0
2018-07-30,185.1187,186.5162,183.0729,184.2939,29296527.0,1.0,0.0
2018-07-31,182.6617,184.2817,181.6578,183.7796,48411333.0,1.0,0.0
2018-08-01,181.1613,186.9497,179.0591,183.3799,35131062.0,1.0,0.0
2018-08-02,181.0652,185.3736,178.5575,183.3657,29050923.0,1.0,0.0
2018-08-03,181.5847,182.7954,173.8865,174.764,25539892.0,1.0,0.0
2018-08-06,176.0068,179.2978,174.1846,174.8664,11200701.0,1.0,0.0
2018-08-07,171.3352,175.4317,170.5148,174.816,34169945.0,1.0,0.0
2018-08-08,173.0477,178.3144,171.6752,176.2685,13782490.0,1.0,0.0
2018-08-09,175.0964,175.4879,173.3215,173.3998,19969754.0,1.0,0.0
2018-08-10,172.8222,173.6554,172.0907,172.9182,21595632.0,1.0,0.0
2018-08-13,175.5399,177.5075,173.0743,176.3299,25928765.0,1.0,0.0
2018-08-14,176.8907,178.0939,174.6852,176.4196,5099590.0,1.0,0.0
2018-08-15,180.0852,183.2664,180.0307,180.6525,26109944.0,1.0,0.0
2018-08-16,179.1447,179.4608,175.8157,178.4067,46900052.0,1.0,0.0
2018-08-17,177.4582,182.5975,177.1545,181.1798,1535902.0,1.0,0.0
2018-08-20,182.4934,183.5106,177.451,178.8628,29405547.0,1.0,0.0
2018-08-21,176.5638,177.5099,175.8057,175.9358,4888837.0,1.0,0.0
2018-08-22,178.0204,179.3534,174.111,175.0933,5151828.0,1.0,0.0
2018-08-23,174.1032,184.4688,172.9698,184.175,25301284.0,1.0,0.0
2018-08-24,184.2736,185.9524,182.4932,184.7911,1812592.0,1.0,0.0
2018-08-27,185.779,187.3619,185.6931,186.5121,40556145.0,1.0,0.0
2018-08-28,188.3983,189.1452,185.9529,188.0806,1607871.0,1.0,0.0
2018-08-29,186.7567,189.0309,186.6733,187.94,30497929.0,1.0,0.0
2018-08-30,189.2268,190.6455,183.3614,184.4865,22737514.0,1.0,0.0
2018-08-31,181.4821,183.1469,169.2519,170.8034,37362537.0,1.0,0.0
2018-09-04,167.0367,169.7328,166.6763,169.3393,20262724.0,1.0,0.0
2018-09-05,167.7386,168.515,164.6371,165.3135,35802189.0,1.0,0.0
2018-09-06,167.7084,168.1408,161.3906,163.0623,48931534.0,1.0,0.0
2018-09-07,171.0902,171.4252,169.1012,169.302,12798386.0,1.0,0.0
2018-09-10,175.6,180.3548,174.6466,178.0933,25271683.0,1.0,0.0
2018-09-11,185.3087,185.5847,181.1426,182.4012,30921605.0,1.0,0.0
2018-09-12,180.4702,180.6421,172.9382,174.2434,44731985.0,1.0,0.0
2018-09-13,176.1505,182.0133,175.2905,181.2629,33624824.0,1.0,0.0
2018-09-14,179.2836,183.2504,178.986,180.7417,33646634.0,1.0,0.0
2018-09-17,183.1229,185.1406,179.466,180.7791,12018077.0,1.0,0.0
2018-09-18,179.9924,184.6909,177.91,183.4997,11308515.0,1.0,0.0
2018-09-19,180.1452,180.9873,176.537,177.6784,19129223.0,1.0,0.0
2018-09-20,177.8062,185.5609,177.2634,182.9127,42591464.0,1.0,0.0
2018-09-21,185.6224,185.921,184.7571,185.8927,45148027.0,1.0,0.0
2018-09-24,182.891,186.2927,180.2993,186.1924,38495757.0,1.0,0.0
2018-09-25,186.0483,187.2013,176.3247,177.5032,49351682.0,1.0,0.0
2018-09-26,171.4317,172.3329,168.5595,169.2824,18098945.0,1.0,0.0
2018-09-27,170.3973,170.6318,168.1691,170.2126,19172390.0,1.0,0.0
2018-09-28,173.031,173.9179,167.17,167.7287,25426967.0,1.0,0.0
2018-10-01,171.7297,174.1908,168.9654,174.1614,26541389.0,1.0,0.0
2018-10-02,172.0829,174.3831,171.7366,172.9742,31706860.0,1.0,0.0
2018-10-03,175.5219,178.0512,171.1518,172.2098,9869576.0,1.0,0.0
2018-10-04,172.7256,176.2983,169.7522,171.3156,17304494.0,1.0,0.0
2018-10-05,170.7956,178.0985,168.7053,176.4271,25700792.0,1.0,0.0
2018-10-08,181.6905,184.4423,181.6759,184.1061,34586203.0,1.0,0.0
2018-10-09,183.0711,184.2378,179.0591,179.2101,1365015.0,1.0,0.0
2018-10-10,179.9426,180.7201,178.1276,179.1914,33561785.0,1.0,0.0
2018-10-11,179.4067,183.7449,179.04,180.6488,19920920.0,1.0,0.0
2018-10-12,181.4115,185.0768,179.6517,185.0196,26273962.0,1.0,0.0
2018-10-15,184.0374,184.8433,180.586,182.5651,6330887.0,1.0,0.0
2018-10-16,178.7902,183.9917,177.7444,182.5711,13245392.0,1.0,0.0
2018-10-17,184.6406,187.6616,184.1808,186.0327,41670395.0,1.0,0.0
2018-10-18,184.8611,185.7138,181.4716,182.2477,14295068.0,1.0,0.0
2018-10-19,177.9094,179.6246,175.5102,177.7033,47150550.0,1.0,0.0
2018-10-22,178.7951,184.4367,177.0628,184.2975,41590720.0,1.0,0.0
2018-10-23,186.3541,187.4452,180.9121,185.1649,30301895.0,1.0,0.0
2018-10-24,185.1022,187.38,179.8655,182.5585,28199349.0,1.0,0.0
2018-10-25,183.5691,184.5785,177.3554,180.3806,41597153.0,1.0,0.0
2018-10-26,182.4133,185.7783,175.1056,175.2791,30355294.0,1.0,0.0
2018-10-29,179.0146,180.4207,177.9062,179.8334,41528498.0,1.0,0.0
2018-10-30,178.0088,178.4401,167.9724,170.2316,3757192.0,1.0,0.0
2018-10-31,175.2068,175.6725,174.2303,175.2191,33456354.0,1.0,0.0
2018-11-01,176.4316,181.1864,176.3618,181.12,38392436.0,1.0,0.0
2018-11-02,180.3557,181.1837,179.2933,180.0255,4773307.0,1.0,0.0
2018-11-05,179.9069,187.6005,178.9872,184.8433,11119300.0,1.0,0.0
2018-11-06,183.8169,185.5078,180.9998,181.7435,24621835.0,1.0,0.0
2018-11-07,176.2078,178.0851,169.8968,171.0657,21019652.0,1.0,0.0
2018-11-08,169.4948,171.6037,168.2136,171.4918,25262793.0,1.0,0.0
2018-11-09,168.2441,173.2486,167.3193,172.4669,16632004.0,1.0,0.0
2018-11-12,173.7433,177.3096,171.6143,175.7373,12635338.0,1.0,0.0
2018-11-13,174.5224,176.2992,172.3358,175.8221,49152420.0,1.0,0.0
2018-11-14,170.8518,172.5855,170.2247,171.8725,21934383.0,1.0,0.0
2018-11-15,169.6589,172.2829,167.2604,169.8979,8573989.0,1.0,0.0
2018-11-16,170.9414,173.0349,170.4579,172.9006,41624580.0,1.0,0.0
2018-11-19,172.6425,174.035,170.991,172.5338,31590931.0,1.0,0.0
2018-11-20,172.5232,175.7573,171.2533,174.3782,24929259.0,1.0,0.0
2018-11-21,179.8733,180.0541,170.998,172.9191,15831850.0,1.0,0.0
2018-11-23,173.9572,175.5294,172.5896,173.4984,34262035.0,1.0,0.0
2018-11-26,173.8647,174.2546,170.167,170.6642,49873208.0,1.0,0.0
2018-11-27,172.2558,172.7534,167.4726,170.6809,28146048.0,1.0,0.0
2018-11-28,169.9131,171.8046,168.7638,171.0344,16374238.0,1.0,0.0
2018-11-29,172.9049,177.0038,172.3176,176.6376,33754830.0,1.0,0.0
2018-11-30,177.0968,177.9653,173.7989,174.0004,9112974.0,1.0,0.0
2018-12-03,173.0441,175.7592,169.7577,169.9732,9481965.0,1.0,0.0
2018-12-04,170.4999,172.3173,169.534,171.052,9467248.0,1.0,0.0
2018-12-06,178.8957,181.4825,178.1529,179.8388,39414296.0,1.0,0.0
2018-12-07,178.2411,178.7703,177.6666,178.3342,43335768.0,1.0,0.0
2018-12-10,178.0258,181.8333,174.2172,180.6739,36034425.0,1.0,0.0
2018-12-11,173.3484,173.4867,172.4923,173.4648,31700489.0,1.0,0.0
2018-12-12,173.8208,174.1295,171.3915,173.3312,15562003.0,1.0,0.0
2018-12-13,174.831,175.1491,173.916,174.1581,35863786.0,1.0,0.0
2018-12-14,174.2793,174.4982,172.6074,172.724,15093885.0,1.0,0.0
2018-12-17,163.9268,171.0534,163.5534,169.2023,19848185.0,1.0,0.0
2018-12-18,162.4316,163.4469,161.9125,162.8433,21268990.0,1.0,0.0
2018-12-19,165.5737,167.5516,160.8508,162.8433,27614637.0,1.0,0.0
2018-12-20,163.2037,165.829,162.0746,165.698,49575921.0,1.0,0.0
2018-12-21,171.5101,172.8191,161.5327,166.1838,20520026.0,1.0,0.0
2018-12-24,172.1036,173.7225,168.1224,170.5461,9821015.0,1.0,0.0
2018-12-26,174.8878,175.2777,171.7194,172.9075,32783398.0,1.0,0.0
2018-12-27,173.9366,174.4409,170.3571,172.7303,21258422.0,1.0,0.0
2018-12-28,176.2128,176.7046,172.3537,175.7573,48667680.0,1.0,0.0
2018-12-31,177.9997,179.1459,170.0518,170.7605,4231367.0,1.0,0.0
2019-01-02,177.0289,179.624,175.3153,178.944,38124980.0,1.0,0.0
2019-01-03,178.6178,184.3959,178.4111,180.7876,43210764.0,1.0,0.0
2019-01-04,171.8372,172.3455,168.5684,169.5298,33897934.0,1.0,0.0
2019-01-07,174.8437,177.1385,173.7972,174.2192,30067725.0,1.0,0.0
2019-01-08,171.8835,173.7799,169.2874,171.5852,43623728.0,1.0,0.0
2019-01-09,168.3266,172.5371,167.2767,170.169,10939034.0,1.0,0.0
2019-01-10,171.3776,172.0552,166.0839,166.8923,43289884.0,1.0,0.0
2019-01-11,163.4696,170.6019,163.2713,168.7594,25565774.0,1.0,0.0
2019-01-14,165.1401,166.565,164.259,165.9431,10988409.0,1.0,0.0
2019-01-15,166.7534,167.3631,166.2487,166.7054,10184350.0,1.0,0.0
2019-01-16,171.0018,173.3881,169.8959,172.6698,6611795.0,1.0,0.0
2019-01-17,175.0329,178.3324,174.4723,178.303,20785723.0,1.0,0.0
2019-01-18,180.0352,180.2845,177.6423,178.929,29026818.0,1.0,0.0
2019-01-22,182.0756,183.4594,177.1003,177.1014,46844658.0,1.0,0.0
2019-01-23,177.6028,178.7144,177.3219,177.7461,4408500.0,1.0,0.0
2019-01-24,165.6904,166.7929,160.4833,161.7835,38259365.0,1.0,0.0
2019-01-25,150.247,152.4947,150.1027,151.9622,10375998.0,1.0,0.0
2019-01-28,157.1491,160.0977,156.9046,157.0186,15174499.0,1.0,0.0
2019-01-29,150.6485,151.1486,149.4148,149.7145,30490322.0,1.0,0.0
2019-01-30,153.9789,155.8695,151.0877,151.4332,40785416.0,1.0,0.0
2019-01-31,156.8622,158.898,156.4562,156.8959,44472066.0,1.0,0.0
2019-02-01,149.0439,150.074,146.9862,148.5421,12422071.0,1.0,0.0
2019-02-04,142.9458,144.4098,142.42,143.9565,13917359.0,1.0,0.0
2019-02-05,142.8462,145.3564,142.7395,144.9723,39181010.0,1.0,0.0
2019-02-06,143.6299,144.0322,140.9269,143.1987,8413936.0,1.0,0.0
2019-02-07,144.017,151.9216,143.5707,150.9334,17294768.0,1.0,0.0
2019-02-08,149.1576,152.0913,140.133,142.0492,43476997.0,1.0,0.0
2019-02-11,145.6628,147.0726,145.4694,146.6421,24968306.0,1.0,0.0
2019-02-12,148.8379,156.6439,148.5405,155.831,40194247.0,1.0,0.0
2019-02-13,154.813,157.4604,154.6387,155.762,18195144.0,1.0,0.0
2019-02-14,159.4019,166.7054,156.9071,164.9386,33393521.0,1.0,0.0
2019-02-15,168.0367,170.0107,166.1138,166.5335,39454914.0,1.0,0.0
2019-02-19,158.1807,162.8007,157.7583,160.2342,38762059.0,1.0,0.0
2019-02-20,164.8238,164.9225,162.7471,162.8739,22100714.0,1.0,0.0
2019-02-21,157.201,159.663,155.6187,159.3225,15760037.0,1.0,0.0
2019-02-22,160.7082,162.625,156.982,158.0908,12044081.0,1.0,0.0
2019-02-25,157.4756,159.3016,155.2374,158.3924,11373992.0,1.0,0.0
2019-02-26,159.6499,159.8744,156.8589,157.2391,18298202.0,1.0,0.0
2019-02-27,146.4551,147.6828,139.0244,141.242,25348832.0,1.0,0.0
2019-02-28,145.6362,148.4656,145.5976,147.4446,47195160.0,1.0,0.0
2019-03-01,149.5967,151.5286,148.0795,150.5414,41022950.0,1.0,0.0
2019-03-04,154.1533,154.8173,152.6468,154.1687,48288399.0,1.0,0.0
2019-03-05,157.1842,158.7854,156.51,156.6205,8805680.0,1.0,0.0
2019-03-06,154.2485,156.3603,154.1976,155.6726,39024705.0,1.0,0.0
2019-03-07,152.8847,156.2995,151.7212,156.0366,47021767.0,1.0,0.0
2019-03-08,159.3693,160.6465,156.3217,157.3451,6305719.0,1.0,0.0
2019-03-11,159.4681,161.3238,154.6381,154.648,43048340.0,1.0,0.0
2019-03-12,153.3369,154.1796,153.2121,153.4206,13774140.0,1.0,0.0
2019-03-13,154.1797,155.4374,148.8963,150.0028,23056578.0,1.0,0.0
2019-03-14,151.2528,152.7335,147.7385,148.1305,19960795.0,1.0,0.0
2019-03-15,153.7367,156.5651,151.7334,155.2476,5775351.0,1.0,0.0
2019-03-18,159.4501,161.7256,159.0198,161.1329,46867239.0,1.0,0.0
2019-03-19,161.6427,170.5235,161.5825,169.776,44547855.0,1.0,0.0
2019-03-20,176.1525,184.254,174.8175,184.2374,30849039.0,1.0,0.0
2019-03-21,183.4907,184.282,178.0537,178.0999,14411818.0,1.0,0.0
2019-03-22,176.1151,179.4848,175.9978,179.1826,20988346.0,1.0,0.0
2019-03-25,179.9561,182.9181,178.8267,180.6128,5814757.0,1.0,0.0
2019-03-26,176.4639,177.1714,174.2398,177.049,18254055.0,1.0,0.0
2019-03-27,179.3134,179.4748,173.0766,173.7518,45188003.0,1.0,0.0
2019-03-28,174.0657,175.5553,168.751,169.9609,20627160.0,1.0,0.0
2019-03-29,173.5447,174.6349,168.3466,168.963,23035823.0,1.0,0.0
2019-04-01,169.0952,171.9913,168.9669,169.3493,6695975.0,1.0,0.0
2019-04-02,173.0326,178.5835,172.8689,175.9503,46057678.0,1.0,0.0
2019-04-03,174.4245,174.6094,171.0373,172.4432,45536322.0,1.0,0.0
2019-04-04,171.0093,179.0067,169.9786,177.5195,24077395.0,1.0,0.0
2019-04-05,176.9812,179.3437,164.8744,166.9424,29481428.0,1.0,0.0
2019-04-08,161.0823,164.4229,159.4013,162.2281,39988667.0,1.0,0.0
2019-04-09,162.9651,163.7145,158.5592,159.8248,12163465.0,1.0,0.0
2019-04-10,154.9611,156.1956,150.3439,151.5693,1621189.0,1.0,0.0
2019-04-11,152.4832,152.9801,149.0435,151.732,1051289.0,1.0,0.0
2019-04-12,149.4565,153.9698,148.3242,153.3827,46587781.0,1.0,0.0
2019-04-15,154.2847,155.0393,153.8355,154.1846,25612517.0,1.0,0.0
2019-04-16,154.2661,156.6544,152.8809,156.5098,8879739.0,1.0,0.0
2019-04-17,155.2793,155.4111,153.7651,155.2844,17989620.0,1.0,0.0
2019-04-18,147.8494,149.7216,147.4714,148.6549,9533877.0,1.0,0.0
2019-04-22,151.4699,153.3883,144.176,145.5,35272411.0,1.0,0.0
2019-04-23,147.467,148.8924,144.9938,145.8675,3480948.0,1.0,0.0
2019-04-24,143.5902,151.2069,140.9065,150.2567,5537529.0,1.0,0.0
2019-04-25,147.1365,148.8119,144.4834,145.0262,3280403.0,1.0,0.0
2019-04-26,140.2275,141.0686,139.3243,140.8273,46342591.0,1.0,0.0
2019-04-29,143.0358,144.2232,141.5377,141.8662,21950253.0,1.0,0.0
2019-04-30,140.1164,140.5796,139.7555,139.8376,17566162.0,1.0,0.0
2019-05-01,142.2832,143.7903,141.329,143.4121,42457029.0,1.0,0.0
2019-05-02,150.1721,150.2171,145.1621,147.0546,18440605.0,1.0,0.0
2019-05-03,148.5458,149.6119,143.9553,144.4592,25391186.0,1.0,0.0
2019-05-06,143.0448,145.4881,142.5412,145.3812,2449994.0,1.0,0.0
2019-05-07,147.6483,148.34,145.4667,146.6737,11210982.0,1.0,0.0
2019-05-08,150.1813,154.922,149.3462,153.8341,7466891.0,1.0,0.0
2019-05-09,146.0735,147.8583,144.8341,145.2204,8838738.0,1.0,0.0
2019-05-10,148.7472,151.5546,147.1972,150.4522,46427083.0,1.0,0.0
2019-05-13,153.4296,154.7112,150.3049,152.4554,32522661.0,1.0,0.0
2019-05-14,148.8555,154.8371,148.752,154.1809,42935638.0,1.0,0.0
2019-05-15,149.9028,150.1005,148.0556,148.4905,40088452.0,1.0,0.0
2019-05-16,148.2881,150.9444,147.38,150.1714,22623043.0,1.0,0.0
2019-05-17,151.5594,153.2325,150.4833,152.3706,46488187.0,1.0,0.0
2019-05-20,144.4463,146.1579,140.3141,140.3284,7183381.0,1.0,0.0
2019-05-21,140.5809,142.39,139.6615,142.1662,14835595.0,1.0,0.0
2019-05-22,143.4705,146.3197,141.5093,145.0726,47125938.0,1.0,0.0
2019-05-23,149.6499,153.2649,148.7929,150.9849,42642445.0,1.0,0.0
2019-05-24,150.4131,151.9655,144.8435,146.4193,17267600.0,1.0,0.0
2019-05-28,142.9617,143.2587,141.6402,142.1019,25015819.0,1.0,0.0
2019-05-29,142.0648,142.7477,140.4382,140.6721,26241452.0,1.0,0.0
2019-05-30,142.7687,143.5225,141.1748,143.3238,12224942.0,1.0,0.0
2019-05-31,143.0528,143.938,140.5542,140.9961,39361329.0,1.0,0.0
2019-06-03,146.4388,147.1329,143.1303,144.496,46634749.0,1.0,0.0
2019-06-04,144.4815,146.9465,141.866,145.5554,16746297.0,1.0,0.0
2019-06-05,141.6886,142.7648,141.3171,142.7,20044784.0,1.0,0.0
2019-06-06,140.4922,142.145,133.5003,134.2497,23440593.0,1.0,0.0
2019-06-07,136.2694,140.7124,136.0681,139.8523,21115992.0,1.0,0.0
2019-06-10,140.0872,142.1166,139.1258,142.049,20578403.0,1.0,0.0
2019-06-11,136.8876,138.6117,135.6182,137.78,35545337.0,1.0,0.0
2019-06-12,136.6409,136.818,128.2213,128.8375,49889864.0,1.0,0.0
2019-06-13,132.3595,133.3489,131.4838,132.9104,47114784.0,1.0,0.0
2019-06-14,142.9142,144.33,140.1933,140.7457,1409370.0,1.0,0.0
2019-06-17,145.07,146.2806,142.0008,143.05,24525761.0,1.0,0.0
2019-06-18,146.4525,147.6002,144.5331,144.7696,19912623.0,1.0,0.0
2019-06-19,135.7912,136.0953,135.2616,135.7451,1972180.0,1.0,0.0
2019-06-20,138.6414,139.0196,134.4806,134.4898,25270638.0,1.0,0.0
2019-06-21,138.5318,140.584,137.8433,139.968,30645044.0,1.0,0.0
2019-06-24,140.7707,144.4779,140.768,144.4342,10430838.0,1.0,0.0
2019-06-25,146.8417,148.9689,146.4795,148.5723,10713095.0,1.0,0.0
2019-06-26,146.7649,147.1286,142.7107,143.5256,16712224.0,1.0,0.0
2019-06-27,138.1102,139.7599,134.3035,135.635,42205583.0,1.0,0.0
2019-06-28,133.2002,136.1114,132.8231,135.8127,41767480.0,1.0,0.0
2019-07-01,141.3821,143.8401,132.5886,132.7433,10276324.0,1.0,0.0
2019-07-02,129.8392,131.3207,127.7857,130.3939,30341385.0,1.0,0.0
2019-07-03,132.4207,137.0119,132.0784,135.1512,39253038.0,1.0,0.0
2019-07-05,137.9681,139.7591,136.5422,138.0659,16593798.0,1.0,0.0
2019-07-08,143.2453,144.4537,139.5592,140.7294,8374637.0,1.0,0.0
2019-07-09,138.4233,142.4522,138.0335,141.016,19932567.0,1.0,0.0
2019-07-10,138.7658,140.3417,138.69,139.7255,8906888.0,1.0,0.0
2019-07-11,134.2544,143.6785,132.7403,143.0152,42279348.0,1.0,0.0
2019-07-12,144.2872,145.023,143.3486,143.4443,31008064.0,1.0,0.0
2019-07-15,140.7669,141.2391,135.5536,135.9983,5686218.0,1.0,0.0
2019-07-16,135.9846,137.7393,135.3007,135.7449,2638018.0,1.0,0.0
2019-07-17,135.9555,136.704,133.5888,133.9311,26280038.0,1.0,0.0
2019-07-18,132.6282,133.6722,125.067,126.1509,25329945.0,1.0,0.0
2019-07-19,127.9252,130.1278,126.6004,127.893,6650197.0,1.0,0.0
2019-07-22,128.0107,128.6646,125.0236,126.5322,49117831.0,1.0,0.0
2019-07-23,134.644,138.8946,134.6286,138.5053,36928346.0,1.0,0.0
2019-07-24,136.7998,139.4295,135.0022,138.3726,31559399.0,1.0,0.0
2019-07-25,137.8579,143.2106,137.6041,141.7666,39367405.0,1.0,0.0
2019-07-26,141.1528,142.3441,138.8675,141.0731,5729506.0,1.0,0.0
2019-07-29,144.5092,146.4334,144.2619,145.8413,4625208.0,1.0,0.0
2019-07-30,147.1455,149.9551,145.6338,148.0305,15031316.0,1.0,0.0
2019-07-31,147.997,149.9477,143.265,145.8823,31270394.0,1.0,0.0
2019-08-01,145.5021,146.4143,142.5142,143.5756,46176449.0,1.0,0.0
2019-08-02,142.8492,143.7717,139.2442,140.3278,48867293.0,1.0,0.0
2019-08-05,134.3605,135.7135,133.9085,134.6551,12935148.0,1.0,0.0
2019-08-06,133.1025,133.6121,133.0673,133.5165,20950337.0,1.0,0.0
2019-08-07,130.1984,134.4228,129.3467,133.8309,20681586.0,1.0,0.0
2019-08-08,112.522,114.3382,112.3811,113.8914,23989809.0,1.0,0.0
2019-08-09,124.1882,125.541,120.1906,121.8058,22544574.0,1.0,0.0
2019-08-12,115.3561,115.7384,113.9953,114.2154,22054547.0,1.0,0.0
2019-08-13,114.5162,119.1992,114.1875,119.0255,44777764.0,1.0,0.0
2019-08-14,127.3995,134.6369,126.921,132.9141,47436154.0,1.0,0.0
2019-08-15,122.0485,125.8133,120.3041,124.9941,48803702.0,1.0,0.0
2019-08-16,118.7186,122.0971,118.4909,119.9059,10942741.0,1.0,0.0
2019-08-19,120.0597,121.2052,119.4036,121.078,26007828.0,1.0,0.0
2019-08-20,117.432,119.1094,116.1068,118.0038,36561666.0,1.0,0.0
2019-08-21,116.6876,117.6594,114.1146,115.9685,48736023.0,1.0,0.0
2019-08-22,115.059,115.1513,109.5978,110.3388,23582823.0,1.0,0.0
2019-08-23,106.9055,108.1977,104.9804,105.3161,4193055.0,1.0,0.0
2019-08-26,107.2597,107.9741,105.6802,106.2288,10608654.0,1.0,0.0
2019-08-27,107.0865,107.6771,102.729,103.0863,19322295.0,1.0,0.0
2019-08-28,101.1129,104.6293,100.0995,104.342,14540849.0,1.0,0.0
2019-08-29,104.8617,105.6192,103.2938,105.1646,49652524.0,1.0,0.0
2019-08-30,101.4247,101.4615,101.1062,101.2393,10058093.0,1.0,0.0
2019-09-03,101.599,104.4022,101.0872,104.0618,8084005.0,1.0,0.0
2019-09-04,102.5161,103.5659,101.983,102.8035,18637339.0,1.0,0.0
2019-09-05,104.7583,105.2136,102.2203,102.2527,10991279.0,1.0,0.0
2019-09-06,100.4055,101.5615,99.8968,100.7258,46801555.0,1.0,0.0
2019-09-09,99.3815,100.7348,98.9807,100.5517,7946973.0,1.0,0.0
2019-09-10,103.1994,103.371,97.7909,99.3759,6532845.0,1.0,0.0
2019-09-11,100.5554,101.1415,96.8635,97.3028,42398249.0,1.0,0.0
2019-09-12,97.5999,97.6304,93.6304,95.0885,8034139.0,1.0,0.0
2019-09-13,95.9841,96.0687,92.256,92.3135,3600017.0,1.0,0.0
2019-09-16,93.8623,94.2321,91.1314,92.6306,34646661.0,1.0,0.0
2019-09-17,90.4804,90.9066,84.6081,84.979,26073529.0,1.0,0.0
2019-09-18,88.3021,89.8882,87.7239,88.9517,11422030.0,1.0,0.0
2019-09-19,88.3703,89.8078,87.7253,89.0914,3122460.0,1.0,0.0
2019-09-20,92.4917,93.3224,91.9013,92.9289,24142272.0,1.0,0.0
2019-09-23,90.2058,92.8958,89.3446,92.3566,3313113.0,1.0,0.0
2019-09-24,93.8989,96.1914,93.0319,95.4825,16777250.0,1.0,0.0
2019-09-25,95.0537,98.308,94.8876,96.8326,23630717.0,1.0,0.0
2019-09-26,100.2231,103.0924,100.2151,102.3293,20801078.0,1.0,0.0
2019-09-27,105.0774,105.6124,103.4234,104.3994,30578223.0,1.0,0.0
2019-09-30,105.6664,107.1889,103.9279,107.0382,2224133.0,1.0,0.0
2019-10-01,111.9811,112.04,110.6699,110.8081,15725093.0,1.0,0.0
2019-10-02,116.369,117.2919,112.9763,113.5353,3960159.0,1.0,0.0
2019-10-03,117.4063,121.3293,117.0571,120.3406,6674647.0,1.0,0.0
2019-10-04,116.9491,117.6423,115.4967,117.4978,20665667.0,1.0,0.0
2019-10-07,119.3174,124.6582,118.9046,123.7729,14540151.0,1.0,0.0
2019-10-08,126.6493,128.5417,125.9963,128.183,14742201.0,1.0,0.0
2019-10-09,125.5804,126.2625,121.6389,122.4096,26953702.0,1.0,0.0
2019-10-10,119.6178,120.1795,119.047,120.0292,30726075.0,1.0,0.0
2019-10-11,117.6117,119.4272,115.7352,118.9826,23034770.0,1.0,0.0
2019-10-14,117.2339,119.1251,113.7362,113.7468,29394139.0,1.0,0.0
2019-10-15,110.5721,110.9767,108.8246,108.9508,27172082.0,1.0,0.0
2019-10-16,111.6002,115.7849,111.5352,115.5998,3717489.0,1.0,0.0
2019-10-17,109.5526,111.997,109.5304,110.6976,13368848.0,1.0,0.0
2019-10-18,109.7773,112.1926,106.4048,106.704,16165838.0,1.0,0.0
2019-10-21,108.3412,113.5787,108.2022,112.8292,35563266.0,1.0,0.0
2019-10-22,111.8003,113.29,108.0574,108.6224,26477166.0,1.0,0.0
2019-10-23,111.3417,112.3306,107.3676,107.5057,11051593.0,1.0,0.0
2019-10-24,107.3078,108.1948,107.1275,107.425,9778649.0,1.0,0.0
2019-10-25,110.5871,110.9459,106.9687,107.7263,8439745.0,1.0,0.0
2019-10-28,101.8738,103.1403,101.0826,102.4032,42711492.0,1.0,0.0
2019-10-29,102.0763,104.5141,101.7985,104.4631,13582960.0,1.0,0.0
2019-10-30,102.4159,108.8217,101.5598,107.0567,8317237.0,1.0,0.0
2019-10-31,110.5501,116.0473,110.1768,114.1702,11107610.0,1.0,0.0
2019-11-01,113.9565,116.8685,113.6629,115.8158,43462264.0,1.0,0.0
2019-11-04,122.0003,122.1484,119.2369,119.339,24501745.0,1.0,0.0
2019-11-05,118.8458,121.3404,117.3851,120.9609,30569865.0,1.0,0.0
2019-11-06,121.7418,122.7186,121.4939,122.4434,5723170.0,1.0,0.0
2019-11-07,125.8369,126.7494,125.7512,125.984,30752651.0,1.0,0.0
2019-11-08,125.4634,125.473,119.5359,122.2515,44126355.0,1.0,0.0
2019-11-11,121.8449,122.4001,117.5383,118.2916,23734738.0,1.0,0.0
2019-11-12,116.2563,118.0752,114.2983,114.4478,17544005.0,1.0,0.0
2019-11-13,115.2253,115.4588,113.4359,113.6569,36446420.0,1.0,0.0
2019-11-14,114.3849,116.7091,113.1527,115.8487,37499745.0,1.0,0.0
2019-11-15,118.0172,118.4197,112.4973,113.1371,36835730.0,1.0,0.0
2019-11-18,115.2005,115.9553,112.582,113.9449,8840936.0,1.0,0.0
2019-11-19,116.4905,116.8012,109.3565,110.2138,8409193.0,1.0,0.0
2019-11-20,107.0663,110.189,106.904,109.7292,23833398.0,1.0,0.0
2019-11-21,109.8734,112.0712,109.8375,111.8075,37096516.0,1.0,0.0
2019-11-22,113.6459,114.4925,108.778,109.0034,9844519.0,1.0,0.0
2019-11-25,104.847,107.6237,103.2176,107.0748,48270983.0,1.0,0.0
2019-11-26,107.0716,108.6052,106.8516,107.7088,15919040.0,1.0,0.0
2019-11-27,107.3192,107.6074,104.3772,104.7583,31789452.0,1.0,0.0
2019-11-29,103.996,105.2412,101.1063,101.2604,31824469.0,1.0,0.0
2019-12-02,106.0147,107.8166,105.9411,106.2137,31782995.0,1.0,0.0
2019-12-03,107.4276,108.6138,105.542,105.9043,16229990.0,1.0,0.0
2019-12-04,103.0048,103.9396,102.1738,103.6451,25633158.0,1.0,0.0
2019-12-05,104.5432,108.47,103.9828,108.1085,6432216.0,1.0,0.0
2019-12-06,109.345,111.6778,108.4828,111.0112,44604493.0,1.0,0.0
2019-12-09,110.5139,112.1437,108.5358,108.5804,34557974.0,1.0,0.0
2019-12-10,105.9219,107.8023,105.1602,107.2382,38990268.0,1.0,0.0
2019-12-11,104.946,106.0836,102.2201,102.7205,21487203.0,1.0,0.0
2019-12-12,102.3213,103.0919,102.2911,102.9137,25727380.0,1.0,0.0
2019-12-13,105.9474,108.0733,105.4361,107.199,5989385.0,1.0,0.0
2019-12-16,105.7607,106.7299,104.9795,106.3223,43898847.0,1.0,0.0
2019-12-17,105.9195,108.3255,105.352,108.1983,36643030.0,1.0,0.0
2019-12-18,105.7064,107.7191,104.7927,107.6685,46824350.0,1.0,0.0
2019-12-19,106.0497,108.0923,104.679,107.3573,49584841.0,1.0,0.0
2019-12-20,105.819,108.0836,104.5715,107.6584,42858056.0,1.0,0.0
2019-12-23,107.4377,108.92,105.2348,105.3611,41090178.0,1.0,0.0
2019-12-24,105.4045,108.056,105.1777,107.4121,14213624.0,1.0,0.0
2019-12-26,105.1176,106.5122,102.3582,103.2692,37559407.0,1.0,0.0
2019-12-27,101.7053,103.0975,100.5857,102.8593,11124201.0,1.0,0.0
2019-12-30,103.6235,105.0582,102.959,104.379,31479720.0,1.0,0.0
2019-12-31,104.2112,108.5385,103.9306,107.1703,28226736.0,1.0,0.0
2020-01-02,114.0255,118.8964,113.1327,118.5004,17057411.0,1.0,0.0
2020-01-03,116.4251,117.1468,115.5908,116.9545,13962070.0,1.0,0.0
2020-01-06,116.289,117.973,115.4962,116.6203,4462337.0,1.0,0.0
2020-01-07,115.6248,116.2381,115.0882,115.6995,20715821.0,1.0,0.0
2020-01-08,117.298,117.4644,115.2013,115.5208,24744560.0,1.0,0.0
2020-01-09,113.1249,117.4439,112.5288,116.6955,40695409.0,1.0,0.0
2020-01-10,117.0666,117.5332,113.1162,113.9135,7933623.0,1.0,0.0
2020-01-13,109.3175,111.2147,108.8785,110.9732,13731323.0,1.0,0.0
2020-01-14,111.4503,112.4487,109.4788,110.8754,44381545.0,1.0,0.0
2020-01-15,108.6571,111.0076,108.148,110.7121,14756749.0,1.0,0.0
2020-01-16,112.1939,112.8808,106.371,107.0825,36355812.0,1.0,0.0
2020-01-17,105.0863,105.6466,104.3797,105.3733,28253736.0,1.0,0.0
2020-01-21,108.7561,109.1899,105.0936,105.8307,11651259.0,1.0,0.0
2020-01-22,101.1839,105.1863,100.9771,105.0296,39468068.0,1.0,0.0
2020-01-23,100.79,101.3258,99.5678,100.6441,4730751.0,1.0,0.0
2020-01-24,103.2878,104.0082,102.2746,103.7623,19232871.0,1.0,0.0
2020-01-27,105.4744,106.9097,105.2477,106.2714,13718462.0,1.0,0.0
2020-01-28,107.7647,109.1804,106.7357,106.8249,43652252.0,1.0,0.0
2020-01-29,108.0507,111.555,107.8181,109.7264,28259513.0,1.0,0.0
2020-01-30,111.718,112.1368,111.2367,111.2676,15243871.0,1.0,0.0
2020-01-31,108.0736,114.0585,106.9044,112.5208,28243763.0,1.0,0.0
2020-02-03,110.6589,110.9864,108.9172,109.3773,34820653.0,1.0,0.0
2020-02-04,109.9846,111.0034,107.8794,108.0362,42745733.0,1.0,0.0
2020-02-05,108.4205,109.3381,107.9684,108.8991,6036110.0,1.0,0.0
2020-02-06,109.3872,109.4559,106.4212,106.5786,7080238.0,1.0,0.0
2020-02-07,107.4397,108.9572,105.4236,107.9874,32030262.0,1.0,0.0
2020-02-10,107.8255,112.1643,107.4446,111.7994,45898873.0,1.0,0.0
2020-02-11,115.1766,115.4463,111.2284,111.2297,12934931.0,1.0,0.0
2020-02-12,111.8043,112.6165,110.4968,112.2084,18391060.0,1.0,0.0
2020-02-13,114.4742,114.7378,111.8359,112.4795,36933344.0,1.0,0.0
2020-02-14,110.6007,111.1085,108.2071,109.7518,20656056.0,1.0,0.0
2020-02-18,105.8361,108.0385,104.9635,107.0993,15590141.0,1.0,0.0
2020-02-19,108.6667,111.8171,108.1308,110.6625,8731321.0,1.0,0.0
2020-02-20,103.4254,105.091,102.1922,104.9086,17411835.0,1.0,0.0
2020-02-21,103.6674,104.0446,100.208,101.2195,43741230.0,1.0,0.0
2020-02-24,100.2036,100.9359,95.1113,95.4132,32051433.0,1.0,0.0
2020-02-25,97.6542,98.3287,97.6102,98.326,21118966.0,1.0,0.0
2020-02-26,97.0753,97.456,96.8567,97.0106,3106713.0,1.0,0.0
2020-02-27,95.4937,99.5938,94.8538,98.252,30711332.0,1.0,0.0
2020-02-28,100.5935,101.3002,98.3057,99.072,24832425.0,1.0,0.0
2020-03-02,98.5015,99.9479,98.1003,99.8072,25907334.0,1.0,0.0
2020-03-03,96.2528,97.7997,96.236,97.3301,42335117.0,1.0,0.0
2020-03-04,99.9036,100.0306,97.9362,98.5266,34772513.0,1.0,0.0
2020-03-05,96.0655,97.9503,95.3542,97.7314,33913120.0,1.0,0.0
2020-03-06,92.9992,93.3945,91.4567,91.9021,44832109.0,1.0,0.0
2020-03-09,91.5629,93.5982,90.5823,92.8302,4077533.0,1.0,0.0
2020-03-10,94.6362,94.8999,93.6903,94.6442,7858965.0,1.0,0.0
2020-03-11,93.5515,94.1325,92.0833,92.342,22613674.0,1.0,0.0
2020-03-12,95.8382,99.4055,94.5612,98.3931,40203740.0,1.0,0.0
2020-03-13,95.4603,97.1442,94.5113,96.9744,21488061.0,1.0,0.0
2020-03-16,94.4788,95.432,92.1979,92.4371,14973126.0,1.0,0.0
2020-03-17,91.7046,92.9405,88.0045,88.8314,30185152.0,1.0,0.0
2020-03-18,89.3555,92.2272,88.6915,92.053,25354705.0,1.0,0.0
2020-03-19,92.749,93.4682,91.9695,92.6325,13403484.0,1.0,0.0
2020-03-20,92.906,94.6452,92.4134,94.4211,47113282.0,1.0,0.0
2020-03-23,94.3079,94.5059,91.0807,91.4546,5315471.0,1.0,0.0
2020-03-24,88.8058,92.5202,88.2263,92.2902,43882392.0,1.0,0.0
2020-03-25,90.5157,90.8236,88.9058,89.1507,12253581.0,1.0,0.0
2020-03-26,88.7562,92.9204,88.6017,92.7256,1097170.0,1.0,0.0
2020-03-27,93.4766,93.9797,90.441,90.6795,22820772.0,1.0,0.0
2020-03-30,90.5799,91.1936,89.3962,89.6269,45991873.0,1.0,0.0
2020-03-31,86.9062,87.0208,86.5559,86.9087,46668165.0,1.0,0.0
2020-04-01,85.8955,87.4261,84.8971,87.2587,42500277.0,1.0,0.0
2020-04-02,87.0165,89.9436,86.5837,89.4571,9299658.0,1.0,0.0
2020-04-03,91.2995,92.8259,90.5387,92.2676,1317036.0,1.0,0.0
2020-04-06,93.7282,95.1357,93.1631,95.0102,24275633.0,1.0,0.0
2020-04-07,90.9862,91.3368,89.8357,90.7416,2521681.0,1.0,0.0
2020-04-08,91.231,94.741,90.6655,92.9404,44035165.0,1.0,0.0
2020-04-09,92.3671,92.8524,90.9295,90.9402,36385293.0,1.0,0.0
2020-04-13,88.2366,89.6507,87.9691,88.7241,19492792.0,1.0,0.0
2020-04-14,88.0219,88.6907,85.88,86.2204,36927263.0,1.0,0.0
2020-04-15,82.5859,84.355,81.7696,83.9261,37044525.0,1.0,0.0
2020-04-16,85.7407,86.213,84.0953,84.4565,49825907.0,1.0,0.0
2020-04-17,84.1746,86.7884,83.4598,85.8456,30358526.0,1.0,0.0
2020-04-20,84.0519,87.4932,83.8988,86.3598,6803406.0,1.0,0.0
2020-04-21,86.9303,86.9771,83.92,84.1949,49270334.0,1.0,0.0
2020-04-22,77.9926,78.2593,75.3369,76.1973,23862418.0,1.0,0.0
2020-04-23,74.4045,74.625,73.3042,74.003,37975805.0,1.0,0.0
2020-04-24,71.5881,73.7178,71.4953,73.1762,18165132.0,1.0,0.0
2020-04-27,71.8211,71.9048,70.9892,71.386,10085050.0,1.0,0.0
2020-04-28,73.6735,74.4831,70.9033,71.1803,28175383.0,1.0,0.0
2020-04-29,69.2513,69.8138,68.721,68.7949,24458743.0,1.0,0.0
2020-04-30,70.6854,71.9559,70.4057,71.7593,5416369.0,1.0,0.0
2020-05-01,72.2278,76.6342,71.6112,75.9691,21557700.0,1.0,0.0
2020-05-04,72.1225,72.6603,70.8146,71.9192,16464382.0,1.0,0.0
2020-05-05,68.5988,69.2366,67.2677,68.1857,44697681.0,1.0,0.0
2020-05-06,68.9308,69.7191,68.3008,68.9831,32501710.0,1.0,0.0
2020-05-07,68.9322,69.2408,67.9927,68.7887,8567501.0,1.0,0.0
2020-05-08,68.3127,68.6919,67.5214,67.9064,7301423.0,1.0,0.0
2020-05-11,74.1463,74.639,72.4714,72.6795,33315690.0,1.0,0.0
2020-05-12,75.245,75.9727,74.1711,74.6398,24366228.0,1.0,0.0
2020-05-13,74.0127,74.1627,73.1736,73.2938,49422108.0,1.0,0.0
2020-05-14,73.5765,74.0703,73.5345,73.6477,26004569.0,1.0,0.0
2020-05-15,74.1741,75.0973,71.2831,71.5235,27524122.0,1.0,0.0
2020-05-18,69.6859,72.7736,69.2656,72.3867,12866179.0,1.0,0.0
2020-05-19,72.2732,73.5795,71.948,73.5627,9563986.0,1.0,0.0
2020-05-20,67.8972,68.1431,66.3219,67.1163,3427661.0,1.0,0.0
2020-05-21,67.5014,67.5422,66.2092,66.8964,26997994.0,1.0,0.0
2020-05-22,65.1524,66.3779,65.1222,65.55,21623181.0,1.0,0.0
2020-05-26,67.7701,68.6439,66.1489,66.5976,19255303.0,1.0,0.0
2020-05-27,67.3756,68.7138,66.909,67.8508,40218669.0,1.0,0.0
2020-05-28,68.7648,68.8399,68.2576,68.8019,9865083.0,1.0,0.0
2020-05-29,63.5138,63.8971,63.3063,63.7826,46954726.0,1.0,0.0
2020-06-01,65.8209,65.9236,62.4586,63.944,13394463.0,1.0,0.0
2020-06-02,59.7435,60.0309,58.8955,59.1878,33053489.0,1.0,0.0
2020-06-03,58.5821,60.0974,58.1559,59.983,35408414.0,1.0,0.0
2020-06-04,61.4184,61.4397,58.9431,59.5487,14461884.0,1.0,0.0
2020-06-05,56.6913,56.8193,56.2621,56.5336,46323366.0,1.0,0.0
2020-06-08,54.7027,55.4984,54.523,55.1846,10614871.0,1.0,0.0
2020-06-09,56.214,56.2701,55.3615,55.9712,49131841.0,1.0,0.0
2020-06-10,55.0281,55.1341,53.8112,54.1302,24763756.0,1.0,0.0
2020-06-11,53.9032,54.9604,53.7747,54.0265,12674472.0,1.0,0.0
2020-06-12,54.422,55.8214,53.8639,55.5603,23896958.0,1.0,0.0
2020-06-15,54.4765,56.1586,53.7421,55.7129,41007519.0,1.0,0.0
2020-06-16,55.7817,56.3196,54.2063,54.4354,19815465.0,1.0,0.0
2020-06-17,57.6165,57.9112,57.0142,57.2043,6576424.0,1.0,0.0
2020-06-18,55.5805,57.6394,55.0865,56.7053,5092132.0,1.0,0.0
2020-06-19,54.9378,55.3912,54.0133,54.6616,17772137.0,1.0,0.0
2020-06-22,55.9082,56.0011,54.3525,55.4264,32163367.0,1.0,0.0
2020-06-23,55.4,55.7821,52.8601,53.0402,27782516.0,1.0,0.0
2020-06-24,54.6987,55.3324,54.2602,55.1521,9016386.0,1.0,0.0
2020-06-25,56.0975,56.5807,54.3786,54.4925,12977723.0,1.0,0.0
2020-06-26,54.8471,55.2004,53.5294,53.6167,35922505.0,1.0,0.0
2020-06-29,52.3794,52.4794,51.3416,51.346,34263262.0,1.0,0.0
2020-06-30,52.0107,52.3489,51.3144,51.6978,44266410.0,1.0,0.0
2020-07-01,49.2837,49.6677,47.9279,48.2698,49603430.0,1.0,0.0
2020-07-02,49.3352,50.4372,48.916,50.0222,4629138.0,1.0,0.0
2020-07-06,48.4287,49.9433,48.3809,49.8515,6396987.0,1.0,0.0
2020-07-07,50.5555,50.8473,48.9293,49.3005,33352549.0,1.0,0.0
2020-07-08,51.2648,51.7231,50.8814,50.9996,49618709.0,1.0,0.0
2020-07-09,49.915,50.4401,49.1682,49.2463,29209413.0,1.0,0.0
2020-07-10,48.9674,50.5524,48.7449,50.275,38672037.0,1.0,0.0
2020-07-13,50.3132,50.9899,49.6654,49.8664,16957086.0,1.0,0.0
2020-07-14,51.1525,51.3636,49.7179,50.1411,21600304.0,1.0,0.0
2020-07-15,48.9537,49.3414,47.9919,48.0586,42737544.0,1.0,0.0
2020-07-16,47.1414,47.2699,46.5575,46.7192,6433469.0,1.0,0.0
2020-07-17,47.589,48.9832,47.4797,48.8534,11159267.0,1.0,0.0
2020-07-20,47.7739,47.9476,47.3727,47.3873,8687209.0,1.0,0.0
2020-07-21,48.0085,48.5894,47.2039,47.4362,15902285.0,1.0,0.0
2020-07-22,48.022,49.7906,47.5489,49.4038,9342493.0,1.0,0.0
2020-07-23,49.7077,50.5334,49.3929,50.1791,34478101.0,1.0,0.0
2020-07-24,50.2007,50.3096,49.0343,49.4355,49335099.0,1.0,0.0
2020-07-27,48.9219,49.3443,48.5706,48.9219,11416476.0,1.0,0.0
2020-07-28,48.8131,49.2028,48.501,48.5056,38532385.0,1.0,0.0
2020-07-29,48.4872,49.5549,48.4756,49.1906,15124823.0,1.0,0.0
2020-07-30,49.3137,49.3369,47.9744,48.0419,31662234.0,1.0,0.0
2020-07-31,46.9109,47.0977,46.1125,46.1251,4704282.0,1.0,0.0
2020-08-03,47.2308,48.1855,47.0802,47.4978,31713394.0,1.0,0.0
2020-08-04,48.3381,48.6421,47.9361,48.5955,1377652.0,1.0,0.0
2020-08-05,48.8536,49.2228,48.6696,48.9492,48566285.0,1.0,0.0
2020-08-06,49.1485,49.758,47.7536,47.9499,15447591.0,1.0,0.0
2020-08-07,49.7311,50.091,49.603,49.8003,22882125.0,1.0,0.0
2020-08-10,49.9913,50.7931,49.4478,49.7561,39370140.0,1.0,0.0
2020-08-11,49.6961,49.8984,49.4319,49.7663,38060600.0,1.0,0.0
2020-08-12,50.3528,51.6013,49.7804,51.4287,13035859.0,1.0,0.0
2020-08-13,52.1186,52.5621,51.9515,52.377,34314463.0,1.0,0.0
2020-08-14,52.3264,53.1255,52.2428,53.0494,24919228.0,1.0,0.0
2020-08-17,52.1677,54.4392,51.7556,53.7428,19621019.0,1.0,0.0
2020-08-18,53.1922,54.9541,53.1012,54.9137,17409156.0,1.0,0.0
2020-08-19,55.5231,56.7962,54.3179,54.8204,11757372.0,1.0,0.0
2020-08-20,55.5293,55.9682,54.5426,55.2379,12986575.0,1.0,0.0
2020-08-21,55.9288,56.9254,55.5237,56.3772,9737608.0,1.0,0.0
2020-08-24,56.9283,58.4286,56.7329,58.3321,23082080.0,1.0,0.0
2020-08-25,58.2637,58.6706,56.6861,56.8894,25513261.0,1.0,0.0
2020-08-26,57.7672,58.3194,56.7553,57.1151,36180603.0,1.0,0.0
2020-08-27,56.8369,57.2807,55.691,55.9452,17795040.0,1.0,0.0
2020-08-28,55.7854,56.84,55.3842,56.7581,16441740.0,1.0,0.0
2020-08-31,57.3746,58.5649,56.9258,58.0298,23290776.0,1.0,0.0
2020-09-01,58.1027,60.404,57.2456,60.1981,33367213.0,1.0,0.0
2020-09-02,60.3852,60.4418,59.7971,60.2433,19272409.0,1.0,0.0
2020-09-03,60.7748,60.8097,59.6672,60.7279,5311547.0,1.0,0.0
2020-09-04,60.3119,60.9122,60.0418,60.9121,10859451.0,1.0,0.0
2020-09-08,60.6489,63.39,60.2538,63.1045,4209214.0,1.0,0.0
2020-09-09,63.3316,63.6955,61.631,61.9089,42823328.0,1.0,0.0
2020-09-10,62.134,62.9711,61.9853,62.4235,40926637.0,1.0,0.0
2020-09-11,64.0843,66.5851,63.7794,66.4353,27264540.0,1.0,0.0
2020-09-14,65.0369,65.6591,64.6983,65.1134,30198069.0,1.0,0.0
2020-09-15,66.3031,66.5464,64.5316,64.9606,13161510.0,1.0,0.0
2020-09-16,64.9667,65.88,64.5425,65.5048,19020608.0,1.0,0.0
2020-09-17,65.473,65.873,64.8676,65.6619,44009997.0,1.0,0.0
2020-09-18,65.2597,65.793,61.4484,62.4761,11062192.0,1.0,0.0
2020-09-21,61.6676,62.015,59.9706,60.1751,42864166.0,1.0,0.0
2020-09-22,59.663,59.786,58.6771,58.6773,43277353.0,1.0,0.0
2020-09-23,58.6501,58.7647,57.219,57.7229,37646534.0,1.0,0.0
2020-09-24,58.1624,58.8045,57.3099,57.5018,1873521.0,1.0,0.0
2020-09-25,58.1204,61.2057,57.8757,60.4844,37045969.0,1.0,0.0
2020-09-28,59.2632,59.9001,57.6687,57.8818,3123600.0,1.0,0.0
2020-09-29,58.1243,59.2161,58.055,59.0781,1701458.0,1.0,0.0
2020-09-30,59.3419,59.8838,59.0107,59.5782,38861871.0,1.0,0.0
2020-10-01,60.5633,62.7853,60.5604,62.7378,12454012.0,1.0,0.0
2020-10-02,62.4438,65.3695,61.6604,65.1988,34825134.0,1.0,0.0
2020-10-05,64.523,64.6467,62.682,62.8454,3127613.0,1.0,0.0
2020-10-06,62.8908,62.9151,60.9179,61.1793,26176788.0,1.0,0.0
2020-10-07,62.7371,62.7917,60.9076,61.3023,47169612.0,1.0,0.0
2020-10-08,59.7483,61.508,58.5873,61.3599,6897103.0,1.0,0.0
2020-10-09,61.3916,65.7456,60.0601,65.1686,3423473.0,1.0,0.0
2020-10-12,64.0468,66.7345,63.963,65.9102,32419369.0,1.0,0.0
2020-10-13,66.8485,68.167,66.5615,67.9443,33054150.0,1.0,0.0
2020-10-14,69.8267,70.2594,68.1222,69.5103,3191300.0,1.0,0.0
2020-10-15,69.1423,70.5254,67.5181,68.3549,26284200.0,1.0,0.0
2020-10-16,68.7506,69.1441,67.9989,68.3914,49584310.0,1.0,0.0
2020-10-19,69.0669,69.2402,67.0014,67.5506,18005164.0,1.0,0.0
2020-10-20,68.6112,70.0799,68.5401,70.0796,3622022.0,1.0,0.0
2020-10-21,69.7899,72.9588,69.4434,72.3831,1642455.0,1.0,0.0
2020-10-22,77.9744,78.2016,77.7674,77.9321,39414375.0,1.0,0.0
2020-10-23,76.8111,78.2487,76.7157,77.6106,7668303.0,1.0,0.0
2020-10-26,78.0833,78.2312,76.8858,77.3999,27963176.0,1.0,0.0
2020-10-27,77.514,79.6631,77.0585,79.5143,41329930.0,1.0,0.0
2020-10-28,79.1751,79.4626,75.7548,76.0189,40209900.0,1.0,0.0
2020-10-29,75.2416,75.8583,72.8336,73.5482,44280833.0,1.0,0.0
2020-10-30,73.4961,73.887,69.8956,70.5623,15517709.0,1.0,0.0
2020-11-02,72.8676,72.9867,71.8344,71.8539,33970163.0,1.0,0.0
2020-11-03,71.3335,74.0173,70.9544,72.4156,12792626.0,1.0,0.0
2020-11-04,72.2697,72.4936,71.5953,71.8229,49908207.0,1.0,0.0
2020-11-05,72.4403,72.8975,71.9037,72.2115,38110879.0,1.0,0.0
2020-11-06,71.62,72.1581,71.5628,72.0215,7160210.0,1.0,0.0
2020-11-09,69.1363,69.59,67.5338,68.0841,7171758.0,1.0,0.0
2020-11-10,69.1522,69.4728,67.6791,67.961,21879538.0,1.0,0.0
2020-11-11,69.5922,69.7591,68.6079,69.1033,25611775.0,1.0,0.0
2020-11-12,69.119,70.7379,68.5039,70.4681,38261129.0,1.0,0.0
2020-11-13,70.43,70.8534,69.5753,70.7633,4492256.0,1.0,0.0
2020-11-16,70.3781,71.1559,68.7535,69.0104,42145551.0,1.0,0.0
2020-11-17,67.6802,70.0274,67.6063,69.2981,37578550.0,1.0,0.0
2020-11-18,69.0465,70.1019,68.4822,70.0604,11228573.0,1.0,0.0
2020-11-19,69.8427,70.2611,68.57,68.8471,43454144.0,1.0,0.0
2020-11-20,67.1172,67.3659,65.978,66.049,2364787.0,1.0,0.0
2020-11-23,66.6823,66.9244,64.1148,64.7205,26509973.0,1.0,0.0
2020-11-24,62.9377,66.3249,61.7756,65.6934,27713778.0,1.0,0.0
2020-11-25,66.2586,68.5196,65.3842,68.3583,34532149.0,1.0,0.0
2020-11-27,68.1203,69.338,66.9338,67.7715,44939463.0,1.0,0.0
2020-11-30,66.9268,67.154,65.2544,65.6471,24277378.0,1.0,0.0
2020-12-01,67.5835,67.8724,66.0183,66.2015,37970609.0,1.0,0.0
2020-12-02,66.0762,66.3589,64.3947,64.852,35516352.0,1.0,0.0
2020-12-03,65.1238,65.3599,63.4635,63.671,22819206.0,1.0,0.0
2020-12-04,64.3858,65.9545,63.6871,65.1384,47544594.0,1.0,0.0
2020-12-07,69.5282,70.0252,69.1652,69.8196,36489277.0,1.0,0.0
2020-12-08,68.4368,68.8209,68.0752,68.3725,14570041.0,1.0,0.0
2020-12-09,67.1,67.3921,64.838,65.2197,23750044.0,1.0,0.0
2020-12-10,64.6204,64.6412,63.8633,64.5934,34071525.0,1.0,0.0
2020-12-11,63.6512,63.7076,62.148,62.4115,11742549.0,1.0,0.0
2020-12-14,60.598,60.7361,58.0004,58.7153,26040150.0,1.0,0.0
2020-12-15,59.2875,59.4663,57.7525,57.8295,6051617.0,1.0,0.0
2020-12-16,57.3904,57.9093,56.381,56.9304,43932801.0,1.0,0.0
2020-12-17,57.5553,59.2906,57.1453,59.2708,39034413.0,1.0,0.0
2020-12-18,60.8179,61.0094,59.2024,59.9878,5783475.0,1.0,0.0
2020-12-21,60.2648,61.9627,60.1319,61.7433,44890359.0,1.0,0.0
2020-12-22,59.6485,62.2366,59.3707,62.0325,23124401.0,1.0,0.0
2020-12-23,60.5309,60.5843,59.9268,60.5684,2740207.0,1.0,0.0
2020-12-24,60.2404,61.7289,59.9836,61.6577,16410035.0,1.0,0.0
2020-12-28,62.4523,63.2382,60.9416,60.9603,38434789.0,1.0,0.0
2020-12-29,59.6198,61.296,59.3788,61.1374,2952804.0,1.0,0.0
2020-12-30,62.1446,64.0393,62.036,63.7037,14867234.0,1.0,0.0
2020-12-31,64.0088,65.5787,63.3601,64.7729,23164222.0,1.0,0.0
2021-01-04,65.1689,65.1717,63.1976,63.7686,40386729.0,1.0,0.0
2021-01-05,62.6607,63.1402,62.5762,62.9788,17964355.0,1.0,0.0
2021-01-06,64.1994,64.5531,63.8221,64.3025,3107922.0,1.0,0.0
2021-01-07,64.8778,65.173,63.1136,64.0136,20793087.0,1.0,0.0
2021-01-08,63.9159,65.0656,60.8881,60.9843,20953507.0,1.0,0.0
2021-01-11,60.8679,61.7322,60.2994,61.471,18025207.0,1.0,0.0
2021-01-12,61.0922,62.6001,60.8152,62.4299,25994936.0,1.0,0.0
2021-01-13,63.2687,63.7592,59.9161,60.2651,17807084.0,1.0,0.0
2021-01-14,60.8233,61.9854,60.4958,61.4396,1199365.0,1.0,0.0
2021-01-15,61.3221,61.6373,59.8262,59.9114,4272468.0,1.0,0.0
2021-01-19,58.7264,58.8769,56.861,57.6548,16874517.0,1.0,0.0
2021-01-20,57.6991,60.535,57.6986,60.2484,39759464.0,1.0,0.0
2021-01-21,59.5578,60.1062,59.1694,59.8891,36658363.0,1.0,0.0
2021-01-22,59.2375,60.1004,59.0613,59.1062,18211525.0,1.0,0.0
2021-01-25,57.3945,57.7071,57.2129,57.6953,30214793.0,1.0,0.0
2021-01-26,59.7154,59.7258,58.1081,58.1545,25370069.0,1.0,0.0
2021-01-27,58.6189,60.5606,57.9754,59.8996,10258525.0,1.0,0.0
2021-01-28,58.3826,59.0203,57.6883,57.7059,16934623.0,1.0,0.0
2021-01-29,56.9297,56.9793,56.3356,56.821,18864466.0,1.0,0.0
2021-02-01,58.2249,58.2747,57.8365,58.2542,9657544.0,1.0,0.0
2021-02-02,58.3145,58.6585,57.5546,57.8745,40114503.0,1.0,0.0
2021-02-03,57.0468,57.4947,54.2307,55.0967,8338332.0,1.0,0.0
2021-02-04,54.6482,54.9107,54.2365,54.8579,1735351.0,1.0,0.0
2021-02-05,53.5259,54.0343,52.71,53.6803,22428023.0,1.0,0.0
2021-02-08,55.2683,56.304,54.1644,55.8028,12403716.0,1.0,0.0
2021-02-09,56.5465,57.8711,55.8277,57.0636,31829607.0,1.0,0.0
2021-02-10,55.2591,55.4997,53.7345,53.763,13801650.0,1.0,0.0
2021-02-11,53.6057,53.9255,51.9033,53.4913,43155301.0,1.0,0.0
2021-02-12,53.8733,54.4776,52.0712,52.9601,16160262.0,1.0,0.0
2021-02-16,52.9568,53.6407,52.902,53.4129,16415024.0,1.0,0.0
2021-02-17,54.9912,55.7747,54.2238,54.7651,46750760.0,1.0,0.0
2021-02-18,53.4364,54.3053,53.3754,53.8144,43412937.0,1.0,0.0
2021-02-19,53.8587,56.716,53.8359,55.6373,40469842.0,1.0,0.0
2021-02-22,53.462,53.7973,53.3262,53.3413,10284689.0,1.0,0.0
2021-02-23,54.3046,54.7822,52.0685,52.3711,25713679.0,1.0,0.0
2021-02-24,54.196,55.0387,54.0912,54.868,46447847.0,1.0,0.0
2021-02-25,55.306,56.1978,54.8608,55.8637,32336302.0,1.0,0.0
2021-02-26,54.6243,57.6033,53.8324,57.5233,32645930.0,1.0,0.0
2021-03-01,57.2397,58.5589,56.8015,58.0044,31243131.0,1.0,0.0
2021-03-02,57.5238,58.2993,56.8515,57.1202,49932053.0,1.0,0.0
2021-03-03,56.8128,57.8259,56.7446,57.715,38049786.0,1.0,0.0
2021-03-04,57.8735,58.9846,57.7593,58.7099,34797390.0,1.0,0.0
2021-03-05,58.4537,58.9787,57.6437,58.0576,14006343.0,1.0,0.0
2021-03-08,57.8028,57.8472,56.6584,57.4979,45979977.0,1.0,0.0
2021-03-09,57.6749,59.7652,57.3377,59.4185,44638712.0,1.0,0.0
2021-03-10,58.7704,60.7785,58.4899,60.4384,17262012.0,1.0,0.0
2021-03-11,59.6055,61.6318,59.4988,61.6129,44839404.0,1.0,0.0
2021-03-12,62.0582,63.8804,61.3832,63.6678,18057717.0,1.0,0.0
2021-03-15,64.1762,64.1998,63.4638,63.4768,46705221.0,1.0,0.0
2021-03-16,65.5297,67.418,64.6333,67.2925,47073464.0,1.0,0.0
2021-03-17,70.2993,71.8726,70.2375,71.3206,35356998.0,1.0,0.0
2021-03-18,73.0071,73.6398,71.1122,71.5794,7537212.0,1.0,0.0
2021-03-19,71.4312,72.2376,71.1857,72.1717,21164745.0,1.0,0.0
2021-03-22,73.7056,75.6539,73.3388,75.1363,6089667.0,1.0,0.0
2021-03-23,75.5746,75.6864,72.9098,73.171,44190059.0,1.0,0.0
2021-03-24,72.2114,73.0484,70.3958,71.0089,29962845.0,1.0,0.0
2021-03-25,72.7242,73.9564,72.2478,73.5628,46335519.0,1.0,0.0
2021-03-26,72.6596,73.5403,72.5783,73.1417,19241741.0,1.0,0.0
2021-03-29,73.07,73.3572,71.4122,71.7193,25850207.0,1.0,0.0
2021-03-30,72.6171,73.3665,72.1498,72.6185,2122917.0,1.0,0.0
2021-03-31,75.5708,79.4695,75.4807,79.0137,38339013.0,1.0,0.0
2021-04-01,77.3317,77.9229,72.7933,74.0203,39519300.0,1.0,0.0
2021-04-05,74.5758,75.9586,71.2855,71.8699,14388766.0,1.0,0.0
2021-04-06,73.2539,74.1274,70.695,71.2102,29332404.0,1.0,0.0
2021-04-07,71.6333,76.2629,70.8849,76.2298,27335069.0,1.0,0.0
2021-04-08,77.598,78.4628,77.218,77.7837,8305763.0,1.0,0.0
2021-04-09,77.4084,79.5407,76.3116,78.7487,39131336.0,1.0,0.0
2021-04-12,81.6291,82.328,81.1702,81.9425,7777958.0,1.0,0.0
2021-04-13,79.3653,80.6191,78.4508,80.4858,23355239.0,1.0,0.0
2021-04-14,80.6134,83.8937,80.0579,83.4038,10984775.0,1.0,0.0
2021-04-15,82.41,82.7988,79.6425,80.0641,26943951.0,1.0,0.0
2021-04-16,83.5788,84.2646,81.3375,82.1905,9817034.0,1.0,0.0
2021-04-19,81.5177,81.5631,78.8709,79.233,48040680.0,1.0,0.0
2021-04-20,78.3651,79.8794,76.8603,77.6061,33443156.0,1.0,0.0
2021-04-21,79.3155,82.7317,78.5076,82.0466,27419369.0,1.0,0.0
2021-04-22,83.5808,84.1988,80.9083,82.0898,49868203.0,1.0,0.0
2021-04-23,83.3881,85.8839,82.5192,84.6898,36766743.0,1.0,0.0
2021-04-26,84.1324,85.0835,83.9922,84.7132,24826547.0,1.0,0.0
2021-04-27,84.5325,85.1479,83.2216,84.0649,46461770.0,1.0,0.0
2021-04-28,83.549,83.9138,82.3725,82.8932,40467836.0,1.0,0.0
2021-04-29,84.6358,85.2353,81.9966,83.2028,7115346.0,1.0,0.0
2021-04-30,81.63,86.3027,80.6625,85.1621,17479114.0,1.0,0.0
2021-05-03,87.3037,88.3719,83.1257,83.5784,31282937.0,1.0,0.0
2021-05-04,83.6357,86.2944,83.0225,85.8761,1428121.0,1.0,0.0
2021-05-05,84.6218,85.3687,82.3703,83.2632,43456788.0,1.0,0.0
2021-05-06,84.2984,87.6091,83.2225,87.0538,4604481.0,1.0,0.0
2021-05-07,87.0281,87.4755,85.3921,85.5102,14979576.0,1.0,0.0
2021-05-10,89.2783,90.1262,89.2212,89.7309,16288504.0,1.0,0.0
2021-05-11,89.4749,90.1052,87.4075,88.0638,23023180.0,1.0,0.0
2021-05-12,92.2811,92.609,91.648,92.3631,28791317.0,1.0,0.0
2021-05-13,91.6501,91.7714,88.699,89.3381,46210050.0,1.0,0.0
2021-05-14,90.171,90.7998,87.9031,88.3472,38091532.0,1.0,0.0
2021-05-17,91.6329,94.1792,91.3506,94.1446,16581486.0,1.0,0.0
2021-05-18,95.2852,95.496,93.9017,94.7883,37114983.0,1.0,0.0
2021-05-19,94.6381,95.38,93.0438,94.126,24153151.0,1.0,0.0
2021-05-20,94.6277,95.6481,94.0018,95.2306,17986075.0,1.0,0.0
2021-05-21,93.0363,93.4409,92.0651,93.1964,31553755.0,1.0,0.0
2021-05-24,91.3525,92.3468,91.2742,92.1938,38664046.0,1.0,0.0
2021-05-25,95.0431,97.7969,94.885,97.3021,39159050.0,1.0,0.0
2021-05-26,101.1011,105.9132,100.9131,105.2749,37815919.0,1.0,0.0
2021-05-27,100.0259,100.0907,98.3247,98.7527,3528404.0,1.0,0.0
2021-05-28,100.5248,100.7967,98.3218,99.1642,37131773.0,1.0,0.0
2021-06-01,96.9128,98.3836,95.9501,96.6265,2784379.0,1.0,0.0
2021-06-02,96.2398,101.6754,94.4509,99.8706,27365375.0,1.0,0.0
2021-06-03,96.5035,96.7326,96.1595,96.3353,45574490.0,1.0,0.0
2021-06-04,98.0018,98.8293,97.4236,97.7021,40291239.0,1.0,0.0
2021-06-07,96.9735,97.3362,91.5245,92.4963,19356407.0,1.0,0.0
2021-06-08,93.2228,94.2911,93.1386,94.1534,19167057.0,1.0,0.0
2021-06-09,91.7673,92.1739,91.2921,91.8829,20868993.0,1.0,0.0
2021-06-10,91.1449,92.7179,90.1369,91.7025,14591289.0,1.0,0.0
2021-06-11,93.0234,94.7171,91.3618,93.9994,3533921.0,1.0,0.0
2021-06-14,96.9075,100.1468,96.7169,99.4572,12527539.0,1.0,0.0
2021-06-15,99.0899,99.4775,98.6039,98.8381,43458633.0,1.0,0.0
2021-06-16,97.7492,101.8298,97.0649,101.4009,14269019.0,1.0,0.0
2021-06-17,104.3827,104.8514,101.2273,102.1951,34881956.0,1.0,0.0
2021-06-18,103.5257,106.856,103.2118,106.3188,25515716.0,1.0,0.0
2021-06-21,107.0676,107.8006,105.1066,106.8836,49782423.0,1.0,0.0
2021-06-22,107.8006,108.3476,107.6868,108.0743,8824926.0,1.0,0.0
2021-06-23,105.2646,105.475,104.8752,105.4101,44593150.0,1.0,0.0
2021-06-24,99.6902,102.4208,99.0593,102.0279,38772837.0,1.0,0.0
2021-06-25,103.6768,105.5784,103.6693,105.3819,13717601.0,1.0,0.0
2021-06-28,103.9165,104.1383,101.7596,101.7646,13861947.0,1.0,0.0
2021-06-29,100.9751,101.8816,98.7786,99.3192,16862312.0,1.0,0.0
2021-06-30,101.2583,102.5367,100.8206,101.096,42937812.0,1.0,0.0
2021-07-01,100.8329,102.9116,100.6622,102.1542,3566722.0,1.0,0.0
2021-07-02,103.1059,105.6135,102.2623,105.4799,24773113.0,1.0,0.0
2021-07-06,105.6046,106.5654,105.3695,106.3736,11138551.0,1.0,0.0
2021-07-07,106.8086,109.6118,106.6545,107.4065,6439349.0,1.0,0.0
2021-07-08,107.844,108.8193,106.7213,106.7598,32522637.0,1.0,0.0
2021-07-09,104.014,104.7971,103.3714,104.5505,9445418.0,1.0,0.0
2021-07-12,100.8236,101.1773,97.6103,97.6316,18238399.0,1.0,0.0
2021-07-13,98.2402,98.2637,94.7321,95.2244,42378727.0,1.0,0.0
2021-07-14,94.8102,96.2896,93.8467,95.8221,47672840.0,1.0,0.0
2021-07-15,95.8298,97.0668,95.18,96.0121,44937486.0,1.0,0.0
2021-07-16,95.6724,98.4947,95.6532,97.4331,16664074.0,1.0,0.0
2021-07-19,99.8306,101.0339,98.184,98.7101,1316676.0,1.0,0.0
2021-07-20,100.0146,101.0588,99.4761,100.8804,16457446.0,1.0,0.0
2021-07-21,100.0236,100.2827,99.4729,99.5987,4321263.0,1.0,0.0
2021-07-22,100.6756,101.5208,98.46,99.2434,31543273.0,1.0,0.0
2021-07-23,98.6303,100.4445,98.4511,99.2686,11884070.0,1.0,0.0
2021-07-26,99.1791,100.7044,94.0858,95.7855,17350149.0,1.0,0.0
2021-07-27,94.5913,99.1408,94.3735,98.7307,49780433.0,1.0,0.0
2021-07-28,98.0009,99.1984,97.5253,97.6463,42755697.0,1.0,0.0
2021-07-29,96.8854,98.7485,96.6507,97.5903,14525960.0,1.0,0.0
2021-07-30,95.7848,96.1551,93.0568,94.6131,1623615.0,1.0,0.0
2021-08-02,99.4881,100.8038,98.809,99.1399,44974927.0,1.0,0.0
2021-08-03,100.9435,100.954,99.1687,99.2948,10835685.0,1.0,0.0
2021-08-04,95.458,100.3737,94.6631,99.6181,24875208.0,1.0,0.0
2021-08-05,101.2325,103.7886,101.0728,102.4127,45122640.0,1.0,0.0
2021-08-06,100.7392,102.534,99.3214,99.5998,49117346.0,1.0,0.0
2021-08-09,102.3434,102.5112,99.0991,100.0527,28940068.0,1.0,0.0
2021-08-10,97.9399,104.3121,97.1617,103.0467,46010147.0,1.0,0.0
2021-08-11,104.7314,107.2094,104.3073,106.7996,29948128.0,1.0,0.0
2021-08-12,107.3676,107.9611,106.663,107.1335,8481760.0,1.0,0.0
2021-08-13,107.288,109.6092,106.6167,108.4158,42627001.0,1.0,0.0
2021-08-16,109.8911,110.2749,108.3659,108.7812,4884578.0,1.0,0.0
2021-08-17,110.566,117.7035,110.1223,114.8609,2359843.0,1.0,0.0
2021-08-18,112.0758,113.4135,111.7389,111.9395,11563402.0,1.0,0.0
2021-08-19,112.6496,113.4813,110.3302,111.6641,23416617.0,1.0,0.0
2021-08-20,116.0029,117.1765,113.8354,114.0261,47058101.0,1.0,0.0
2021-08-23,117.6397,117.7599,111.4847,111.7073,21734810.0,1.0,0.0
2021-08-24,119.5687,120.3487,119.5623,120.1277,2986201.0,1.0,0.0
2021-08-25,121.4451,124.2297,121.2533,123.739,8350614.0,1.0,0.0
2021-08-26,125.0967,126.3237,122.4413,123.9483,15063768.0,1.0,0.0
2021-08-27,127.0833,137.0491,126.4858,135.9793,26268411.0,1.0,0.0
2021-08-30,127.8516,128.7178,125.6348,125.8673,41004350.0,1.0,0.0
2021-08-31,125.8017,128.567,125.0603,127.3533,11139193.0,1.0,0.0
2021-09-01,129.7063,130.5973,128.6206,130.5937,33884586.0,1.0,0.0
2021-09-02,132.4884,133.4581,125.6313,126.9256,16938596.0,1.0,0.0
2021-09-03,127.2482,129.44,123.3754,124.0959,18830449.0,1.0,0.0
2021-09-07,129.2699,132.2011,129.1914,129.2874,38792376.0,1.0,0.0
2021-09-08,128.4659,130.5893,128.3984,130.134,11482385.0,1.0,0.0
2021-09-09,132.1357,136.1525,131.878,135.5235,42011229.0,1.0,0.0
2021-09-10,132.4614,132.6591,129.2405,129.5973,30057104.0,1.0,0.0
2021-09-13,129.0753,129.1248,125.2493,126.1171,36514243.0,1.0,0.0
2021-09-14,122.1422,122.4112,118.8951,119.4797,23571520.0,1.0,0.0
2021-09-15,120.111,123.4389,118.6259,122.9524,49509515.0,1.0,0.0
2021-09-16,125.3688,126.8897,123.8798,125.4046,47009289.0,1.0,0.0
2021-09-17,124.2462,125.9945,116.0921,118.6251,49561519.0,1.0,0.0
2021-09-20,119.833,123.3536,118.7898,122.3807,22713749.0,1.0,0.0
2021-09-21,124.1897,124.9558,122.6684,122.9392,46869484.0,1.0,0.0
2021-09-22,119.565,125.1184,118.3328,124.3873,17985241.0,1.0,0.0
2021-09-23,119.1754,120.0994,118.2065,119.9563,43733057.0,1.0,0.0
2021-09-24,127.5253,128.2248,122.1817,122.7888,42318921.0,1.0,0.0
2021-09-27,118.0985,122.3393,117.4376,121.0893,1742124.0,1.0,0.0
2021-09-28,133.4781,133.5491,131.6548,132.3766,3141203.0,1.0,0.0
2021-09-29,139.0236,139.2367,136.6895,138.402,46628782.0,1.0,0.0
2021-09-30,137.2335,141.0411,136.6188,139.9957,46273542.0,1.0,0.0
2021-10-01,152.1042,152.3217,148.0637,148.2725,26769814.0,1.0,0.0
2021-10-04,148.5329,149.1538,147.6749,147.9154,33539510.0,1.0,0.0
2021-10-05,154.798,155.6317,151.2608,152.1233,17705618.0,1.0,0.0
2021-10-06,159.7641,160.6187,157.3436,159.7135,31747509.0,1.0,0.0
2021-10-07,166.6129,171.612,166.189,170.1432,26871815.0,1.0,0.0
2021-10-08,169.1541,170.0576,166.7543,167.5947,19123937.0,1.0,0.0
2021-10-11,169.8665,170.9412,167.0635,168.71,49125654.0,1.0,0.0
2021-10-12,173.1396,173.4903,171.3945,172.5672,3721162.0,1.0,0.0
2021-10-13,179.9788,181.0958,178.0234,178.7089,38776370.0,1.0,0.0
2021-10-14,177.4815,189.4125,175.9861,187.2972,32420626.0,1.0,0.0
2021-10-15,190.0713,191.2048,188.8628,190.5687,23473830.0,1.0,0.0
2021-10-18,177.6602,178.2364,170.6524,171.3032,43545097.0,1.0,0.0
2021-10-19,176.9463,177.5509,174.7543,175.7029,15324166.0,1.0,0.0
2021-10-20,174.9909,177.8572,174.5908,177.1939,15878051.0,1.0,0.0
2021-10-21,179.7323,180.1962,174.1701,174.4669,24709988.0,1.0,0.0
2021-10-22,192.8733,193.1205,190.5946,192.2435,3486392.0,1.0,0.0
2021-10-25,179.4721,179.6176,178.2229,178.6949,42180160.0,1.0,0.0
2021-10-26,178.3864,180.9452,172.528,172.9597,29678872.0,1.0,0.0
2021-10-27,167.0473,170.6638,167.0332,169.1586,10118795.0,1.0,0.0
2021-10-28,171.7561,177.6465,171.2066,175.2049,27853381.0,1.0,0.0
2021-10-29,184.9972,191.1721,183.4092,190.0922,33965603.0,1.0,0.0
2021-11-01,170.6414,173.8686,166.9153,169.2623,7246974.0,1.0,0.0
2021-11-02,164.7394,168.4467,162.838,163.3458,26996221.0,1.0,0.0
2021-11-03,167.681,168.2963,163.2453,163.2659,48619462.0,1.0,0.0
2021-11-04,154.4473,155.6071,154.089,155.0362,10724228.0,1.0,0.0
2021-11-05,154.9163,156.7369,154.0575,155.782,35992747.0,1.0,0.0
2021-11-08,169.8338,173.5807,169.6495,171.8173,45405838.0,1.0,0.0
2021-11-09,170.7964,171.264,170.3019,170.4085,23176137.0,1.0,0.0
2021-11-10,177.8729,178.3206,171.8838,173.1524,19947689.0,1.0,0.0
2021-11-11,190.3135,193.3259,184.2507,184.647,1994973.0,1.0,0.0
2021-11-12,180.415,181.2739,178.1229,179.3006,40935193.0,1.0,0.0
2021-11-15,194.6211,195.6083,190.6896,193.2912,42512219.0,1.0,0.0
2021-11-16,176.0599,176.289,171.2973,171.5339,31154783.0,1.0,0.0
2021-11-17,178.5878,183.804,177.4201,183.4782,46059346.0,1.0,0.0
2021-11-18,176.1257,176.3856,168.4772,169.8924,36349589.0,1.0,0.0
2021-11-19,173.8863,180.809,171.9752,177.0351,38279926.0,1.0,0.0
2021-11-22,172.1408,176.7075,170.6653,174.3219,1000634.0,1.0,0.0
2021-11-23,161.0049,161.2722,154.3533,156.5488,19756658.0,1.0,0.0
2021-11-24,161.2184,163.1586,160.1196,161.1191,11673472.0,1.0,0.0
2021-11-26,163.6878,168.7911,162.8219,167.8133,37665598.0,1.0,0.0
2021-11-29,163.0784,163.8548,162.4997,162.8575,1166743.0,1.0,0.0
2021-11-30,167.242,173.6844,166.4766,172.8794,2720891.0,1.0,0.0
2021-12-01,186.6728,190.0742,186.3942,188.6655,25668843.0,1.0,0.0
2021-12-02,192.6834,194.9619,191.4225,193.4565,5227450.0,1.0,0.0
2021-12-03,192.0052,192.3213,187.1355,188.238,35842584.0,1.0,0.0
2021-12-06,184.0426,185.6566,176.0533,177.9975,41491541.0,1.0,0.0
2021-12-07,185.8943,186.061,184.4517,185.3166,23617835.0,1.0,0.0
2021-12-08,187.9032,187.9744,186.5978,187.514,49328688.0,1.0,0.0
2021-12-09,191.703,193.0031,190.5622,192.2577,9331132.0,1.0,0.0
2021-12-10,187.4586,189.055,185.1352,188.1548,24566277.0,1.0,0.0
2021-12-13,193.9296,195.1009,190.0709,190.3984,19557088.0,1.0,0.0
2021-12-14,184.2289,184.7341,182.6492,182.6765,3224006.0,1.0,0.0
2021-12-15,178.9083,180.2655,177.4955,178.1069,49844235.0,1.0,0.0
2021-12-16,180.0958,180.1314,178.9113,179.5149,20874999.0,1.0,0.0
2021-12-17,169.5701,176.4369,167.8985,173.6219,13287257.0,1.0,0.0
2021-12-20,175.18,177.1643,174.0557,174.2181,47371675.0,1.0,0.0
2021-12-21,174.4371,174.56,164.2739,164.6151,35836742.0,1.0,0.0
2021-12-22,164.2892,165.1036,164.2823,164.4884,35796840.0,1.0,0.0
2021-12-23,159.6556,163.7235,159.398,162.2979,49417526.0,1.0,0.0
2021-12-27,162.1836,162.1913,154.5303,154.7376,24445543.0,1.0,0.0
2021-12-28,152.8084,154.0003,148.0489,150.2854,34877014.0,1.0,0.0
2021-12-29,107.03,108.0228,106.0552,107.7488,22200782.0,1.0,0.0
2021-12-30,101.7922,103.7197,100.5691,103.1063,2790757.0,1.0,0.0
2021-12-31,113.4521,116.0407,111.9273,115.1133,21682770.0,1.0,0.0
2022-01-03,111.5114,114.3691,111.2261,113.8343,46386792.0,1.0,0.0
2022-01-04,119.4969,121.4851,119.3519,119.3666,1357227.0,1.0,0.0
2022-01-05,124.3508,124.8217,119.7352,120.761,36369667.0,1.0,0.0
2022-01-06,128.2254,129.5202,122.9227,124.609,15106935.0,1.0,0.0
2022-01-07,130.5335,133.1851,127.6006,130.3978,36049105.0,1.0,0.0
2022-01-10,145.0695,146.4271,139.617,140.7571,37831369.0,1.0,0.0
2022-01-11,144.7783,148.2171,143.9856,147.6923,46816213.0,1.0,0.0
2022-01-12,151.9939,152.5597,151.7915,152.4579,38307277.0,1.0,0.0
2022-01-13,146.2518,146.719,144.6859,144.8992,26549757.0,1.0,0.0
2022-01-14,145.3487,146.7864,144.5397,144.5712,6254797.0,1.0,0.0
2022-01-18,139.2036,142.9042,139.0395,141.7221,19502083.0,1.0,0.0
2022-01-19,137.0329,139.9731,136.8199,139.0656,7925934.0,1.0,0.0
2022-01-20,139.8425,139.9501,135.2306,135.4064,20417843.0,1.0,0.0
2022-01-21,128.0298,128.3426,123.7112,124.4978,31742823.0,1.0,0.0
2022-01-24,121.3858,122.913,120.7192,122.4062,20565248.0,1.0,0.0
2022-01-25,113.5273,114.0751,111.9708,113.3469,13366188.0,1.0,0.0
2022-01-26,110.8933,115.4096,110.5515,114.3136,40090380.0,1.0,0.0
2022-01-27,120.7407,123.3079,119.9556,122.6099,40812364.0,1.0,0.0
2022-01-28,114.947,117.6126,114.1387,116.5038,46111895.0,1.0,0.0
2022-01-31,118.4859,121.7685,117.5377,121.4194,10833250.0,1.0,0.0
2022-02-01,130.0935,134.5622,128.7993,132.624,37921459.0,1.0,0.0
2022-02-02,133.6056,134.7626,127.4777,128.128,42337302.0,1.0,0.0
2022-02-03,125.9019,126.8107,121.7243,123.1794,37040858.0,1.0,0.0
2022-02-04,125.1556,128.5144,124.5706,128.4307,7830692.0,1.0,0.0
2022-02-07,123.7589,125.7593,121.3217,121.3619,46817612.0,1.0,0.0
2022-02-08,114.7358,114.7914,112.8258,114.2864,5184754.0,1.0,0.0
2022-02-09,115.6398,115.756,114.4569,114.6096,48412851.0,1.0,0.0
2022-02-10,106.4812,107.1852,103.9348,105.0084,3728317.0,1.0,0.0
2022-02-11,106.529,110.0014,105.8914,109.2788,35610201.0,1.0,0.0
2022-02-14,111.7046,113.2128,110.6656,112.8602,22473641.0,1.0,0.0
2022-02-15,111.5176,112.5919,111.4278,111.4569,17524785.0,1.0,0.0
2022-02-16,111.4792,111.7621,109.5799,110.0967,28792804.0,1.0,0.0
2022-02-17,111.2886,113.2197,111.2648,112.7954,31983676.0,1.0,0.0
2022-02-18,113.0625,119.0246,113.0431,117.944,17147018.0,1.0,0.0
2022-02-22,119.2801,119.6287,119.2351,119.4354,14616101.0,1.0,0.0
2022-02-23,118.5293,119.3019,117.6,118.1513,29814202.0,1.0,0.0
2022-02-24,122.4746,123.4983,117.5898,118.0754,45812688.0,1.0,0.0
2022-02-25,122.3146,123.9498,121.4117,123.5609,35488367.0,1.0,0.0
2022-02-28,130.1839,130.9688,126.2253,126.2692,28207641.0,1.0,0.0
2022-03-01,128.0675,129.5103,125.4518,126.5343,42396623.0,1.0,0.0
2022-03-02,126.9687,130.6167,126.7429,128.544,3420522.0,1.0,0.0
2022-03-03,133.2473,136.3375,131.661,135.2328,25284210.0,1.0,0.0
2022-03-04,135.11,137.0754,135.0488,136.8731,38173723.0,1.0,0.0
2022-03-07,134.2479,135.0849,130.3684,131.0057,6893479.0,1.0,0.0
2022-03-08,135.9663,142.0982,135.5073,140.6748,12440169.0,1.0,0.0
2022-03-09,139.299,142.0878,136.767,137.1954,39916067.0,1.0,0.0
2022-03-10,137.4368,137.9922,137.0862,137.8504,47238956.0,1.0,0.0
2022-03-11,140.4612,141.7147,134.3245,134.8002,21469166.0,1.0,0.0
2022-03-14,135.786,136.4158,135.7282,136.2213,22444922.0,1.0,0.0
2022-03-15,129.0143,133.1013,128.0727,131.4322,8147416.0,1.0,0.0
2022-03-16,132.4696,133.4947,130.2602,130.5626,48692557.0,1.0,0.0
2022-03-17,128.3701,128.5639,126.09,127.0804,32069949.0,1.0,0.0
2022-03-18,129.2504,131.2833,128.1319,130.6553,18423394.0,1.0,0.0
2022-03-21,133.893,134.2879,130.3035,130.5139,18665497.0,1.0,0.0
2022-03-22,121.7361,124.8466,121.6312,123.1735,26071627.0,1.0,0.0
2022-03-23,125.7865,126.6049,119.8146,119.9144,1850481.0,1.0,0.0
2022-03-24,122.4086,123.6916,120.8717,121.8787,32739858.0,1.0,0.0
2022-03-25,120.7644,121.7806,116.7181,118.067,32492208.0,1.0,0.0
2022-03-28,123.3246,123.6269,118.2812,118.4478,9459602.0,1.0,0.0
2022-03-29,116.7742,116.8841,115.1232,115.8097,48171279.0,1.0,0.0
2022-03-30,109.5545,110.7997,107.4863,108.3933,40484937.0,1.0,0.0
2022-03-31,103.7374,104.5997,103.4761,104.2871,32887883.0,1.0,0.0
2022-04-01,101.5689,102.054,98.2255,98.7077,15056624.0,1.0,0.0
2022-04-04,100.7184,101.2543,100.3588,101.0452,8623372.0,1.0,0.0
2022-04-05,101.2077,101.833,100.9852,101.415,11152861.0,1.0,0.0
2022-04-06,99.2579,100.2943,97.7642,98.5331,8314485.0,1.0,0.0
2022-04-07,104.2158,107.3164,104.0244,106.4893,27724625.0,1.0,0.0
2022-04-08,112.5612,113.1095,108.883,110.2329,43908365.0,1.0,0.0
2022-04-11,109.643,110.3173,106.5057,107.8494,26212188.0,1.0,0.0
2022-04-12,105.8479,107.1672,104.1499,104.5169,22911204.0,1.0,0.0
2022-04-13,108.5351,108.916,108.3522,108.3799,23204373.0,1.0,0.0
2022-04-14,108.6445,109.9496,107.95,108.7765,13734339.0,1.0,0.0
2022-04-18,108.0004,110.1773,107.5476,108.4716,36889907.0,1.0,0.0
2022-04-19,111.1699,111.2653,108.9411,109.4627,37402826.0,1.0,0.0
2022-04-20,100.1944,103.6977,99.7683,103.5565,6957933.0,1.0,0.0
2022-04-21,100.1569,101.1264,96.2977,97.3868,36515313.0,1.0,0.0
2022-04-22,99.0064,99.3931,93.8049,94.8615,44703551.0,1.0,0.0
2022-04-25,91.8962,92.5148,87.957,89.5606,46477867.0,1.0,0.0
2022-04-26,84.1739,87.2261,84.0328,86.0054,39176696.0,1.0,0.0
2022-04-27,87.5568,91.5913,87.4751,91.1768,24262586.0,1.0,0.0
2022-04-28,89.2469,89.6763,89.0137,89.2791,34052800.0,1.0,0.0
2022-04-29,88.0171,90.6104,86.6406,89.7049,42240862.0,1.0,0.0
2022-05-02,85.6289,87.1392,84.6964,86.0495,35219777.0,1.0,0.0
2022-05-03,88.6508,90.9001,87.686,90.1783,45581121.0,1.0,0.0
2022-05-04,92.9469,94.2581,92.1731,92.3887,5975453.0,1.0,0.0
2022-05-05,92.9286,94.0204,92.4219,93.2217,42544067.0,1.0,0.0
2022-05-06,95.5718,95.8524,92.3086,93.5168,35253531.0,1.0,0.0
2022-05-09,94.8203,95.6237,93.5286,93.6083,48239835.0,1.0,0.0
2022-05-10,91.987,96.7161,91.8217,95.6365,25564719.0,1.0,0.0
2022-05-11,97.2847,98.049,91.3134,91.592,17194105.0,1.0,0.0
2022-05-12,88.3544,88.6112,85.756,86.5282,14668033.0,1.0,0.0
2022-05-13,90.0241,90.7331,89.577,90.6079,35822553.0,1.0,0.0
2022-05-16,88.8484,92.4807,87.488,90.671,48550850.0,1.0,0.0
2022-05-17,92.7665,94.7509,92.7103,94.3682,34286946.0,1.0,0.0
2022-05-18,95.2016,95.5026,93.5908,95.1743,6487411.0,1.0,0.0
2022-05-19,96.0714,97.0916,95.8502,96.5012,37439411.0,1.0,0.0
2022-05-20,95.2512,97.2688,95.0195,97.1995,47891799.0,1.0,0.0
2022-05-23,100.6354,102.2134,100.6345,101.9387,37707893.0,1.0,0.0
2022-05-24,102.0091,104.7806,101.621,102.8313,13511165.0,1.0,0.0
2022-05-25,104.297,106.0912,102.7068,105.4029,45220979.0,1.0,0.0
2022-05-26,105.9251,109.0935,105.609,108.102,30022636.0,1.0,0.0
2022-05-27,107.3155,110.6036,105.854,109.4202,43665654.0,1.0,0.0
2022-05-31,112.3087,114.1642,111.5467,113.6822,4404007.0,1.0,0.0
2022-06-01,112.1619,112.454,109.3173,109.5506,26902222.0,1.0,0.0
2022-06-02,107.8544,107.8778,105.6384,105.9126,40252053.0,1.0,0.0
2022-06-03,105.9915,106.5854,102.1892,104.0448,44113985.0,1.0,0.0
2022-06-06,108.5425,108.6937,106.7841,106.8022,6695846.0,1.0,0.0
2022-06-07,105.0537,111.4251,104.3483,111.1101,37181928.0,1.0,0.0
2022-06-08,111.1675,116.9645,110.8779,116.6003,29815901.0,1.0,0.0
2022-06-09,120.3536,120.9604,118.098,118.1685,30650966.0,1.0,0.0
2022-06-10,117.2737,120.3948,116.8551,118.9147,7533510.0,1.0,0.0
2022-06-13,116.152,117.7785,114.9537,117.4855,24883246.0,1.0,0.0
2022-06-14,119.5893,121.2053,118.6172,121.0971,1975507.0,1.0,0.0
2022-06-15,119.4896,119.6143,116.7568,118.0738,7610786.0,1.0,0.0
2022-06-16,117.8246,118.3705,114.8308,115.0777,19425035.0,1.0,0.0
2022-06-17,113.7661,113.9018,110.5947,111.376,12843035.0,1.0,0.0
2022-06-21,113.1481,113.7365,107.5029,109.3056,24092154.0,1.0,0.0
2022-06-22,110.3096,112.5065,109.95,112.1367,34505184.0,1.0,0.0
2022-06-23,110.9591,111.4835,108.3848,109.5553,38966073.0,1.0,0.0
2022-06-24,110.8486,114.9412,109.6297,114.0095,24441991.0,1.0,0.0
2022-06-27,114.6692,116.6381,114.0561,114.7417,41383484.0,1.0,0.0
2022-06-28,111.8392,117.9814,111.5941,117.695,34330121.0,1.0,0.0
2022-06-29,114.397,115.7145,110.8465,110.968,20833580.0,1.0,0.0
2022-06-30,110.0096,112.5354,109.5734,111.9135,23737200.0,1.0,0.0
2022-07-01,113.7934,114.3282,112.8748,113.3585,37641443.0,1.0,0.0
2022-07-05,109.6753,115.1758,107.4726,113.6361,31755352.0,1.0,0.0
2022-07-06,110.8734,112.2176,107.7943,108.2343,35437546.0,1.0,0.0
2022-07-07,103.4058,103.7978,102.3364,102.6107,43294015.0,1.0,0.0
2022-07-08,102.2026,102.4808,97.4291,97.5986,41818029.0,1.0,0.0
2022-07-11,96.3348,96.7959,94.4336,94.7221,15662122.0,1.0,0.0
2022-07-12,93.7813,93.9504,92.8038,92.8281,21057111.0,1.0,0.0
2022-07-13,92.3578,93.0413,88.6227,90.1935,27028257.0,1.0,0.0
2022-07-14,90.0529,90.5739,88.4973,88.7486,26687824.0,1.0,0.0
2022-07-15,87.8265,89.4429,87.1759,88.7795,47340460.0,1.0,0.0
2022-07-18,89.0892,89.6342,88.0832,88.4897,16693575.0,1.0,0.0
2022-07-19,87.4678,87.8397,86.1064,86.1391,40420120.0,1.0,0.0
2022-07-20,86.1207,87.9892,85.7191,87.9742,23373597.0,1.0,0.0
2022-07-21,90.8021,94.2617,89.6051,93.0572,8795881.0,1.0,0.0
2022-07-22,93.7782,96.398,93.2217,96.2846,27267126.0,1.0,0.0
2022-07-25,94.1105,96.4621,91.6086,95.4331,16693233.0,1.0,0.0
2022-07-26,93.8255,95.0115,93.1169,94.1202,23503900.0,1.0,0.0
2022-07-27,94.5862,94.622,93.8585,94.2621,18615269.0,1.0,0.0
2022-07-28,93.1075,93.1466,91.743,91.8157,19709919.0,1.0,0.0
2022-07-29,91.2407,91.3238,87.8658,88.1086,1139691.0,1.0,0.0
2022-08-01,87.5344,88.3614,86.0834,87.0914,3712613.0,1.0,0.0
2022-08-02,87.0682,88.3533,86.7484,88.0552,47937573.0,1.0,0.0
2022-08-03,88.1965,90.4348,87.191,89.6843,49292608.0,1.0,0.0
2022-08-04,90.0197,90.194,89.1824,89.8332,47712550.0,1.0,0.0
2022-08-05,88.8675,92.6307,88.8608,92.0049,40544488.0,1.0,0.0
2022-08-08,93.1872,94.137,92.124,92.9872,37312027.0,1.0,0.0
2022-08-09,93.9436,95.2552,92.2245,92.7338,8474282.0,1.0,0.0
2022-08-10,94.7574,94.7748,91.2329,91.3626,23012803.0,1.0,0.0
2022-08-11,93.3069,95.0112,92.8336,94.1858,32259340.0,1.0,0.0
2022-08-12,94.9236,95.2301,93.0826,94.3526,25968390.0,1.0,0.0
2022-08-15,93.9202,94.1099,93.6569,94.0,28925751.0,1.0,0.0
2022-08-16,96.0157,97.101,93.3977,93.9258,46565362.0,1.0,0.0
2022-08-17,91.7835,94.7502,91.0996,94.211,19123472.0,1.0,0.0
2022-08-18,94.4461,96.2311,93.2518,96.012,34912103.0,1.0,0.0
2022-08-19,93.4942,95.5033,93.1137,94.1617,48250277.0,1.0,0.0
2022-08-22,93.207,94.8319,93.1562,94.4591,8288067.0,1.0,0.0
2022-08-23,91.9033,92.0121,90.6794,91.439,28038119.0,1.0,0.0
2022-08-24,91.2005,95.8234,90.2155,95.6106,31673983.0,1.0,0.0
2022-08-25,97.219,98.6163,96.7698,98.4742,7924428.0,1.0,0.0
2022-08-26,94.5807,94.9604,93.1415,94.0406,3254605.0,1.0,0.0
2022-08-29,96.1025,97.7957,94.9805,97.6311,39662810.0,1.0,0.0
2022-08-30,97.6662,99.9779,97.4352,99.8721,27598648.0,1.0,0.0
2022-08-31,97.1501,98.9487,95.7865,98.3386,1956926.0,1.0,0.0
2022-09-01,97.1335,100.8567,96.5613,100.0747,3125067.0,1.0,0.0
2022-09-02,95.942,101.0947,95.846,100.8361,8016930.0,1.0,0.0
2022-09-06,100.67,102.4947,100.3203,101.6565,16541030.0,1.0,0.0
2022-09-07,100.4205,105.137,99.8372,103.1855,7382672.0,1.0,0.0
2022-09-08,101.6007,105.1327,101.5798,103.7108,33716142.0,1.0,0.0
2022-09-09,104.6043,105.8666,102.4398,103.6821,35625226.0,1.0,0.0
2022-09-12,105.2363,106.9925,104.3595,106.8507,1321849.0,1.0,0.0
2022-09-13,105.6151,106.6508,105.4801,105.6334,48231446.0,1.0,0.0
2022-09-14,106.0819,106.3963,105.5579,105.935,43269131.0,1.0,0.0
2022-09-15,104.367,109.5789,104.3419,108.6331,7149371.0,1.0,0.0
2022-09-16,108.1647,109.0454,104.9833,105.5364,21885229.0,1.0,0.0
2022-09-19,109.0958,109.7144,108.6275,109.41,3688745.0,1.0,0.0
2022-09-20,108.5228,109.8468,106.0871,106.9141,39365274.0,1.0,0.0
2022-09-21,107.3619,109.8133,106.3724,108.7374,18013023.0,1.0,0.0
2022-09-22,115.11,117.2006,114.8462,115.6719,43129941.0,1.0,0.0
2022-09-23,115.6719,118.632,115.5529,116.6074,33716543.0,1.0,0.0
2022-09-26,110.4018,110.6412,108.7561,109.423,38082069.0,1.0,0.0
2022-09-27,110.1987,111.2092,107.5103,108.1989,31229895.0,1.0,0.0
2022-09-28,110.1624,110.5087,106.6882,107.7043,30344785.0,1.0,0.0
2022-09-29,107.1546,110.6718,107.0527,110.6049,20892364.0,1.0,0.0
2022-09-30,109.6198,109.8927,109.2909,109.5301,4302532.0,1.0,0.0
2022-10-03,111.9614,113.6314,105.8919,107.2977,29269745.0,1.0,0.0
2022-10-04,107.9021,109.464,107.546,109.1683,38813230.0,1.0,0.0
2022-10-05,109.3724,110.7927,107.1093,108.4184,1329004.0,1.0,0.0
2022-10-06,107.6736,111.81,107.2064,109.8776,9218305.0,1.0,0.0
2022-10-07,112.1701,112.515,106.7372,108.2182,3585122.0,1.0,0.0
2022-10-10,104.1536,105.6454,103.1725,104.9877,20218016.0,1.0,0.0
2022-10-11,105.3952,106.621,101.7883,104.1676,9788031.0,1.0,0.0
2022-10-12,103.4022,105.1374,103.145,104.011,1413553.0,1.0,0.0
2022-10-13,102.7404,104.8925,101.8336,104.7568,13658104.0,1.0,0.0
2022-10-14,101.7505,104.1441,101.168,103.9529,14780228.0,1.0,0.0
2022-10-17,104.6073,105.2069,102.8667,103.6357,42704822.0,1.0,0.0
2022-10-18,100.206,100.3342,98.117,99.2425,25382689.0,1.0,0.0
2022-10-19,96.6432,97.7944,95.32,95.7034,26398605.0,1.0,0.0
2022-10-20,94.424,95.3272,92.3756,93.0099,25211258.0,1.0,0.0
2022-10-21,90.8499,91.5309,88.6162,88.9271,3672136.0,1.0,0.0
2022-10-24,90.1343,90.897,89.2406,90.4495,34669408.0,1.0,0.0
2022-10-25,91.2014,91.82,88.2676,89.1097,13335516.0,1.0,0.0
2022-10-26,89.2291,90.0445,88.8736,89.9798,35654872.0,1.0,0.0
2022-10-27,88.09,88.6473,86.2187,87.4885,44226678.0,1.0,0.0
2022-10-28,84.6573,84.9323,84.3057,84.3709,17865159.0,1.0,0.0
2022-10-31,86.2974,87.7503,84.2772,85.6514,3439652.0,1.0,0.0
2022-11-01,81.3828,82.0476,79.7849,80.2971,30081308.0,1.0,0.0
2022-11-02,80.1195,80.4691,79.4572,79.4635,46646779.0,1.0,0.0
2022-11-03,81.7152,81.9393,81.0971,81.9102,21806077.0,1.0,0.0
2022-11-04,82.2614,82.4005,80.2285,81.3379,41986522.0,1.0,0.0
2022-11-07,78.3411,78.8115,77.7689,78.7285,22752466.0,1.0,0.0
2022-11-08,78.4726,81.4453,77.6917,80.976,39259778.0,1.0,0.0
2022-11-09,82.984,83.6088,80.9673,82.517,24075698.0,1.0,0.0
2022-11-10,81.7962,82.1477,81.125,81.3695,36732285.0,1.0,0.0
2022-11-11,83.1764,83.3813,82.6587,82.8982,39197695.0,1.0,0.0
2022-11-14,83.9449,85.3552,83.8516,84.4868,10866999.0,1.0,0.0
2022-11-15,84.7242,86.6283,84.7149,86.0991,49779099.0,1.0,0.0
2022-11-16,85.3612,85.5789,84.1368,84.1634,25765475.0,1.0,0.0
2022-11-17,82.1952,82.6879,81.7725,82.6217,13089303.0,1.0,0.0
2022-11-18,82.0211,82.793,79.539,79.6651,15524005.0,1.0,0.0
2022-11-21,85.9906,86.7725,85.5192,86.7652,43853539.0,1.0,0.0
2022-11-22,85.7549,88.459,85.1023,87.9917,42012350.0,1.0,0.0
2022-11-23,87.6313,89.2611,86.7565,86.9016,46549339.0,1.0,0.0
2022-11-25,91.2963,91.3656,90.6007,90.6992,7653747.0,1.0,0.0
2022-11-28,94.7662,95.3211,92.3292,93.5149,24200553.0,1.0,0.0
2022-11-29,92.7147,95.5712,91.778,95.2375,18360380.0,1.0,0.0
2022-11-30,95.0782,96.8063,90.064,91.5515,35019972.0,1.0,0.0
2022-12-01,92.3136,92.9552,91.0455,91.0714,23454538.0,1.0,0.0
2022-12-02,92.4019,94.3601,92.3748,93.8645,4670113.0,1.0,0.0
2022-12-05,89.2464,89.4712,87.8041,89.3139,9394149.0,1.0,0.0
2022-12-06,86.3086,87.0321,85.0546,86.6996,24631929.0,1.0,0.0
2022-12-07,85.7761,86.7785,85.6223,86.3256,28223156.0,1.0,0.0
2022-12-08,87.1094,91.9157,85.9735,90.5449,17052627.0,1.0,0.0
2022-12-09,89.0827,91.1199,88.8854,89.2005,36297880.0,1.0,0.0
2022-12-12,86.6316,86.843,86.2131,86.2977,16634139.0,1.0,0.0
2022-12-13,83.2202,84.3269,81.5185,81.8394,35381914.0,1.0,0.0
2022-12-14,82.5041,83.4264,82.1167,82.2368,45493030.0,1.0,0.0
2022-12-15,79.965,81.9926,79.6242,81.5075,31801332.0,1.0,0.0
2022-12-16,79.981,82.8099,79.1986,82.1956,15409371.0,1.0,0.0
2022-12-19,81.8676,86.1259,81.2185,84.8321,17286400.0,1.0,0.0
2022-12-20,85.4721,85.5892,83.1916,83.6442,29047021.0,1.0,0.0
2022-12-21,81.827,81.9903,79.5484,80.0579,6511218.0,1.0,0.0
2022-12-22,79.6427,79.8491,78.7883,79.4522,25763302.0,1.0,0.0
2022-12-23,78.9605,80.0841,78.6287,79.3322,39557882.0,1.0,0.0
2022-12-27,79.6999,82.5518,79.644,81.7355,39839967.0,1.0,0.0
2022-12-28,77.8467,78.5797,77.6136,78.2432,29801481.0,1.0,0.0
2022-12-29,79.5013,81.7114,79.1129,79.976,3707910.0,1.0,0.0
2022-12-30,80.8765,81.1258,79.1932,79.9214,8858047.0,1.0,0.0
2023-01-03,77.9266,78.2025,77.7274,78.0448,41786556.0,1.0,0.0
2023-01-04,76.1972,79.5825,75.674,79.0492,35229456.0,1.0,0.0
2023-01-05,79.7226,80.1312,79.2187,79.4857,46105582.0,1.0,0.0
2023-01-06,77.6776,78.7204,76.6872,77.9043,35784072.0,1.0,0.0
2023-01-09,81.6471,84.7847,81.2573,84.6133,30720397.0,1.0,0.0
2023-01-10,82.7455,82.9029,82.0836,82.3892,29584900.0,1.0,0.0
2023-01-11,82.2513,83.7634,82.2243,83.3357,40223324.0,1.0,0.0
2023-01-12,81.6933,81.8486,80.9027,81.488,37109680.0,1.0,0.0
2023-01-13,81.3708,81.5483,80.4788,80.5971,30896161.0,1.0,0.0
2023-01-17,80.122,81.7524,79.2105,81.3942,42439974.0,1.0,0.0
2023-01-18,79.6313,79.8982,78.3647,78.7538,20626182.0,1.0,0.0
2023-01-19,81.0477,82.3602,80.4904,82.1407,26924238.0,1.0,0.0
2023-01-20,79.8761,84.4172,79.4215,83.5045,3123561.0,1.0,0.0
2023-01-23,80.7704,81.1532,77.9609,78.8186,42835638.0,1.0,0.0
2023-01-24,79.2955,80.4316,76.8273,77.1208,31672939.0,1.0,0.0
2023-01-25,74.6971,75.5206,73.8009,73.9113,49019285.0,1.0,0.0
2023-01-26,72.0144,73.8571,71.5371,72.3358,41355211.0,1.0,0.0
2023-01-27,72.8964,73.9991,72.6674,72.9955,40950849.0,1.0,0.0
2023-01-30,72.5056,76.814,72.1864,75.8923,25520125.0,1.0,0.0
2023-01-31,77.0608,77.5912,75.3149,75.7183,27554049.0,1.0,0.0
2023-02-01,75.3504,75.503,73.7492,74.4153,10924685.0,1.0,0.0
2023-02-02,73.5328,75.5102,73.0499,75.2562,43140709.0,1.0,0.0
2023-02-03,75.4567,75.62,73.5266,73.6746,35869465.0,1.0,0.0
2023-02-06,72.763,73.0773,71.7679,72.1,38187607.0,1.0,0.0
2023-02-07,72.2733,72.3651,69.695,70.0059,3064514.0,1.0,0.0
2023-02-08,70.0583,70.3782,68.1732,69.3873,5859403.0,1.0,0.0
2023-02-09,69.3686,70.3173,68.4394,69.7124,45128644.0,1.0,0.0
2023-02-10,69.5321,72.5446,69.3575,72.2198,29299013.0,1.0,0.0
2023-02-13,71.1296,72.6661,70.7398,72.6558,33740033.0,1.0,0.0
2023-02-14,72.8548,73.0891,71.801,71.977,24412260.0,1.0,0.0
2023-02-15,71.7437,72.0622,70.2933,70.6845,36145442.0,1.0,0.0
2023-02-16,71.1499,71.6693,68.5967,69.3398,28904797.0,1.0,0.0
2023-02-17,68.8435,69.2046,65.5665,66.7545,13621996.0,1.0,0.0
2023-02-21,65.375,65.7647,64.6705,65.0324,23263629.0,1.0,0.0
2023-02-22,62.9223,63.0877,60.8173,61.3493,1235018.0,1.0,0.0
2023-02-23,61.2765,62.1665,60.925,61.5862,39552166.0,1.0,0.0
2023-02-24,60.5216,60.8666,58.9972,59.2036,6159104.0,1.0,0.0
2023-02-27,59.5377,60.0538,59.5265,59.6846,22604693.0,1.0,0.0
2023-02-28,60.4083,61.0483,59.2377,59.5586,11849174.0,1.0,0.0
2023-03-01,59.3081,60.4046,59.0672,59.9714,19495356.0,1.0,0.0
2023-03-02,61.2433,61.5939,60.4526,61.5623,40097536.0,1.0,0.0
2023-03-03,61.9451,62.1087,61.2381,61.6407,11236128.0,1.0,0.0
2023-03-06,62.1347,65.3637,62.0472,64.5492,17401615.0,1.0,0.0
2023-03-07,64.955,65.4163,64.2948,65.1276,41777785.0,1.0,0.0
2023-03-08,65.4139,67.6198,65.2682,67.2024,5825167.0,1.0,0.0
2023-03-09,66.719,67.0801,65.3071,65.3241,33659447.0,1.0,0.0
2023-03-10,63.8504,64.1428,63.5556,63.8413,2393182.0,1.0,0.0
2023-03-13,63.6687,64.4007,62.1671,62.2237,2324915.0,1.0,0.0
2023-03-14,62.7873,63.4723,62.5445,62.849,6714708.0,1.0,0.0
2023-03-15,62.954,63.2414,60.7349,61.3028,41142325.0,1.0,0.0
2023-03-16,61.5458,62.2563,61.4387,61.9287,23544140.0,1.0,0.0
2023-03-17,62.0438,63.076,61.9465,62.9326,21626578.0,1.0,0.0
2023-03-20,62.5465,64.1486,61.5234,63.7256,19187161.0,1.0,0.0
2023-03-21,63.5173,65.5377,62.506,64.2326,48043578.0,1.0,0.0
2023-03-22,64.4751,65.1555,64.4023,64.9422,32301791.0,1.0,0.0
2023-03-23,64.9733,65.4845,63.7651,63.9203,46952891.0,1.0,0.0
2023-03-24,63.5917,65.8622,63.4739,65.5525,13331716.0,1.0,0.0
2023-03-27,62.8282,65.0627,62.3758,64.6247,10344182.0,1.0,0.0
2023-03-28,62.6074,64.7938,61.9129,63.7606,47047662.0,1.0,0.0
2023-03-29,61.2678,62.8343,61.1722,62.4005,34019451.0,1.0,0.0
2023-03-30,60.8611,63.8729,59.724,63.5128,15905637.0,1.0,0.0
2023-03-31,63.4745,65.1137,62.8583,64.8078,20880946.0,1.0,0.0
2023-04-03,63.3693,63.4607,59.3994,60.0847,25149982.0,1.0,0.0
2023-04-04,59.214,60.327,57.7886,60.2282,22836820.0,1.0,0.0
2023-04-05,59.6099,59.8205,59.0125,59.1772,15842885.0,1.0,0.0
2023-04-06,61.2943,61.5001,59.6763,60.1456,36371081.0,1.0,0.0
2023-04-10,56.8193,56.9356,55.7404,56.2768,39439905.0,1.0,0.0
2023-04-11,57.7908,58.9007,56.8602,58.6843,33639110.0,1.0,0.0
2023-04-12,58.8398,59.8226,58.7299,59.2256,14375749.0,1.0,0.0
2023-04-13,59.0454,59.8407,58.9265,59.8358,41725566.0,1.0,0.0
2023-04-14,60.0936,60.7631,59.7871,60.4798,48453126.0,1.0,0.0
2023-04-17,57.3475,58.2047,55.3297,55.8005,19745459.0,1.0,0.0
2023-04-18,55.5239,57.0876,54.8208,56.3811,12217491.0,1.0,0.0
2023-04-19,56.07,57.0564,54.5043,55.1115,33472825.0,1.0,0.0
2023-04-20,56.4089,57.6885,55.9643,57.339,49450808.0,1.0,0.0
2023-04-21,56.059,56.6574,55.7439,56.5445,26736990.0,1.0,0.0
2023-04-24,56.8553,59.5099,56.3231,59.3265,2089461.0,1.0,0.0
2023-04-25,59.4251,61.0317,59.2923,60.3148,18780839.0,1.0,0.0
2023-04-26,57.7964,60.1222,57.4463,59.5635,1332694.0,1.0,0.0
2023-04-27,59.0802,61.416,58.0681,60.4368,9425585.0,1.0,0.0
2023-04-28,61.1879,61.6193,60.5578,61.2349,1709968.0,1.0,0.0
2023-05-01,62.6279,63.2757,61.4741,61.8535,28057041.0,1.0,0.0
2023-05-02,63.55,63.5916,60.8606,60.9324,19315680.0,1.0,0.0
2023-05-03,60.4433,61.9127,60.3605,61.8323,15880789.0,1.0,0.0
2023-05-04,61.1415,61.6208,59.7943,60.0604,15425235.0,1.0,0.0
2023-05-05,60.6628,61.8798,60.4609,61.4764,18589022.0,1.0,0.0
2023-05-08,61.0362,61.729,60.7263,60.8467,19526347.0,1.0,0.0
2023-05-09,61.8901,62.0931,61.0054,61.4799,13742348.0,1.0,0.0
2023-05-10,62.7073,63.3041,61.9151,62.8777,35672987.0,1.0,0.0
2023-05-11,64.5243,64.8165,62.0298,62.1449,32451546.0,1.0,0.0
2023-05-12,61.4832,62.3785,61.2873,62.0092,39740635.0,1.0,0.0
2023-05-15,58.8186,58.8842,56.0023,56.4887,2352103.0,1.0,0.0
2023-05-16,56.3256,57.3064,56.2556,57.0656,34664542.0,1.0,0.0
2023-05-17,58.5421,59.0816,55.7319,56.8933,48374817.0,1.0,0.0
2023-05-18,56.5937,57.8716,56.3785,57.4771,47582564.0,1.0,0.0
2023-05-19,56.6878,58.1913,56.4181,58.0402,40024638.0,1.0,0.0
2023-05-22,57.7259,59.2334,57.7205,59.0171,8914029.0,1.0,0.0
2023-05-23,59.384,63.7033,58.7743,63.647,27340781.0,1.0,0.0
2023-05-24,65.4081,66.3096,65.3362,65.9046,21496505.0,1.0,0.0
2023-05-25,65.8282,67.1484,65.7589,67.0539,34142593.0,1.0,0.0
2023-05-26,67.9019,68.3842,67.5628,67.7269,43633468.0,1.0,0.0
2023-05-30,67.9266,69.0116,67.5856,68.0694,45681302.0,1.0,0.0
2023-05-31,67.4338,67.5788,65.2987,65.4938,14865634.0,1.0,0.0
2023-06-01,64.3406,65.5018,64.3322,65.4461,22861655.0,1.0,0.0
2023-06-02,65.0459,65.2594,64.0594,65.1591,32850989.0,1.0,0.0
2023-06-05,65.1985,65.736,64.757,64.9775,40815712.0,1.0,0.0
2023-06-06,64.4808,64.9791,63.4428,64.4979,35699345.0,1.0,0.0
2023-06-07,64.5068,64.5942,64.3031,64.3561,47671095.0,1.0,0.0
2023-06-08,63.864,63.943,61.9725,62.0063,26651052.0,1.0,0.0
2023-06-09,64.4647,64.543,62.0915,62.1416,42270698.0,1.0,0.0
2023-06-12,61.6126,63.6346,60.8497,63.035,37497069.0,1.0,0.0
2023-06-13,61.7601,62.1778,61.3561,61.8874,14522043.0,1.0,0.0
2023-06-14,61.012,63.3551,60.7352,63.1297,15630636.0,1.0,0.0
2023-06-15,63.1114,65.1678,61.9915,64.8848,47965680.0,1.0,0.0
2023-06-16,65.0507,65.959,64.4244,65.5211,41426590.0,1.0,0.0
2023-06-20,66.1791,69.197,65.7825,68.6839,3691859.0,1.0,0.0
2023-06-21,69.2264,70.5729,68.8634,69.3356,5332756.0,1.0,0.0
2023-06-22,70.3407,70.6371,69.386,69.9739,10784808.0,1.0,0.0
2023-06-23,70.2482,71.2813,69.2476,71.1602,33329612.0,1.0,0.0
2023-06-26,70.8158,72.3747,69.7125,72.3228,32543882.0,1.0,0.0
2023-06-27,73.1956,73.4714,73.1107,73.1676,31053395.0,1.0,0.0
2023-06-28,73.6967,73.8257,72.572,72.7126,20913652.0,1.0,0.0
2023-06-29,71.992,72.8689,71.1514,71.3295,40997760.0,1.0,0.0
2023-06-30,70.3433,70.8941,69.5455,70.2673,46182248.0,1.0,0.0
2023-07-03,70.219,72.1664,70.1831,71.3395,39491926.0,1.0,0.0
2023-07-05,71.1551,73.2138,71.0539,72.538,6065473.0,1.0,0.0
2023-07-06,73.2,73.5301,72.7698,72.8532,44089475.0,1.0,0.0
2023-07-07,73.5002,76.4602,73.306,76.1316,35354092.0,1.0,0.0
2023-07-10,75.0898,78.5958,75.0455,77.6742,45284166.0,1.0,0.0
2023-07-11,77.2919,80.7482,76.7933,80.2821,45817787.0,1.0,0.0
2023-07-12,79.8233,79.9092,75.6858,75.8582,9408428.0,1.0,0.0
2023-07-13,75.1215,75.6732,74.8663,75.6083,42051652.0,1.0,0.0
2023-07-14,74.5338,75.8609,74.3842,75.6368,46416892.0,1.0,0.0
2023-07-17,76.1869,77.5366,74.723,77.4038,2412013.0,1.0,0.0
2023-07-18,77.9186,81.2067,77.7461,80.106,23889120.0,1.0,0.0
2023-07-19,78.8631,79.0663,77.0842,77.4574,2116356.0,1.0,0.0
2023-07-20,78.1746,79.9192,77.6288,79.3022,41913008.0,1.0,0.0
2023-07-21,79.4667,79.6051,77.2508,78.0039,47931626.0,1.0,0.0
2023-07-24,77.9115,78.1713,76.3629,77.608,7082748.0,1.0,0.0
2023-07-25,78.7176,79.8264,77.8927,79.6755,5656313.0,1.0,0.0
2023-07-26,77.3397,77.6384,75.9134,76.4445,4673761.0,1.0,0.0
2023-07-27,76.2569,76.3874,73.199,73.9727,39212657.0,1.0,0.0
2023-07-28,73.2018,76.2498,73.1959,75.335,41354736.0,1.0,0.0
2023-07-31,74.273,76.6254,73.6746,76.4554,11015808.0,1.0,0.0
2023-08-01,74.8709,75.4964,74.5916,74.8146,49145100.0,1.0,0.0
2023-08-02,74.4374,74.9448,73.4444,73.515,48640120.0,1.0,0.0
2023-08-03,75.4398,76.2931,74.3231,75.935,48824893.0,1.0,0.0
2023-08-04,76.5663,78.273,76.3701,77.1267,49517907.0,1.0,0.0
2023-08-07,75.4545,78.4094,75.2641,77.7964,5261333.0,1.0,0.0
2023-08-08,76.2281,76.6742,75.471,76.6458,39416110.0,1.0,0.0
2023-08-09,73.519,73.5923,70.3125,70.7342,8425400.0,1.0,0.0
2023-08-10,73.2484,74.1878,72.6345,72.8741,14786342.0,1.0,0.0
2023-08-11,72.3179,72.6355,71.2963,71.3297,9470264.0,1.0,0.0
2023-08-14,72.8392,73.177,72.2307,72.5714,38510724.0,1.0,0.0
2023-08-15,72.3276,73.7349,71.9629,71.9952,12878674.0,1.0,0.0
2023-08-16,72.4669,75.9923,72.298,74.6342,29543924.0,1.0,0.0
2023-08-17,76.6074,78.9267,75.9046,77.8112,30599790.0,1.0,0.0
2023-08-18,76.9415,77.766,76.7039,77.443,30901535.0,1.0,0.0
2023-08-21,76.3258,76.7949,75.9608,76.464,40800780.0,1.0,0.0
2023-08-22,77.6348,77.671,75.5082,76.7872,41652733.0,1.0,0.0
2023-08-23,77.7221,81.5364,77.5437,80.3339,39704561.0,1.0,0.0
2023-08-24,81.3246,82.1983,79.288,79.9497,5815106.0,1.0,0.0
2023-08-25,84.733,84.7516,80.4731,81.5452,33956943.0,1.0,0.0
2023-08-28,81.51,82.1118,81.301,81.3352,26225241.0,1.0,0.0
2023-08-29,81.8943,82.3391,80.3627,80.9488,36208618.0,1.0,0.0
2023-08-30,80.7359,84.5203,79.4189,84.3311,43325286.0,1.0,0.0
2023-08-31,83.0709,84.8709,82.5865,84.6072,36436065.0,1.0,0.0
2023-09-01,82.3837,84.8047,81.2318,84.1806,45006542.0,1.0,0.0
2023-09-05,83.2965,83.4209,81.3121,81.7743,30325041.0,1.0,0.0
2023-09-06,83.1537,83.8647,81.7538,82.5079,33586592.0,1.0,0.0
2023-09-07,82.2253,82.7795,81.703,82.2789,19731489.0,1.0,0.0
2023-09-08,81.7941,82.5108,81.1147,81.3844,25575783.0,1.0,0.0
2023-09-11,80.1034,82.2708,79.2945,80.9961,10604938.0,1.0,0.0
2023-09-12,82.0127,83.988,80.8823,83.4226,4010343.0,1.0,0.0
2023-09-13,83.089,83.6841,81.226,81.5959,8444344.0,1.0,0.0
2023-09-14,80.9635,82.2778,80.8852,81.2997,46771302.0,1.0,0.0
2023-09-15,82.3699,83.2245,78.245,78.4731,41109905.0,1.0,0.0
2023-09-18,78.8587,80.6444,78.8168,80.0939,39831686.0,1.0,0.0
2023-09-19,81.9427,82.3975,81.2126,81.5686,1278878.0,1.0,0.0
2023-09-20,83.7034,83.8365,83.6299,83.6633,10904009.0,1.0,0.0
2023-09-21,86.2861,88.9428,86.0492,88.3731,37841711.0,1.0,0.0
2023-09-22,86.1275,86.5589,82.8132,85.0342,15240055.0,1.0,0.0
2023-09-25,85.5855,86.5204,83.4467,84.6032,46058457.0,1.0,0.0
2023-09-26,83.3014,84.1651,82.7249,83.9403,25494167.0,1.0,0.0
2023-09-27,82.5906,82.6071,81.2194,81.9901,15406085.0,1.0,0.0
2023-09-28,81.8616,83.1599,80.5201,81.3208,26641744.0,1.0,0.0
2023-09-29,81.9856,83.544,81.5458,83.2403,12056210.0,1.0,0.0
2023-10-02,85.1643,85.9821,83.9318,85.0931,25843947.0,1.0,0.0
2023-10-03,86.2049,88.3927,84.6716,87.7774,13575014.0,1.0,0.0
2023-10-04,88.8407,89.3161,86.5133,86.5784,13727007.0,1.0,0.0
2023-10-05,85.7477,86.4708,81.3621,82.2552,2598535.0,1.0,0.0
2023-10-06,80.3173,85.4489,80.2042,83.9753,24645817.0,1.0,0.0
2023-10-09,80.6266,80.8302,80.0002,80.2455,39226130.0,1.0,0.0
2023-10-10,78.7519,78.9429,78.4436,78.7001,34606165.0,1.0,0.0
2023-10-11,81.3954,81.9486,79.6757,80.0256,34499163.0,1.0,0.0
2023-10-12,79.8847,79.9266,78.8749,79.2986,7342767.0,1.0,0.0
2023-10-13,80.0076,81.3606,77.0968,77.5655,18736482.0,1.0,0.0
2023-10-16,79.0651,82.32,78.9793,81.113,29402724.0,1.0,0.0
2023-10-17,80.0934,84.1089,79.0153,83.9792,40475161.0,1.0,0.0
2023-10-18,86.0778,89.0629,85.9632,88.6616,39641062.0,1.0,0.0
2023-10-19,91.3061,92.8111,90.8688,92.2471,41498086.0,1.0,0.0
2023-10-20,95.2174,98.2261,95.2123,98.154,15037476.0,1.0,0.0
2023-10-23,104.2733,106.7921,103.5732,106.1205,4771908.0,1.0,0.0
2023-10-24,108.9015,112.47,108.8004,112.232,1027525.0,1.0,0.0
2023-10-25,109.1422,111.695,108.6377,110.1022,1482320.0,1.0,0.0
2023-10-26,114.418,117.7264,113.3828,116.3138,36480503.0,1.0,0.0
2023-10-27,111.8881,116.3519,111.3822,115.7167,15608977.0,1.0,0.0
2023-10-30,116.306,118.8211,115.6793,117.7359,38510712.0,1.0,0.0
2023-10-31,120.8303,122.3624,119.7142,120.3599,7914052.0,1.0,0.0
2023-11-01,119.1128,120.6891,117.7796,118.5516,5304912.0,1.0,0.0
2023-11-02,115.9793,116.8136,114.5078,115.826,34820401.0,1.0,0.0
2023-11-03,116.676,116.7638,115.2543,116.2945,20589736.0,1.0,0.0
2023-11-06,115.0734,115.6578,113.0709,114.1153,45683403.0,1.0,0.0
2023-11-07,117.1001,118.7341,112.2993,114.1984,3785469.0,1.0,0.0
2023-11-08,113.7656,114.4269,110.7855,110.9736,39564955.0,1.0,0.0
2023-11-09,111.8479,118.8271,110.8931,117.0358,49630492.0,1.0,0.0
2023-11-10,116.0923,117.6516,115.0451,115.05,40435743.0,1.0,0.0
2023-11-13,115.1075,117.4447,114.5725,116.4527,34299484.0,1.0,0.0
2023-11-14,115.1661,118.5784,114.2213,118.4546,28493122.0,1.0,0.0
2023-11-15,119.0243,119.3215,115.8427,117.0114,30553176.0,1.0,0.0
2023-11-16,117.8727,119.9426,117.492,119.3588,1635243.0,1.0,0.0
2023-11-17,119.8308,120.4839,117.3949,118.0086,3477325.0,1.0,0.0
2023-11-20,120.8555,126.1021,119.6031,125.4996,41761484.0,1.0,0.0
2023-11-21,131.5565,135.224,130.9069,133.7718,25430473.0,1.0,0.0
2023-11-22,134.5436,135.5823,129.1588,129.5783,47824636.0,1.0,0.0
2023-11-24,133.9866,140.1911,133.5897,139.429,26028439.0,1.0,0.0
2023-11-27,139.8557,143.5285,139.8017,143.1542,45673996.0,1.0,0.0
2023-11-28,144.7814,147.376,144.2103,145.7738,31082956.0,1.0,0.0
2023-11-29,144.0031,150.8822,141.4734,150.0963,35114300.0,1.0,0.0
2023-11-30,150.647,156.3059,148.472,154.1474,49656451.0,1.0,0.0
2023-12-01,149.1436,151.2457,141.1381,141.9695,10987966.0,1.0,0.0
2023-12-04,135.405,138.6287,135.1612,137.401,29624281.0,1.0,0.0
2023-12-05,133.9601,134.6519,133.4917,134.094,41418727.0,1.0,0.0
2023-12-06,132.9926,133.3454,131.8495,132.3581,14963052.0,1.0,0.0
2023-12-07,132.3256,132.402,130.6914,130.8048,13759354.0,1.0,0.0
2023-12-08,130.4833,135.0982,130.4251,134.3442,7935302.0,1.0,0.0
2023-12-11,136.733,136.8886,132.284,133.8208,10273687.0,1.0,0.0
2023-12-12,137.0154,137.5924,135.6374,135.9963,7461258.0,1.0,0.0
2023-12-13,138.0954,140.689,136.71,136.9382,38103512.0,1.0,0.0
2023-12-14,137.2706,138.6389,135.5301,138.1392,48275935.0,1.0,0.0
2023-12-15,138.9495,139.2298,136.3287,136.3479,11510222.0,1.0,0.0
2023-12-18,137.2464,144.4876,135.4707,142.34,49041224.0,1.0,0.0
2023-12-19,136.7279,140.003,135.3378,139.3496,16443942.0,1.0,0.0
2023-12-20,130.4037,131.7664,124.6147,126.1499,44630034.0,1.0,0.0
2023-12-21,123.4659,128.6068,122.3554,126.954,49986519.0,1.0,0.0
2023-12-22,126.1612,127.8671,124.7538,125.3956,12327706.0,1.0,0.0
2023-12-26,124.236,125.6683,123.6541,125.2759,26861387.0,1.0,0.0
2023-12-27,124.6736,125.4872,118.4197,120.4593,23924313.0,1.0,0.0
2023-12-28,119.4075,121.5399,118.4203,119.2939,40019915.0,1.0,0.0
2023-12-29,117.9273,118.9998,116.2863,116.959,44140351.0,1.0,0.0
