date,open,high,low,close,volume,split_ratio,dividend
2016-01-04,29.9935,30.6762,29.8279,30.5865,41972370.0,1.0,0.0
2016-01-05,30.3211,30.3521,30.1397,30.1949,2208227.0,1.0,0.0
2016-01-06,29.5746,29.8524,28.8175,29.0376,39121029.0,1.0,0.0
2016-01-07,29.0289,29.1407,28.5505,28.7295,47533139.0,1.0,0.0
2016-01-08,27.9975,28.0526,27.6541,27.7095,41232910.0,1.0,0.0
2016-01-11,27.6487,28.3844,27.471,28.0974,30818650.0,1.0,0.0
2016-01-12,27.8081,27.8125,27.5277,27.5983,11284389.0,1.0,0.0
2016-01-13,27.6007,27.7373,27.4907,27.5078,32578907.0,1.0,0.0
2016-01-14,27.5471,27.6236,27.3478,27.6053,45884434.0,1.0,0.0
2016-01-15,27.6172,27.7999,27.0397,27.1666,32877095.0,1.0,0.0
2016-01-19,26.9735,27.0761,26.5161,26.615,48496751.0,1.0,0.0
2016-01-20,26.056,26.235,26.0384,26.2084,4943341.0,1.0,0.0
2016-01-21,26.4537,26.4974,25.7217,25.8211,2709441.0,1.0,0.0
2016-01-22,25.7271,25.9043,25.6527,25.7393,12311346.0,1.0,0.0
2016-01-25,25.7602,26.0471,25.7295,25.8359,16362349.0,1.0,0.0
2016-01-26,25.4073,26.0064,25.3162,26.0033,4590973.0,1.0,0.0
2016-01-27,25.4009,25.4177,25.1227,25.3676,3160692.0,1.0,0.0
2016-01-28,25.1594,25.2799,24.8434,24.8831,17209541.0,1.0,0.0
2016-01-29,25.071,26.0122,24.8428,25.9624,40793223.0,1.0,0.0
2016-02-01,25.9086,26.5234,25.898,26.3929,24578056.0,1.0,0.0
2016-02-02,26.4817,27.4367,26.2874,27.2643,2349131.0,1.0,0.0
2016-02-03,27.4262,27.9761,27.4257,27.8936,31221911.0,1.0,0.0
2016-02-04,28.3998,29.6714,28.3431,29.5075,19116064.0,1.0,0.0
2016-02-05,29.8127,29.9621,29.6056,29.8666,47451533.0,1.0,0.0
2016-02-08,29.9006,30.5761,29.6746,30.4306,11551119.0,1.0,0.0
2016-02-09,30.7683,30.8031,30.1998,30.2022,9923654.0,1.0,0.0
2016-02-10,30.7928,30.8734,30.6442,30.8655,26609261.0,1.0,0.0
2016-02-11,31.3239,31.529,30.817,30.89,38877651.0,1.0,0.0
2016-02-12,30.8966,30.906,30.6146,30.6339,13153920.0,1.0,0.0
2016-02-16,30.4313,30.4384,30.0849,30.0967,18341805.0,1.0,0.0
2016-02-17,29.9243,30.1616,29.258,29.4373,28747221.0,1.0,0.0
2016-02-18,29.346,30.162,29.0314,29.9451,44751659.0,1.0,0.0
2016-02-19,29.9916,30.1735,29.2897,29.6172,2147208.0,1.0,0.0
2016-02-22,30.144,30.3116,29.4564,29.7403,12900288.0,1.0,0.0
2016-02-23,29.8806,29.9591,29.5699,29.6397,32401776.0,1.0,0.0
2016-02-24,29.6676,30.0281,29.4954,29.5355,26075665.0,1.0,0.0
2016-02-25,29.8164,29.8297,28.6405,28.6702,36243644.0,1.0,0.0
2016-02-26,28.6797,28.9498,28.5068,28.5486,4723861.0,1.0,0.0
2016-02-29,28.4289,28.6076,28.3855,28.5835,4146402.0,1.0,0.0
2016-03-01,28.0573,28.1188,27.1996,27.2356,3969009.0,1.0,0.0
2016-03-02,26.8549,27.1626,26.8294,27.0496,25816102.0,1.0,0.0
2016-03-03,26.6365,26.9741,26.5286,26.9659,42031265.0,1.0,0.0
2016-03-04,27.2809,27.7197,27.2199,27.6313,9353129.0,1.0,0.0
2016-03-07,26.7438,26.7951,26.3924,26.6744,49977995.0,1.0,0.0
2016-03-08,26.5785,26.5993,26.4524,26.4868,44062388.0,1.0,0.0
2016-03-09,27.6061,28.2024,27.5956,28.1656,11920983.0,1.0,0.0
2016-03-10,27.7566,27.8102,27.3536,27.4949,32383440.0,1.0,0.0
2016-03-11,27.1928,27.3362,27.0146,27.123,43788368.0,1.0,0.0
2016-03-14,27.6332,27.9139,27.3967,27.4452,47781745.0,1.0,0.0
2016-03-15,26.9659,27.5056,26.7726,27.4141,22531785.0,1.0,0.0
2016-03-16,27.0053,27.1133,26.4563,26.5165,21712256.0,1.0,0.0
2016-03-17,25.7578,25.8959,25.2668,25.2989,5091279.0,1.0,0.0
2016-03-18,25.9962,26.2031,25.641,25.6799,11406376.0,1.0,0.0
2016-03-21,25.2548,25.3901,24.8069,24.8683,4131200.0,1.0,0.0
2016-03-22,25.7424,26.0806,25.6947,25.9981,30877812.0,1.0,0.0
2016-03-23,26.3226,26.4569,25.9525,26.0629,19474868.0,1.0,0.0
2016-03-24,26.0229,26.2576,25.7716,25.8357,46002592.0,1.0,0.0
2016-03-28,25.9123,25.9633,25.5406,25.5908,4787563.0,1.0,0.0
2016-03-29,25.4686,26.5302,25.1583,26.415,11556666.0,1.0,0.0
2016-03-30,26.7508,27.1084,26.5507,26.9509,13877945.0,1.0,0.0
2016-03-31,27.2918,28.4373,26.9743,28.2589,29432503.0,1.0,0.0
2016-04-01,27.9136,28.3513,27.8393,28.1874,15547314.0,1.0,0.0
2016-04-04,28.6407,28.7323,28.5688,28.7166,2892885.0,1.0,0.0
2016-04-05,28.4597,28.8424,28.2384,28.7298,48497062.0,1.0,0.0
2016-04-06,28.0652,28.1864,27.79,27.7996,43343685.0,1.0,0.0
2016-04-07,27.6237,27.8766,27.5747,27.7363,3865648.0,1.0,0.0
2016-04-08,27.5838,27.9762,27.4973,27.869,25015829.0,1.0,0.0
2016-04-11,28.7996,29.3764,28.7056,29.1889,6787079.0,1.0,0.0
2016-04-12,29.5235,29.8051,29.4472,29.6806,20468681.0,1.0,0.0
2016-04-13,30.5372,30.7443,30.1838,30.543,37015575.0,1.0,0.0
2016-04-14,30.6793,30.8629,30.6281,30.6971,21287458.0,1.0,0.0
2016-04-15,29.9698,30.4827,29.7941,30.2519,28376929.0,1.0,0.0
2016-04-18,30.3757,30.479,30.1581,30.4104,7423366.0,1.0,0.0
2016-04-19,30.5882,31.3951,30.4549,31.2228,41406610.0,1.0,0.0
2016-04-20,30.8349,30.8893,29.9344,30.1344,14759102.0,1.0,0.0
2016-04-21,29.7069,29.8162,29.0125,29.1228,10997105.0,1.0,0.0
2016-04-22,29.0521,29.9032,28.8486,29.8271,24369135.0,1.0,0.0
2016-04-25,30.2174,30.6315,29.7223,29.872,7298381.0,1.0,0.0
2016-04-26,29.7424,29.9292,29.6557,29.9008,37788781.0,1.0,0.0
2016-04-27,29.5668,29.8915,29.3957,29.8352,45531044.0,1.0,0.0
2016-04-28,30.7734,31.0175,30.1339,30.2255,8660723.0,1.0,0.0
2016-04-29,30.4667,30.7606,30.2702,30.6832,33788592.0,1.0,0.0
2016-05-02,30.4183,31.1701,30.3026,30.9573,47132143.0,1.0,0.0
2016-05-03,33.9251,34.0324,33.6798,33.8133,5273187.0,1.0,0.0
2016-05-04,33.0594,33.8872,32.8281,33.8622,11991400.0,1.0,0.0
2016-05-05,35.7882,36.7909,35.545,36.74,37886816.0,1.0,0.0
2016-05-06,36.3303,36.6169,36.0457,36.1835,47547768.0,1.0,0.0
2016-05-09,36.3017,36.7615,36.0631,36.6323,41887218.0,1.0,0.0
2016-05-10,36.8204,36.8477,36.1442,36.4023,4391774.0,1.0,0.0
2016-05-11,36.8912,37.4391,36.1198,36.3247,8965718.0,1.0,0.0
2016-05-12,34.9562,35.4496,34.9477,35.1852,3077126.0,1.0,0.0
2016-05-13,33.9543,34.028,33.7125,33.9153,11084725.0,1.0,0.0
2016-05-16,32.8125,33.025,31.4797,31.7367,40894251.0,1.0,0.0
2016-05-17,33.1547,33.3989,32.9774,33.286,25396101.0,1.0,0.0
2016-05-18,33.6873,34.2143,33.5854,34.196,36429626.0,1.0,0.0
2016-05-19,35.4751,36.0563,35.111,35.9365,17345689.0,1.0,0.0
2016-05-20,35.9031,36.2295,35.7237,36.1377,42199798.0,1.0,0.0
2016-05-23,32.8813,33.0884,31.976,32.2378,27189274.0,1.0,0.0
2016-05-24,32.4074,32.9676,32.4014,32.5841,46188701.0,1.0,0.0
2016-05-25,32.0615,32.2908,31.8387,32.1609,29679798.0,1.0,0.0
2016-05-26,32.9457,33.0325,32.0057,32.1081,33099269.0,1.0,0.0
2016-05-27,32.5486,32.6207,31.9195,32.052,48399055.0,1.0,0.0
2016-05-31,32.6119,33.2215,32.5277,32.7769,20491284.0,1.0,0.0
2016-06-01,34.9053,34.9584,34.8002,34.9437,3361042.0,1.0,0.0
2016-06-02,33.2785,33.5012,33.1482,33.4816,3981309.0,1.0,0.0
2016-06-03,29.4533,30.14,29.425,30.0371,39370821.0,1.0,0.0
2016-06-06,31.1234,31.228,29.7525,30.1578,32640164.0,1.0,0.0
2016-06-07,31.3343,31.3438,31.0929,31.2637,27045819.0,1.0,0.0
2016-06-08,29.5362,29.8205,29.2714,29.7596,41577357.0,1.0,0.0
2016-06-09,29.7655,30.4963,29.606,30.2754,49644144.0,1.0,0.0
2016-06-10,30.3303,30.5681,30.1441,30.3934,48992110.0,1.0,0.0
2016-06-13,30.6717,30.7946,30.5639,30.6476,27914276.0,1.0,0.0
2016-06-14,31.0199,31.5258,30.7699,31.4633,32574062.0,1.0,0.0
2016-06-15,29.4497,29.6476,29.0969,29.1579,24142082.0,1.0,0.0
2016-06-16,29.2148,29.3825,28.6545,28.8399,39830004.0,1.0,0.0
2016-06-17,27.0661,27.9316,26.7635,27.7902,19823383.0,1.0,0.0
2016-06-20,29.3118,29.4492,29.0921,29.233,21619328.0,1.0,0.0
2016-06-21,28.7224,29.1504,28.4764,28.953,33074640.0,1.0,0.0
2016-06-22,28.2569,28.431,28.1952,28.389,15467047.0,1.0,0.0
2016-06-23,29.032,29.465,28.8756,29.3078,34462607.0,1.0,0.0
2016-06-24,27.7503,28.0336,27.7404,27.8982,20908550.0,1.0,0.0
2016-06-27,27.4452,27.5761,26.7607,27.0522,2288470.0,1.0,0.0
2016-06-28,26.8477,27.0195,26.4342,26.6869,32457313.0,1.0,0.0
2016-06-29,25.8189,25.9355,25.7055,25.8956,37797741.0,1.0,0.0
2016-06-30,25.7496,25.7661,25.4401,25.4671,39174661.0,1.0,0.0
2016-07-01,25.7622,25.9768,25.6595,25.9479,16239835.0,1.0,0.0
2016-07-05,26.5316,26.8011,26.1791,26.3997,20446498.0,1.0,0.0
2016-07-06,27.5981,27.9736,27.3721,27.5622,23134577.0,1.0,0.0
2016-07-07,27.8186,28.0573,27.4868,27.5767,6171552.0,1.0,0.0
2016-07-08,26.6266,26.7989,26.5747,26.7881,17775831.0,1.0,0.0
2016-07-11,26.2052,26.2828,26.0105,26.0604,8106825.0,1.0,0.0
2016-07-12,25.745,26.0244,25.6755,25.6817,22981869.0,1.0,0.0
2016-07-13,25.3691,25.4932,25.0155,25.0723,24623670.0,1.0,0.0
2016-07-14,24.7214,24.7893,24.649,24.7029,26572270.0,1.0,0.0
2016-07-15,23.5514,23.9015,23.4154,23.843,37043823.0,1.0,0.0
2016-07-18,24.0625,24.5322,23.9902,24.3988,37062911.0,1.0,0.0
2016-07-19,24.4005,24.4269,23.7423,23.9469,30948685.0,1.0,0.0
2016-07-20,24.1409,24.3077,24.1224,24.2385,4305045.0,1.0,0.0
2016-07-21,23.2167,23.2873,22.8125,22.8781,26738351.0,1.0,0.0
2016-07-22,23.7644,23.9647,23.3513,23.5096,8127269.0,1.0,0.0
2016-07-25,24.1651,24.3022,23.8495,24.1451,4587232.0,1.0,0.0
2016-07-26,23.1433,23.5421,23.0443,23.4201,22521304.0,1.0,0.0
2016-07-27,23.9607,24.3842,23.8217,24.3392,48549808.0,1.0,0.0
2016-07-28,24.7584,24.928,24.5872,24.916,37271557.0,1.0,0.0
2016-07-29,24.6881,25.1248,24.6094,25.1074,31447370.0,1.0,0.0
2016-08-01,26.1199,26.3095,25.8738,25.8961,15654991.0,1.0,0.0
2016-08-02,29.3619,29.9519,29.2741,29.7983,24761683.0,1.0,0.0
2016-08-03,29.0743,29.1914,28.6533,28.8441,25969514.0,1.0,0.0
2016-08-04,29.062,29.1861,28.8045,29.0986,25536841.0,1.0,0.0
2016-08-05,28.7113,28.8327,28.6741,28.78,15673010.0,1.0,0.0
2016-08-08,29.7743,29.9984,29.7093,29.8676,39811244.0,1.0,0.0
2016-08-09,33.4816,33.8432,33.2482,33.6207,36904974.0,1.0,0.0
2016-08-10,32.531,33.0604,32.4714,33.0405,13896047.0,1.0,0.0
2016-08-11,30.335,30.4555,30.2763,30.4526,38746478.0,1.0,0.0
2016-08-12,31.814,31.8319,31.7336,31.7818,9168461.0,1.0,0.0
2016-08-15,32.156,32.2461,30.9312,31.1244,21220139.0,1.0,0.0
2016-08-16,29.6026,29.7524,29.3885,29.7098,31870773.0,1.0,0.0
2016-08-17,28.5384,28.6862,28.0665,28.1455,46307889.0,1.0,0.0
2016-08-18,28.6866,29.2438,28.5383,29.055,37284172.0,1.0,0.0
2016-08-19,28.7088,29.2089,28.6189,29.0966,46548553.0,1.0,0.0
2016-08-22,28.8199,29.0326,28.7496,29.0271,2877555.0,1.0,0.0
2016-08-23,31.5309,32.3324,31.3796,32.2125,12679618.0,1.0,0.0
2016-08-24,31.8836,31.971,31.6592,31.8417,7966200.0,1.0,0.0
2016-08-25,32.1965,32.2825,31.7244,31.8658,9542708.0,1.0,0.0
2016-08-26,30.5439,30.952,30.4422,30.8699,44421393.0,1.0,0.0
2016-08-29,27.4556,27.9457,27.4556,27.9032,40012217.0,1.0,0.0
2016-08-30,29.3002,29.3332,28.6441,28.7428,46944719.0,1.0,0.0
2016-08-31,27.0481,27.2186,26.3252,26.417,42974424.0,1.0,0.0
2016-09-01,27.2465,27.296,26.8549,27.0838,23003547.0,1.0,0.0
2016-09-02,28.0602,28.3842,28.0382,28.1844,5436335.0,1.0,0.0
2016-09-06,28.8838,29.2873,28.8593,29.2084,39926267.0,1.0,0.0
2016-09-07,31.0007,31.0779,30.8769,30.9706,29443076.0,1.0,0.0
2016-09-08,33.6717,34.4773,33.6482,33.9728,41524798.0,1.0,0.0
2016-09-09,32.5245,32.7267,32.4204,32.6758,29056268.0,1.0,0.0
2016-09-12,34.2023,34.2105,33.9782,33.9785,44582634.0,1.0,0.0
2016-09-13,37.2955,37.4854,36.8022,36.8084,40017644.0,1.0,0.0
2016-09-14,43.383,43.7272,42.6361,42.7074,15806231.0,1.0,0.0
2016-09-15,40.5833,41.3062,40.2677,40.992,27428372.0,1.0,0.0
2016-09-16,37.2236,37.7972,37.0819,37.4893,10967536.0,1.0,0.0
2016-09-19,33.7881,33.9342,33.5636,33.5684,18118236.0,1.0,0.0
2016-09-20,31.5996,31.6822,30.7068,30.9891,14768171.0,1.0,0.0
2016-09-21,31.2466,32.0804,31.0948,31.8316,32838752.0,1.0,0.0
2016-09-22,31.8702,32.2654,31.4718,31.5929,12038529.0,1.0,0.0
2016-09-23,33.0816,33.6744,32.888,33.2914,42057870.0,1.0,0.0
2016-09-26,29.9216,30.2258,29.8568,29.9477,15245666.0,1.0,0.0
2016-09-27,27.635,28.4042,27.6312,28.3879,4696962.0,1.0,0.0
2016-09-28,30.649,30.7189,30.3181,30.6418,30955628.0,1.0,0.0
2016-09-29,32.264,32.5954,32.1791,32.4658,29462332.0,1.0,0.0
2016-09-30,35.0165,35.0876,34.3809,34.5144,47639186.0,1.0,0.0
2016-10-03,35.7393,35.8156,34.9002,35.0317,18466850.0,1.0,0.0
2016-10-04,32.846,33.9002,32.8036,33.5875,18350164.0,1.0,0.0
2016-10-05,34.5174,34.8669,33.6184,33.93,34783227.0,1.0,0.0
2016-10-06,34.7241,35.0787,34.5397,34.5434,5120230.0,1.0,0.0
2016-10-07,35.2247,35.4517,35.1018,35.108,39996288.0,1.0,0.0
2016-10-10,33.2153,33.2866,32.7819,33.065,10859456.0,1.0,0.0
2016-10-11,33.8572,34.4718,33.716,34.4497,5534656.0,1.0,0.0
2016-10-12,38.4591,38.8525,38.3478,38.7337,22996292.0,1.0,0.0
2016-10-13,38.2668,38.5172,37.6619,37.6799,32516487.0,1.0,0.0
2016-10-14,40.2561,40.7147,40.0837,40.6616,21232320.0,1.0,0.0
2016-10-17,39.5375,40.0915,39.1157,39.739,16522898.0,1.0,0.0
2016-10-18,41.1243,41.4586,40.9656,41.0447,19492285.0,1.0,0.0
2016-10-19,40.1067,40.3644,39.9376,40.0142,49634158.0,1.0,0.0
2016-10-20,39.3133,39.4307,39.3086,39.3216,3564271.0,1.0,0.0
2016-10-21,40.4249,40.4317,40.1708,40.3374,29389652.0,1.0,0.0
2016-10-24,40.0303,40.3029,39.707,40.1988,44805408.0,1.0,0.0
2016-10-25,43.5454,43.6468,42.685,43.1273,44421713.0,1.0,0.0
2016-10-26,43.8788,44.5775,43.8141,44.562,33282730.0,1.0,0.0
2016-10-27,46.0729,46.0804,45.9053,45.9211,42421131.0,1.0,0.0
2016-10-28,46.2998,46.9077,46.095,46.692,26950964.0,1.0,0.0
2016-10-31,46.2654,46.7648,46.0176,46.7197,3819278.0,1.0,0.0
2016-11-01,46.1806,46.2749,45.7492,45.9164,40359124.0,1.0,0.0
2016-11-02,45.6426,45.9397,45.4753,45.809,18537787.0,1.0,0.0
2016-11-03,45.4815,45.765,45.4421,45.7368,35654458.0,1.0,0.0
2016-11-04,46.681,46.6954,46.0913,46.3664,5065717.0,1.0,0.0
2016-11-07,46.7079,46.9823,46.619,46.7589,18204897.0,1.0,0.0
2016-11-08,46.6485,47.5078,46.3852,47.4667,49856785.0,1.0,0.0
2016-11-09,47.0606,48.8797,46.8216,48.56,19030799.0,1.0,0.0
2016-11-10,48.5547,48.6238,47.6953,48.1684,49575997.0,1.0,0.0
2016-11-11,47.8723,49.4233,47.2438,49.1142,19896844.0,1.0,0.0
2016-11-14,48.7769,49.0871,48.151,48.1814,44603378.0,1.0,0.0
2016-11-15,50.1632,51.318,50.1211,51.1357,10252429.0,1.0,0.0
2016-11-16,51.9226,52.9247,51.8734,52.8173,33999081.0,1.0,0.0
2016-11-17,52.5731,53.1214,52.4851,53.0961,41170673.0,1.0,0.0
2016-11-18,53.7223,53.8295,53.4079,53.4685,35832325.0,1.0,0.0
2016-11-21,52.8761,52.9213,52.0681,52.1257,9412572.0,1.0,0.0
2016-11-22,50.9538,51.1294,50.1749,50.4497,20784365.0,1.0,0.0
2016-11-23,50.6355,52.5009,50.3254,52.4348,16362741.0,1.0,0.0
2016-11-25,51.6477,51.7884,51.142,51.5717,42482520.0,1.0,0.0
2016-11-28,50.6624,51.0184,49.407,49.4571,29083318.0,1.0,0.0
2016-11-29,49.0123,49.1313,48.1733,48.2506,22889057.0,1.0,0.0
2016-11-30,51.3687,51.3801,51.2581,51.3377,2388402.0,1.0,0.0
2016-12-01,53.1223,53.3051,52.5006,52.5567,32853336.0,1.0,0.0
2016-12-02,52.5582,52.7514,51.995,52.1367,4526066.0,1.0,0.0
2016-12-05,54.1204,55.3319,53.9925,54.9819,43139133.0,1.0,0.0
2016-12-06,55.2264,56.3865,54.9447,56.0208,14534372.0,1.0,0.0
2016-12-07,55.8991,56.0222,55.2464,55.4729,41970958.0,1.0,0.0
2016-12-08,55.8768,56.8308,55.8652,56.5394,14639150.0,1.0,0.0
2016-12-09,55.0179,55.0425,54.5884,54.589,33271811.0,1.0,0.0
2016-12-12,53.7669,53.8821,52.7746,53.0939,25700120.0,1.0,0.0
2016-12-13,55.3788,55.9453,55.1008,55.5275,16195099.0,1.0,0.0
2016-12-14,52.8992,53.1963,52.7255,53.0668,33957068.0,1.0,0.0
2016-12-15,52.6334,52.8168,51.8794,52.3119,14620106.0,1.0,0.0
2016-12-16,52.7719,53.0762,52.7199,52.7811,27921715.0,1.0,0.0
2016-12-19,51.7211,52.0668,50.1326,50.2727,11029539.0,1.0,0.0
2016-12-20,51.661,51.9425,51.5541,51.901,31891610.0,1.0,0.0
2016-12-21,50.0002,50.1675,48.9393,49.0296,36664858.0,1.0,0.0
2016-12-22,51.2992,51.4866,49.7575,50.0115,31389636.0,1.0,0.0
2016-12-23,51.5424,53.0346,51.4223,52.9412,2421309.0,1.0,0.0
2016-12-27,53.1085,53.5996,52.7773,53.2077,44930934.0,1.0,0.0
2016-12-28,55.1939,55.3726,54.0471,54.2591,3721624.0,1.0,0.0
2016-12-29,55.5863,55.9322,55.2705,55.6507,30446835.0,1.0,0.0
2016-12-30,56.5724,57.0475,56.1755,56.1834,11205376.0,1.0,0.0
2017-01-03,56.7942,56.8626,55.788,56.1709,28619594.0,1.0,0.0
2017-01-04,55.4935,56.8222,54.9041,56.4717,31648432.0,1.0,0.0
2017-01-05,56.4745,58.0188,55.962,57.7821,16003522.0,1.0,0.0
2017-01-06,57.0018,57.2043,56.7204,56.9779,48527977.0,1.0,0.0
2017-01-09,58.1297,59.5021,57.2604,58.773,22224782.0,1.0,0.0
2017-01-10,59.7577,59.8841,59.5605,59.6752,40184965.0,1.0,0.0
2017-01-11,59.7144,60.048,59.3751,59.7913,29398476.0,1.0,0.0
2017-01-12,59.151,59.4133,58.5951,58.9118,18720616.0,1.0,0.0
2017-01-13,59.3444,59.5699,59.262,59.4201,27179747.0,1.0,0.0
2017-01-17,59.1118,59.333,57.8891,58.0163,36454157.0,1.0,0.0
2017-01-18,55.7496,56.3512,55.5126,55.8159,25313898.0,1.0,0.0
2017-01-19,57.3876,57.4645,56.3828,56.4675,35617708.0,1.0,0.0
2017-01-20,59.4864,59.7301,59.2095,59.5543,35518760.0,1.0,0.0
2017-01-23,64.1968,64.5236,64.1492,64.4571,32332909.0,1.0,0.0
2017-01-24,64.625,66.2779,64.405,66.1257,41990245.0,1.0,0.0
2017-01-25,68.6104,69.8432,68.542,69.4306,12658412.0,1.0,0.0
2017-01-26,70.7693,71.2754,69.0138,69.5276,47111640.0,1.0,0.0
2017-01-27,69.8386,70.0308,68.5672,69.2056,45071132.0,1.0,0.0
2017-01-30,66.6802,66.7661,64.9193,65.0305,2229511.0,1.0,0.0
2017-01-31,65.1174,65.1851,64.4257,64.4638,24526539.0,1.0,0.0
2017-02-01,64.7224,65.3201,64.5556,64.7825,45064149.0,1.0,0.0
2017-02-02,66.9335,67.5183,66.2521,66.5044,28069606.0,1.0,0.0
2017-02-03,66.2866,67.607,66.1253,67.5582,22197249.0,1.0,0.0
2017-02-06,64.8691,65.0981,63.4996,63.694,37108540.0,1.0,0.0
2017-02-07,63.0812,63.9913,62.9034,63.2969,16233570.0,1.0,0.0
2017-02-08,62.8629,63.9141,62.4982,63.81,44582673.0,1.0,0.0
2017-02-09,63.4067,63.4928,62.1305,62.4247,41753112.0,1.0,0.0
2017-02-10,61.2597,62.574,60.9997,61.8559,1176854.0,1.0,0.0
2017-02-13,64.7849,64.8451,63.0772,63.1569,1633747.0,1.0,0.0
2017-02-14,64.0639,64.3683,63.6233,63.7799,16881075.0,1.0,0.0
2017-02-15,64.93,65.2752,63.9562,64.5745,41815692.0,1.0,0.0
2017-02-16,61.2918,61.7511,59.5744,59.8224,9270570.0,1.0,0.0
2017-02-17,59.9292,59.9661,59.8109,59.8516,28444346.0,1.0,0.0
2017-02-21,58.4472,59.003,57.7045,57.7991,11904604.0,1.0,0.0
2017-02-22,58.9374,60.4089,58.8189,60.2542,32065718.0,1.0,0.0
2017-02-23,59.5848,60.9055,59.5027,60.5054,5933005.0,1.0,0.0
2017-02-24,61.4322,61.4523,58.5137,58.5878,32210193.0,1.0,0.0
2017-02-27,58.4678,58.5054,57.4704,57.5559,22009263.0,1.0,0.0
2017-02-28,56.3975,57.631,55.9656,57.4219,36494618.0,1.0,0.0
2017-03-01,59.2417,59.9514,59.0826,59.6883,34991567.0,1.0,0.0
2017-03-02,59.2774,59.963,58.7023,59.6215,44561136.0,1.0,0.0
2017-03-03,58.1462,59.216,57.958,58.5384,1706781.0,1.0,0.0
2017-03-06,62.7198,63.1678,62.641,62.8054,3342915.0,1.0,0.0
2017-03-07,62.0008,62.3651,60.5763,61.0008,13263799.0,1.0,0.0
2017-03-08,61.6394,63.4483,61.3913,63.2947,42223404.0,1.0,0.0
2017-03-09,62.9595,63.1594,62.7532,62.8304,24501564.0,1.0,0.0
2017-03-10,59.6969,59.786,58.6331,59.1223,11769443.0,1.0,0.0
2017-03-13,58.3603,59.2594,58.2373,59.1367,36290116.0,1.0,0.0
2017-03-14,60.553,60.8768,60.3971,60.6076,3423669.0,1.0,0.0
2017-03-15,61.0524,61.3941,59.8136,60.2107,7797641.0,1.0,0.0
2017-03-16,60.9558,61.6801,59.9658,60.0728,9924488.0,1.0,0.0
2017-03-17,63.403,63.5535,62.4466,62.6124,31889225.0,1.0,0.0
2017-03-20,62.21,63.1058,61.8114,62.689,42315450.0,1.0,0.0
2017-03-21,61.0833,61.4056,60.9378,61.1289,28727804.0,1.0,0.0
2017-03-22,60.6887,61.4417,60.3757,61.4132,41244033.0,1.0,0.0
2017-03-23,61.2499,62.5765,61.0669,62.1251,7241188.0,1.0,0.0
2017-03-24,64.9268,66.6752,64.6622,65.7897,38363616.0,1.0,0.0
2017-03-27,65.4619,68.0629,64.8567,67.4323,23020124.0,1.0,0.0
2017-03-28,67.0841,68.9781,66.989,68.2545,33808387.0,1.0,0.0
2017-03-29,68.2679,70.1517,68.0479,69.5487,39774179.0,1.0,0.0
2017-03-30,71.1658,72.6608,70.8013,72.2883,11833561.0,1.0,0.0
2017-03-31,71.472,72.2154,70.0123,70.3929,8899561.0,1.0,0.0
2017-04-03,70.2922,70.3598,69.7765,69.864,41665568.0,1.0,0.0
2017-04-04,69.7232,70.8533,69.4811,70.5012,31396356.0,1.0,0.0
2017-04-05,70.4679,71.0587,70.4615,70.7744,14707689.0,1.0,0.0
2017-04-06,70.7202,73.0524,70.3705,71.7104,22843409.0,1.0,0.0
2017-04-07,72.1407,72.595,69.7408,69.946,15291409.0,1.0,0.0
2017-04-10,70.4382,71.8436,70.3867,71.669,33352809.0,1.0,0.0
2017-04-11,69.7701,70.4483,69.568,70.154,47446560.0,1.0,0.0
2017-04-12,67.4566,68.5453,66.9638,68.3712,41923558.0,1.0,0.0
2017-04-13,66.8419,66.9445,66.2689,66.3954,37977003.0,1.0,0.0
2017-04-17,65.9456,66.2984,65.451,65.5916,26480098.0,1.0,0.0
2017-04-18,63.667,64.4816,63.5728,64.1194,1951628.0,1.0,0.0
2017-04-19,63.5351,64.7939,62.5246,64.2396,28283712.0,1.0,0.0
2017-04-20,61.6583,62.8977,61.1794,62.4822,29679997.0,1.0,0.0
2017-04-21,62.1652,62.2073,60.8904,61.3445,35174019.0,1.0,0.0
2017-04-24,61.7863,61.8296,61.3045,61.6395,5088244.0,1.0,0.0
2017-04-25,62.1122,62.7737,62.0848,62.5394,47347564.0,1.0,0.0
2017-04-26,62.5861,63.9607,62.0845,63.8908,29864540.0,1.0,0.0
2017-04-27,63.6875,63.7399,62.7681,63.0825,37070170.0,1.0,0.0
2017-04-28,63.9942,65.3489,63.6561,65.2718,29616191.0,1.0,0.0
2017-05-01,64.0855,64.1808,62.7728,62.9058,20620091.0,1.0,0.0
2017-05-02,63.2679,63.7978,61.9219,62.2101,21704863.0,1.0,0.0
2017-05-03,62.8196,63.2504,62.1513,62.9731,6713327.0,1.0,0.0
2017-05-04,63.6783,64.0058,63.143,63.2743,1273392.0,1.0,0.0
2017-05-05,62.2786,62.8102,61.1025,61.7548,10305424.0,1.0,0.0
2017-05-08,59.1992,59.7511,58.9133,59.3956,25945133.0,1.0,0.0
2017-05-09,59.4475,61.2661,58.9482,61.0485,32829067.0,1.0,0.0
2017-05-10,61.0115,61.4378,59.3634,59.7147,42879938.0,1.0,0.0
2017-05-11,58.5483,58.9998,58.1997,58.8629,29357079.0,1.0,0.0
2017-05-12,60.5827,61.1233,60.506,60.9804,10243507.0,1.0,0.0
2017-05-15,59.7895,59.9995,58.3803,58.6296,41311674.0,1.0,0.0
2017-05-16,58.785,59.0738,57.5987,57.8458,41426874.0,1.0,0.0
2017-05-17,57.4672,57.733,57.0762,57.2898,46295288.0,1.0,0.0
2017-05-18,60.1957,61.1072,60.0687,60.8536,47647235.0,1.0,0.0
2017-05-19,59.5982,59.6891,59.465,59.5609,45602088.0,1.0,0.0
2017-05-22,59.4048,60.1783,58.3426,58.8676,39246858.0,1.0,0.0
2017-05-23,58.8079,59.4966,58.7783,59.4893,20750625.0,1.0,0.0
2017-05-24,58.6498,58.8835,58.3287,58.3693,12817886.0,1.0,0.0
2017-05-25,57.7767,57.8813,56.0335,56.2894,47063708.0,1.0,0.0
2017-05-26,55.816,57.2556,55.6138,57.0601,15061313.0,1.0,0.0
2017-05-30,61.5883,62.0292,61.5271,61.5275,36851841.0,1.0,0.0
2017-05-31,59.6877,60.114,59.5676,60.0782,12382456.0,1.0,0.0
2017-06-01,61.0228,61.2091,60.4994,60.6459,26985905.0,1.0,0.0
2017-06-02,59.6527,60.2627,59.0867,59.6618,34370820.0,1.0,0.0
2017-06-05,58.2875,58.6051,57.7965,57.9701,17516209.0,1.0,0.0
2017-06-06,56.0692,56.737,56.046,56.3602,48010869.0,1.0,0.0
2017-06-07,57.3258,57.8594,57.1282,57.5541,20151201.0,1.0,0.0
2017-06-08,57.861,58.1977,56.9804,57.0152,1929024.0,1.0,0.0
2017-06-09,58.2638,58.3056,57.991,58.0398,31086893.0,1.0,0.0
2017-06-12,58.4487,59.0967,58.3821,58.8704,30290354.0,1.0,0.0
2017-06-13,58.9888,59.8707,58.7247,59.6251,33708074.0,1.0,0.0
2017-06-14,57.4506,57.6784,57.0788,57.4927,20057155.0,1.0,0.0
2017-06-15,56.9696,57.965,56.8662,57.616,32566457.0,1.0,0.0
2017-06-16,57.2816,57.3251,56.3004,56.4923,9072029.0,1.0,0.0
2017-06-19,54.4173,54.6631,54.0145,54.3626,7858861.0,1.0,0.0
2017-06-20,55.707,55.9179,55.0949,55.1559,19814228.0,1.0,0.0
2017-06-21,55.5151,56.9697,55.1734,56.3048,11515795.0,1.0,0.0
2017-06-22,55.8705,55.978,55.1074,55.1696,11514154.0,1.0,0.0
2017-06-23,55.9513,56.2699,54.9498,55.0546,37819615.0,1.0,0.0
2017-06-26,53.8869,54.2301,53.8114,53.878,40931697.0,1.0,0.0
2017-06-27,52.7249,52.79,52.2389,52.4042,45473980.0,1.0,0.0
2017-06-28,53.0531,53.3146,52.9578,53.0392,6408376.0,1.0,0.0
2017-06-29,53.6925,54.1598,53.2662,53.9957,48156091.0,1.0,0.0
2017-06-30,54.3938,54.8906,53.6518,53.9425,37140674.0,1.0,0.0
2017-07-03,54.9918,55.5559,54.4606,55.3889,13974120.0,1.0,0.0
2017-07-05,56.0415,56.1749,55.9693,56.0579,49514506.0,1.0,0.0
2017-07-06,55.9368,55.956,53.9151,54.1265,33681210.0,1.0,0.0
2017-07-07,54.4863,55.4432,54.2449,55.2882,24593324.0,1.0,0.0
2017-07-10,54.5153,55.6799,54.2387,54.9814,22377963.0,1.0,0.0
2017-07-11,53.0989,53.3686,52.7489,52.7843,35467744.0,1.0,0.0
2017-07-12,52.0433,52.2207,51.9107,52.0518,28201650.0,1.0,0.0
2017-07-13,51.597,52.6227,51.4482,52.4234,9240080.0,1.0,0.0
2017-07-14,52.8371,53.0969,50.3581,50.5373,33625414.0,1.0,0.0
2017-07-17,51.1326,51.9637,49.1982,49.6632,47053936.0,1.0,0.0
2017-07-18,49.9231,50.2741,48.2282,48.3098,34761417.0,1.0,0.0
2017-07-19,47.9908,48.3451,47.6829,47.9639,29957485.0,1.0,0.0
2017-07-20,47.7055,48.7266,47.3667,48.4133,23536698.0,1.0,0.0
2017-07-21,48.3285,48.4047,48.0034,48.2005,18250820.0,1.0,0.0
2017-07-24,48.0172,48.689,47.9433,48.1584,13828031.0,1.0,0.0
2017-07-25,49.0273,49.4822,48.93,49.4752,37400444.0,1.0,0.0
2017-07-26,49.9782,51.0869,49.8588,50.6259,11598694.0,1.0,0.0
2017-07-27,50.4375,50.5874,49.6553,49.8224,19459924.0,1.0,0.0
2017-07-28,49.7462,49.8386,49.7379,49.8022,2848286.0,1.0,0.0
2017-07-31,49.8807,50.8752,49.4379,50.4815,23857478.0,1.0,0.0
2017-08-01,50.1145,50.4959,49.8766,50.3989,26220540.0,1.0,0.0
2017-08-02,50.1401,51.358,49.7971,50.9868,37840131.0,1.0,0.0
2017-08-03,51.3398,51.8423,51.0819,51.7051,15394309.0,1.0,0.0
2017-08-04,51.1158,51.1743,50.4942,50.6292,6222621.0,1.0,0.0
2017-08-07,51.1209,52.8032,50.7875,52.6821,33234895.0,1.0,0.0
2017-08-08,51.8916,52.0588,51.7743,51.8884,27428775.0,1.0,0.0
2017-08-09,52.7073,53.9259,52.4199,53.674,38787513.0,1.0,0.0
2017-08-10,52.776,54.0041,52.7237,53.5257,33401567.0,1.0,0.0
2017-08-11,54.3883,54.6113,53.9043,54.0666,29034020.0,1.0,0.0
2017-08-14,51.971,52.7283,51.6703,52.5389,21769739.0,1.0,0.0
2017-08-15,51.8646,52.4724,50.5503,51.2052,24424234.0,1.0,0.0
2017-08-16,50.4255,51.3693,50.3543,51.2703,7301754.0,1.0,0.0
2017-08-17,51.3007,51.8072,50.2957,50.3838,18485625.0,1.0,0.0
2017-08-18,50.5041,50.5703,50.1517,50.4639,36923282.0,1.0,0.0
2017-08-21,50.7191,52.4017,50.291,52.3516,34790233.0,1.0,0.0
2017-08-22,52.0952,53.2111,52.0365,52.9078,1380987.0,1.0,0.0
2017-08-23,52.695,52.7373,52.487,52.5236,39450455.0,1.0,0.0
2017-08-24,52.3929,52.7019,52.3233,52.4176,47712528.0,1.0,0.0
2017-08-25,52.4866,52.689,52.0192,52.2371,8631433.0,1.0,0.0
2017-08-28,51.2924,52.4329,51.067,52.42,49648932.0,1.0,0.0
2017-08-29,53.4899,53.7804,52.8941,53.0057,7454579.0,1.0,0.0
2017-08-30,52.2751,52.7308,51.4465,52.7099,46300595.0,1.0,0.0
2017-08-31,51.9266,52.047,51.1536,51.5909,48421802.0,1.0,0.0
2017-09-01,53.4244,53.4307,52.5091,52.5117,26421700.0,1.0,0.0
2017-09-05,52.7108,52.7807,52.2475,52.4194,16544785.0,1.0,0.0
2017-09-06,53.6789,54.9939,53.4799,54.9066,14275101.0,1.0,0.0
2017-09-07,54.5244,54.7387,53.3803,53.4848,18055943.0,1.0,0.0
2017-09-08,54.1183,56.5461,53.8556,56.072,9047681.0,1.0,0.0
2017-09-11,56.2965,56.5243,54.6427,54.9501,21847416.0,1.0,0.0
2017-09-12,55.2634,55.6201,55.2075,55.3168,21485094.0,1.0,0.0
2017-09-13,55.2393,55.3531,52.9867,53.1856,27677136.0,1.0,0.0
2017-09-14,53.0414,54.9879,52.9028,54.8113,23894789.0,1.0,0.0
2017-09-15,54.5383,54.6848,53.6448,53.9125,45331602.0,1.0,0.0
2017-09-18,54.3356,54.5647,53.3938,53.4312,23319462.0,1.0,0.0
2017-09-19,53.1552,55.0992,52.995,54.9541,28638802.0,1.0,0.0
2017-09-20,54.4474,54.6507,53.7175,53.9083,13268482.0,1.0,0.0
2017-09-21,53.7347,53.8628,52.3803,52.9052,16951474.0,1.0,0.0
2017-09-22,53.1934,54.0242,53.1817,53.799,14295579.0,1.0,0.0
2017-09-25,53.9961,54.5566,53.5282,53.885,45587208.0,1.0,0.0
2017-09-26,53.8836,55.0264,53.5902,54.5515,43176185.0,1.0,0.0
2017-09-27,54.6881,54.9512,54.3916,54.6479,9211152.0,1.0,0.0
2017-09-28,53.4403,54.4062,53.2706,53.9732,21105461.0,1.0,0.0
2017-09-29,53.7566,53.771,53.0619,53.0782,43577980.0,1.0,0.0
2017-10-02,53.2115,53.3655,51.7015,51.7269,27973923.0,1.0,0.0
2017-10-03,51.8023,52.2243,51.6571,51.8616,41685534.0,1.0,0.0
2017-10-04,52.5673,52.8099,51.7138,51.9378,2007233.0,1.0,0.0
2017-10-05,52.5192,52.5969,51.7044,51.9213,25280114.0,1.0,0.0
2017-10-06,50.3702,50.5475,50.2274,50.2601,49300933.0,1.0,0.0
2017-10-09,51.327,51.7613,50.6838,50.9781,41219473.0,1.0,0.0
2017-10-10,50.4681,51.2228,50.4297,51.2155,30760426.0,1.0,0.0
2017-10-11,51.0379,51.3015,50.2896,50.4374,1022656.0,1.0,0.0
2017-10-12,51.0402,51.1906,50.7344,51.181,49664246.0,1.0,0.0
2017-10-13,51.7498,52.2051,51.355,51.8088,13193772.0,1.0,0.0
2017-10-16,51.8036,52.0305,51.4783,51.5311,47264663.0,1.0,0.0
2017-10-17,50.5981,52.2295,50.4294,51.5255,38241429.0,1.0,0.0
2017-10-18,51.5597,51.6642,50.7406,51.0166,47589720.0,1.0,0.0
2017-10-19,51.4321,51.5424,50.6993,50.838,8379034.0,1.0,0.0
2017-10-20,51.0901,51.3632,50.8478,51.2251,18535454.0,1.0,0.0
2017-10-23,50.5141,50.6136,49.8321,50.0417,9627429.0,1.0,0.0
2017-10-24,50.5544,52.3797,50.3636,52.0304,39573305.0,1.0,0.0
2017-10-25,51.411,52.5083,51.1679,52.4284,2230039.0,1.0,0.0
2017-10-26,52.8492,53.4037,52.5312,53.1459,25748910.0,1.0,0.0
2017-10-27,52.5503,52.6598,52.5055,52.6246,12631251.0,1.0,0.0
2017-10-30,53.002,53.5932,52.8049,53.5267,14218665.0,1.0,0.0
2017-10-31,52.8647,53.5185,52.7441,53.4791,13204365.0,1.0,0.0
2017-11-01,52.847,53.5475,52.8371,53.3441,26631513.0,1.0,0.0
2017-11-02,54.2714,54.7411,54.1352,54.323,39049575.0,1.0,0.0
2017-11-03,54.057,54.0634,52.9107,52.9526,39907701.0,1.0,0.0
2017-11-06,52.4897,52.5371,50.621,51.0293,25944458.0,1.0,0.0
2017-11-07,51.0421,51.3887,50.9309,51.3369,43240611.0,1.0,0.0
2017-11-08,51.1777,51.3469,50.6768,50.9348,49944175.0,1.0,0.0
2017-11-09,51.333,52.9339,51.1446,52.7795,33399928.0,1.0,0.0
2017-11-10,53.0067,53.299,52.9248,53.1165,11599978.0,1.0,0.0
2017-11-13,53.4149,54.2372,53.0051,53.9646,49680279.0,1.0,0.0
2017-11-14,54.3319,55.4377,54.1037,54.7586,2160358.0,1.0,0.0
2017-11-15,54.6258,54.9333,54.3418,54.6484,49836858.0,1.0,0.0
2017-11-16,54.3439,54.6448,53.8739,54.4818,23777573.0,1.0,0.0
2017-11-17,54.7891,55.6094,54.1961,55.2475,27368121.0,1.0,0.0
2017-11-20,55.4627,56.2729,55.1138,56.267,47329425.0,1.0,0.0
2017-11-21,55.8319,55.8618,54.8968,55.2218,8619148.0,1.0,0.0
2017-11-22,55.4201,55.781,54.478,54.6007,26984923.0,1.0,0.0
2017-11-24,54.5523,54.7329,53.268,53.8557,21541893.0,1.0,0.0
2017-11-27,54.2477,54.5669,53.8916,54.0426,38474045.0,1.0,0.0
2017-11-28,53.931,54.7708,53.924,54.5126,15831371.0,1.0,0.0
2017-11-29,56.8918,57.0058,56.3232,56.407,17926630.0,1.0,0.0
2017-11-30,56.7208,56.7516,55.2568,55.3726,35972751.0,1.0,0.0
2017-12-01,55.1234,55.3042,54.9788,54.9918,47135170.0,1.0,0.0
2017-12-04,55.4637,56.5106,54.8068,56.3462,20760026.0,1.0,0.0
2017-12-05,56.0127,56.763,55.4206,56.5613,42321729.0,1.0,0.0
2017-12-06,57.0461,57.8291,56.3551,57.8181,19578738.0,1.0,0.0
2017-12-07,58.1987,58.438,56.9318,57.3417,22711788.0,1.0,0.0
2017-12-08,57.8796,58.0176,57.0813,57.3691,40068211.0,1.0,0.0
2017-12-11,56.1863,56.3542,55.8856,55.9351,28998794.0,1.0,0.0
2017-12-12,56.1043,56.7124,56.0888,56.6032,11575281.0,1.0,0.0
2017-12-13,57.7233,58.0195,57.5778,57.6413,23003059.0,1.0,0.0
2017-12-14,57.4306,59.3078,57.3994,58.9827,49434347.0,1.0,0.0
2017-12-15,58.902,60.369,58.5536,59.9993,4984469.0,1.0,0.0
2017-12-18,59.4379,59.4782,58.2897,58.6735,29753570.0,1.0,0.0
2017-12-19,57.9131,58.057,57.1471,57.3296,42567716.0,1.0,0.0
2017-12-20,56.8138,57.1065,55.9181,56.6307,45772899.0,1.0,0.0
2017-12-21,56.9332,57.1703,56.4405,56.7894,41419449.0,1.0,0.0
2017-12-22,56.8365,57.6646,56.7386,57.4699,33287830.0,1.0,0.0
2017-12-26,57.8387,58.2841,57.5751,58.0746,1606161.0,1.0,0.0
2017-12-27,59.077,59.0993,57.8919,58.0832,23294310.0,1.0,0.0
2017-12-28,58.3871,58.8882,57.5364,58.8297,34811969.0,1.0,0.0
2017-12-29,58.3367,60.0045,58.0936,59.5807,7137902.0,1.0,0.0
2018-01-02,59.2271,59.5063,58.208,58.3753,12143279.0,1.0,0.0
2018-01-03,58.8726,60.2547,58.2556,59.7039,48422963.0,1.0,0.0
2018-01-04,59.3692,59.8746,59.0466,59.5775,43915086.0,1.0,0.0
2018-01-05,58.7717,59.1722,56.9629,57.6712,39470007.0,1.0,0.0
2018-01-08,56.5029,56.6926,56.0395,56.2645,15963030.0,1.0,0.0
2018-01-09,55.9809,56.044,55.7645,55.9127,24973213.0,1.0,0.0
2018-01-10,56.7601,58.217,56.7409,57.5288,14352884.0,1.0,0.0
2018-01-11,57.3901,57.6274,56.9345,57.593,6547902.0,1.0,0.0
2018-01-12,57.9507,58.3593,57.6382,58.1336,13286573.0,1.0,0.0
2018-01-16,58.53,58.7545,57.7664,57.8397,41821890.0,1.0,0.0
2018-01-17,57.4008,57.722,57.2853,57.6589,26779283.0,1.0,0.0
2018-01-18,57.8854,58.3175,57.6115,58.052,41723912.0,1.0,0.0
2018-01-19,57.3881,57.7351,56.3778,56.5845,4196439.0,1.0,0.0
2018-01-22,57.1457,57.158,55.8277,55.9755,16736584.0,1.0,0.0
2018-01-23,55.8967,57.2127,55.8854,56.7304,23798125.0,1.0,0.0
2018-01-24,56.6409,57.1816,56.3815,56.5726,17282862.0,1.0,0.0
2018-01-25,57.0379,57.3154,56.4021,56.8684,48297718.0,1.0,0.0
2018-01-26,56.2961,56.3814,55.9808,56.1585,8633448.0,1.0,0.0
2018-01-29,56.7655,57.0057,56.0555,56.8757,12463202.0,1.0,0.0
2018-01-30,56.4202,56.8679,55.2575,55.2796,11579598.0,1.0,0.0
2018-01-31,54.4116,54.6179,53.7837,54.3468,15237374.0,1.0,0.0
2018-02-01,53.4047,53.7746,53.074,53.5139,33618326.0,1.0,0.0
2018-02-02,59.3374,59.3449,58.5979,58.722,40150386.0,1.0,0.0
2018-02-05,57.8777,59.5223,57.6961,59.5043,34147399.0,1.0,0.0
2018-02-06,60.2942,61.4277,60.1876,61.3285,36181986.0,1.0,0.0
2018-02-07,62.5135,63.4732,62.3034,63.2415,8958826.0,1.0,0.0
2018-02-08,63.7712,63.9548,63.5724,63.91,16217243.0,1.0,0.0
2018-02-09,61.8821,63.2592,61.3046,63.0932,31093220.0,1.0,0.0
2018-02-12,65.0311,65.3676,62.3216,62.4309,43163282.0,1.0,0.0
2018-02-13,64.9428,65.1183,64.7493,64.9008,4889397.0,1.0,0.0
2018-02-14,63.3062,63.5102,63.0231,63.0758,30923754.0,1.0,0.0
2018-02-15,63.7364,66.4074,63.5524,65.8852,32870590.0,1.0,0.0
2018-02-16,66.5995,67.8602,66.5223,67.2392,10026449.0,1.0,0.0
2018-02-20,66.4493,66.6318,65.6705,65.8295,29973570.0,1.0,0.0
2018-02-21,67.6224,67.8889,66.6536,66.9709,18775715.0,1.0,0.0
2018-02-22,66.7678,66.8599,66.2904,66.364,42518104.0,1.0,0.0
2018-02-23,67.2624,68.1909,66.932,67.9598,33227482.0,1.0,0.0
2018-02-26,71.3902,71.479,71.0453,71.1475,23017342.0,1.0,0.0
2018-02-27,72.2169,72.4656,69.1463,69.572,27418081.0,1.0,0.0
2018-02-28,69.9188,70.0747,68.8681,69.6285,5881578.0,1.0,0.0
2018-03-01,72.0346,73.2335,71.747,73.1091,19335836.0,1.0,0.0
2018-03-02,74.425,75.1327,73.6291,73.6939,24442418.0,1.0,0.0
2018-03-05,70.4763,71.6132,70.1542,71.5357,42053165.0,1.0,0.0
2018-03-06,72.7045,73.5704,72.3851,73.5591,14050756.0,1.0,0.0
2018-03-07,75.0082,75.5354,74.3988,74.8538,8545589.0,1.0,0.0
2018-03-08,75.1205,75.4136,73.5912,73.9039,30930152.0,1.0,0.0
2018-03-09,74.3087,74.4036,74.1529,74.2749,42717704.0,1.0,0.0
2018-03-12,72.3259,74.2636,71.8994,74.069,25110234.0,1.0,0.0
2018-03-13,74.042,74.2354,73.4111,73.4819,30150423.0,1.0,0.0
2018-03-14,70.2194,71.2942,69.8627,70.6631,16704283.0,1.0,0.0
2018-03-15,71.3915,72.8616,71.1016,72.858,49462338.0,1.0,0.0
2018-03-16,72.3716,73.0696,71.9213,73.0249,21134173.0,1.0,0.0
2018-03-19,75.6861,76.5604,75.1287,76.1599,19191274.0,1.0,0.0
2018-03-20,77.3791,77.7129,77.2163,77.2757,8119667.0,1.0,0.0
2018-03-21,76.3298,76.9272,76.0624,76.526,48992197.0,1.0,0.0
2018-03-22,76.2291,76.5797,76.1559,76.1875,29651310.0,1.0,0.0
2018-03-23,77.2102,77.6608,77.1129,77.5711,46787889.0,1.0,0.0
2018-03-26,78.7238,80.0404,78.5343,79.5307,10670836.0,1.0,0.0
2018-03-27,79.9631,80.2834,78.6888,79.1439,49586395.0,1.0,0.0
2018-03-28,79.408,79.4247,77.6999,77.9849,44349590.0,1.0,0.0
2018-03-29,81.808,81.9327,79.6776,79.8031,32883373.0,1.0,0.0
2018-04-02,79.8279,81.9819,79.4592,81.7589,25657116.0,1.0,0.0
2018-04-03,81.4542,82.7521,80.9262,81.2087,38107867.0,1.0,0.0
2018-04-04,80.2485,80.4207,79.9053,79.9491,19381005.0,1.0,0.0
2018-04-05,80.2958,80.7335,79.3423,79.9157,4854913.0,1.0,0.0
2018-04-06,80.3077,80.8065,80.1673,80.7158,4065815.0,1.0,0.0
2018-04-09,78.1417,79.9971,78.0942,79.7952,46320352.0,1.0,0.0
2018-04-10,78.302,78.9251,77.7021,78.4812,43763582.0,1.0,0.0
2018-04-11,76.608,76.6949,75.4752,75.6077,40499776.0,1.0,0.0
2018-04-12,76.1118,76.5322,74.8941,75.0619,7804738.0,1.0,0.0
2018-04-13,73.6571,76.4897,73.1312,76.2402,49408952.0,1.0,0.0
2018-04-16,79.9493,80.4985,76.6054,76.9406,18055545.0,1.0,0.0
2018-04-17,78.5375,79.0494,78.103,78.8065,15427758.0,1.0,0.0
2018-04-18,79.4143,80.3778,79.2481,79.9131,24909123.0,1.0,0.0
2018-04-19,77.1496,77.3578,76.708,76.9067,38513729.0,1.0,0.0
2018-04-20,75.9574,76.1187,74.4433,74.9109,42427377.0,1.0,0.0
2018-04-23,69.7753,70.3189,69.5476,70.2259,1737410.0,1.0,0.0
2018-04-24,69.4259,69.8475,67.696,68.2467,30976080.0,1.0,0.0
2018-04-25,66.9721,67.3021,65.924,66.0673,47485862.0,1.0,0.0
2018-04-26,66.2673,66.8199,65.365,65.5131,44588910.0,1.0,0.0
2018-04-27,63.0599,63.183,61.142,61.8536,49851282.0,1.0,0.0
2018-04-30,64.3343,64.905,64.2566,64.4942,3180535.0,1.0,0.0
2018-05-01,66.9766,67.2941,65.8098,65.921,20355497.0,1.0,0.0
2018-05-02,65.6855,67.5227,65.5925,67.2692,41250085.0,1.0,0.0
2018-05-03,67.697,67.8721,66.4756,66.577,1749711.0,1.0,0.0
2018-05-04,66.2999,66.3427,65.1882,65.547,6375478.0,1.0,0.0
2018-05-07,65.944,67.9422,65.9019,67.6522,27452546.0,1.0,0.0
2018-05-08,74.6991,76.3273,74.4839,75.7164,18760292.0,1.0,0.0
2018-05-09,77.7588,79.0279,77.48,78.6852,49526441.0,1.0,0.0
2018-05-10,79.4807,80.8162,79.1514,80.6578,49199497.0,1.0,0.0
2018-05-11,79.6886,80.8189,79.5891,79.5988,1842167.0,1.0,0.0
2018-05-14,82.5271,82.8809,82.2865,82.5746,2229142.0,1.0,0.0
2018-05-15,81.5059,81.7243,80.2602,80.3423,24178902.0,1.0,0.0
2018-05-16,80.1364,80.2003,79.4421,79.6914,7419565.0,1.0,0.0
2018-05-17,78.9019,79.3447,77.7934,78.1718,43637304.0,1.0,0.0
2018-05-18,83.6615,84.1298,82.717,82.9269,16885201.0,1.0,0.0
2018-05-21,82.2613,82.5202,80.7327,81.0763,19485448.0,1.0,0.0
2018-05-22,74.1855,76.8655,73.9059,76.6114,31339534.0,1.0,0.0
2018-05-23,78.6667,78.6846,77.6558,78.2209,35231365.0,1.0,0.0
2018-05-24,75.1763,75.7313,73.8394,74.1812,43165733.0,1.0,0.0
2018-05-25,75.1879,76.2669,74.8287,75.8926,28500279.0,1.0,0.0
2018-05-29,73.4216,73.7526,73.2205,73.7479,49573921.0,1.0,0.0
2018-05-30,76.8786,77.2801,76.2991,76.5507,40990045.0,1.0,0.0
2018-05-31,79.5573,80.4683,78.7741,79.6023,37847894.0,1.0,0.0
2018-06-01,81.4078,82.1307,80.4059,80.6233,3261158.0,1.0,0.0
2018-06-04,73.9999,74.261,72.0532,72.8549,20191511.0,1.0,0.0
2018-06-05,70.6729,70.8754,68.6282,68.8186,39925309.0,1.0,0.0
2018-06-06,58.798,58.912,58.2175,58.4066,32310339.0,1.0,0.0
2018-06-07,61.7705,61.9732,60.6487,60.8254,43842575.0,1.0,0.0
2018-06-08,63.3185,64.2106,63.1677,63.5711,6569271.0,1.0,0.0
2018-06-11,71.5209,71.8085,70.846,71.01,5278312.0,1.0,0.0
2018-06-12,69.3025,69.4256,68.9772,68.9807,4329440.0,1.0,0.0
2018-06-13,49.783,50.6957,49.5298,50.3716,14690737.0,1.0,0.0
2018-06-14,56.2016,57.0693,55.588,56.6198,16881471.0,1.0,0.0
2018-06-15,55.6021,55.9781,54.5771,54.6842,47207959.0,1.0,0.0
2018-06-18,53.9653,53.9821,53.1211,53.3673,37865080.0,1.0,0.0
2018-06-19,51.6889,51.9079,51.4805,51.6605,23707985.0,1.0,0.0
2018-06-20,50.7665,51.7406,50.7038,51.6062,13719665.0,1.0,0.0
2018-06-21,50.3004,50.4687,49.9468,49.9502,46362999.0,1.0,0.0
2018-06-22,48.4809,49.099,48.0716,48.989,11818314.0,1.0,0.0
2018-06-25,49.3942,50.5436,49.3707,50.1034,21787076.0,1.0,0.0
2018-06-26,50.265,50.4598,49.8758,49.8797,7415278.0,1.0,0.0
2018-06-27,48.5515,49.3914,48.2749,48.9718,3561008.0,1.0,0.0
2018-06-28,56.9541,57.288,56.8834,57.0239,24151112.0,1.0,0.0
2018-06-29,52.5535,53.3143,52.468,52.8463,8455590.0,1.0,0.0
2018-07-02,46.2765,46.2936,45.8706,46.2351,8914655.0,1.0,0.0
2018-07-03,43.3472,44.1334,43.1856,43.9175,20209807.0,1.0,0.0
2018-07-05,35.5502,36.2986,35.5094,36.1194,14684757.0,1.0,0.0
2018-07-06,35.0902,35.1295,34.1287,34.1954,15265927.0,1.0,0.0
2018-07-09,32.2781,32.551,32.125,32.4705,46012380.0,1.0,0.0
2018-07-10,33.4313,33.4495,33.0373,33.4326,12048663.0,1.0,0.0
2018-07-11,39.5379,40.0088,39.2381,39.9501,37653070.0,1.0,0.0
2018-07-12,44.0505,44.2711,42.5274,43.0433,4889656.0,1.0,0.0
2018-07-13,42.3877,42.505,42.3868,42.4789,38782303.0,1.0,0.0
2018-07-16,40.6554,41.2533,40.2505,41.1438,17574767.0,1.0,0.0
2018-07-17,39.1686,39.2107,38.5464,38.9026,46154921.0,1.0,0.0
2018-07-18,39.6484,39.7174,39.2728,39.307,16118397.0,1.0,0.0
2018-07-19,35.5044,35.6648,35.4354,35.5992,12442803.0,1.0,0.0
2018-07-20,36.7885,37.2143,36.7694,37.1238,46801398.0,1.0,0.0
2018-07-23,40.6332,42.0201,40.6238,41.8706,34394226.0,1.0,0.0
2018-07-24,40.5595,40.8952,40.1693,40.8662,13822739.0,1.0,0.0
2018-07-25,38.7881,38.8697,38.4742,38.6914,48699449.0,1.0,0.0
2018-07-26,34.1978,34.6032,34.1523,34.5312,27951184.0,1.0,0.0
2018-07-27,37.2806,37.6552,36.9847,37.3996,49428016.0,1.0,0.0
2018-07-30,39.901,40.7738,39.7632,40.6643,29431262.0,1.0,0.0
2018-07-31,35.0608,35.4776,35.0358,35.4352,48383063.0,1.0,0.0
2018-08-01,29.0867,29.6957,29.0004,29.5538,38556694.0,1.0,0.0
2018-08-02,30.4416,30.8184,30.4316,30.8114,12897020.0,1.0,0.0
2018-08-03,27.8989,27.9723,27.6094,27.6225,7077739.0,1.0,0.0
2018-08-06,29.4984,29.7049,29.044,29.0711,25689865.0,1.0,0.0
2018-08-07,25.3373,25.5008,25.291,25.4019,34712738.0,1.0,0.0
2018-08-08,22.5238,22.6384,21.9324,22.0131,32006363.0,1.0,0.0
2018-08-09,22.4899,22.5123,22.1117,22.2511,4515014.0,1.0,0.0
2018-08-10,21.5846,21.6473,21.3903,21.4207,14515977.0,1.0,0.0
2018-08-13,20.5224,20.6288,20.0961,20.1145,38488472.0,1.0,0.0
2018-08-14,22.9706,23.6561,22.8028,23.5923,32851674.0,1.0,0.0
2018-08-15,23.3947,23.4181,23.1509,23.2408,2287562.0,1.0,0.0
2018-08-16,23.4668,23.8937,23.4201,23.7157,16093887.0,1.0,0.0
2018-08-17,25.047,25.1695,24.7403,24.8528,7279556.0,1.0,0.0
2018-08-20,25.4838,25.8798,25.3986,25.657,14781320.0,1.0,0.0
2018-08-21,24.4472,24.4957,23.9221,24.0413,34538336.0,1.0,0.0
2018-08-22,25.4434,25.5235,25.1673,25.2069,9620250.0,1.0,0.0
2018-08-23,24.4261,24.6736,24.2901,24.5343,22674930.0,1.0,0.0
2018-08-24,24.5312,24.8995,24.247,24.7853,29492846.0,1.0,0.0
2018-08-27,24.4122,24.7193,24.2553,24.6989,22224389.0,1.0,0.0
2018-08-28,25.117,25.4045,24.8448,25.358,31998643.0,1.0,0.0
2018-08-29,25.4458,25.6191,25.4417,25.5118,26120287.0,1.0,0.0
2018-08-30,25.6671,25.8696,25.4973,25.7755,21532263.0,1.0,0.0
2018-08-31,25.168,25.4273,24.9665,25.0844,19892467.0,1.0,0.0
2018-09-04,24.6636,24.8613,23.835,24.0851,4062635.0,1.0,0.0
2018-09-05,25.2607,25.5736,25.2219,25.5075,36577146.0,1.0,0.0
2018-09-06,24.7761,25.0138,24.3948,24.6321,46336627.0,1.0,0.0
2018-09-07,25.5718,26.0387,25.4874,26.0118,24299773.0,1.0,0.0
2018-09-10,28.2267,28.6973,27.491,27.6638,5904146.0,1.0,0.0
2018-09-11,27.239,27.4362,27.1585,27.4317,37593192.0,1.0,0.0
2018-09-12,27.5335,27.6133,26.7271,26.947,41807414.0,1.0,0.0
2018-09-13,26.6303,26.8439,26.084,26.2061,17692491.0,1.0,0.0
2018-09-14,29.2025,29.4647,29.1452,29.4475,49026512.0,1.0,0.0
2018-09-17,31.2486,32.0774,31.186,31.7316,46562531.0,1.0,0.0
2018-09-18,30.5972,31.0298,30.4612,30.7559,33125114.0,1.0,0.0
2018-09-19,30.4909,30.5783,30.2237,30.5609,31475416.0,1.0,0.0
2018-09-20,32.3676,32.5133,32.3628,32.5075,4875014.0,1.0,0.0
2018-09-21,32.6749,32.8508,32.4281,32.8442,38288454.0,1.0,0.0
2018-09-24,32.0652,32.0955,31.6875,31.8438,29671157.0,1.0,0.0
2018-09-25,32.258,32.7279,32.0052,32.5953,36971549.0,1.0,0.0
2018-09-26,30.9726,30.9817,30.5747,30.576,48231240.0,1.0,0.0
2018-09-27,31.6185,31.7954,30.7573,30.8857,43140588.0,1.0,0.0
2018-09-28,32.3209,32.8431,32.2306,32.69,18279660.0,1.0,0.0
2018-10-01,33.0927,33.4773,32.946,33.1386,4678112.0,1.0,0.0
2018-10-02,32.8553,33.0693,32.6439,32.9188,9440129.0,1.0,0.0
2018-10-03,33.6806,33.6842,32.9174,32.9628,48203088.0,1.0,0.0
2018-10-04,32.6197,32.6665,31.9918,32.1281,9138459.0,1.0,0.0
2018-10-05,31.2425,31.4606,30.3749,30.455,21901390.0,1.0,0.0
2018-10-08,30.2623,30.8196,30.2063,30.6064,39658420.0,1.0,0.0
2018-10-09,30.4991,30.9748,30.4913,30.9353,43698500.0,1.0,0.0
2018-10-10,29.9926,30.2124,29.33,29.551,46095856.0,1.0,0.0
2018-10-11,28.4957,29.2602,28.4361,28.9805,9668267.0,1.0,0.0
2018-10-12,28.6828,28.6892,27.8716,28.2413,7964001.0,1.0,0.0
2018-10-15,29.3484,29.5349,29.2548,29.4583,37381043.0,1.0,0.0
2018-10-16,29.1543,29.3744,29.129,29.3477,46097036.0,1.0,0.0
2018-10-17,29.3414,30.2726,29.1372,30.1779,15639839.0,1.0,0.0
2018-10-18,30.2028,30.2199,29.9727,30.073,16367455.0,1.0,0.0
2018-10-19,30.1697,31.2244,30.0319,31.2105,20662985.0,1.0,0.0
2018-10-22,31.5579,31.9794,31.3799,31.9196,32747354.0,1.0,0.0
2018-10-23,31.9996,32.0311,31.5527,31.5588,19822647.0,1.0,0.0
2018-10-24,30.358,30.4847,30.0502,30.0647,48535385.0,1.0,0.0
2018-10-25,29.7821,30.0088,29.611,29.8668,21962050.0,1.0,0.0
2018-10-26,30.6292,31.2586,30.5808,31.0742,6671515.0,1.0,0.0
2018-10-29,31.3883,31.7097,31.1494,31.2092,46570659.0,1.0,0.0
2018-10-30,30.8749,31.0971,30.7221,30.9655,4472580.0,1.0,0.0
2018-10-31,30.6994,30.8017,30.3465,30.4244,18244612.0,1.0,0.0
2018-11-01,31.4316,31.4903,30.6762,30.9834,16347717.0,1.0,0.0
2018-11-02,30.5309,30.8427,30.4163,30.427,2906347.0,1.0,0.0
2018-11-05,29.2428,29.632,28.6401,28.8142,22257854.0,1.0,0.0
2018-11-06,29.7594,29.8755,29.5843,29.87,23239312.0,1.0,0.0
2018-11-07,29.1176,29.751,28.9529,29.5216,28021328.0,1.0,0.0
2018-11-08,28.7406,29.0056,28.2177,28.3952,40602952.0,1.0,0.0
2018-11-09,28.5812,29.1083,28.506,29.1021,17248000.0,1.0,0.0
2018-11-12,28.4165,28.4835,27.9985,28.066,45746595.0,1.0,0.0
2018-11-13,27.9835,28.7624,27.9531,28.6197,45172936.0,1.0,0.0
2018-11-14,28.5143,29.0442,28.421,28.9314,18830751.0,1.0,0.0
2018-11-15,29.1615,29.3075,28.5045,29.0024,37927424.0,1.0,0.0
2018-11-16,28.2197,28.7864,28.0013,28.7332,37073711.0,1.0,0.0
2018-11-19,28.8175,29.0552,27.775,28.1203,34641715.0,1.0,0.0
2018-11-20,28.1907,28.2475,27.6353,27.7963,31158395.0,1.0,0.0
2018-11-21,28.4447,28.5157,28.132,28.1714,8215564.0,1.0,0.0
2018-11-23,28.5722,28.8993,28.5487,28.7917,7205323.0,1.0,0.0
2018-11-26,28.5935,28.812,28.5591,28.659,41113981.0,1.0,0.0
2018-11-27,29.0711,29.1539,28.6011,28.603,34522195.0,1.0,0.0
2018-11-28,28.4491,28.6647,28.4133,28.5742,34323648.0,1.0,0.0
2018-11-29,28.5887,28.598,28.1671,28.3557,28119372.0,1.0,0.0
2018-11-30,28.3402,28.6278,27.6886,27.764,34062175.0,1.0,0.0
2018-12-03,27.3819,27.5772,27.3558,27.5402,42566190.0,1.0,0.0
2018-12-04,27.5143,27.6546,27.4833,27.5204,26043387.0,1.0,0.0
2018-12-06,27.7415,27.8822,27.5512,27.8207,36042324.0,1.0,0.0
2018-12-07,27.8461,28.0385,27.5998,27.6243,38913570.0,1.0,0.0
2018-12-10,27.1753,28.2061,27.072,27.9853,39758811.0,1.0,0.0
2018-12-11,28.4679,28.5201,28.2775,28.4449,27472811.0,1.0,0.0
2018-12-12,28.1846,28.3848,28.05,28.1059,46620422.0,1.0,0.0
2018-12-13,28.301,28.4061,27.8785,28.0106,12623784.0,1.0,0.0
2018-12-14,28.2924,28.4933,28.0949,28.3815,24291980.0,1.0,0.0
2018-12-17,27.9217,27.9898,27.7748,27.7826,15403767.0,1.0,0.0
2018-12-18,27.3535,28.0958,27.3072,28.0064,36377047.0,1.0,0.0
2018-12-19,28.6421,28.8012,28.3061,28.4172,15753370.0,1.0,0.0
2018-12-20,28.2932,28.9609,28.1246,28.8529,48241752.0,1.0,0.0
2018-12-21,29.0792,29.4709,29.0635,29.3318,32901339.0,1.0,0.0
2018-12-24,29.486,29.6172,29.0422,29.3062,31537837.0,1.0,0.0
2018-12-26,29.3761,29.5597,29.2076,29.5288,17896955.0,1.0,0.0
2018-12-27,29.6413,30.3263,29.5998,29.9623,37883967.0,1.0,0.0
2018-12-28,30.1001,30.1818,29.8436,30.0964,14725027.0,1.0,0.0
2018-12-31,29.9689,30.0423,29.6666,29.7193,46147805.0,1.0,0.0
2019-01-02,29.3962,29.7363,29.2247,29.5989,12360388.0,1.0,0.0
2019-01-03,28.8878,30.0113,28.653,29.867,44902886.0,1.0,0.0
2019-01-04,28.9387,30.1481,28.8525,29.7763,17237148.0,1.0,0.0
2019-01-07,29.6689,29.9933,29.5874,29.8268,14743638.0,1.0,0.0
2019-01-08,29.0796,29.6766,29.0222,29.6685,2594967.0,1.0,0.0
2019-01-09,29.4399,29.6881,29.0848,29.291,22142741.0,1.0,0.0
2019-01-10,29.2401,29.2711,28.76,28.9059,2062478.0,1.0,0.0
2019-01-11,28.686,29.2441,28.5224,29.0223,16329427.0,1.0,0.0
2019-01-14,28.8579,28.9036,28.4162,28.5194,7610896.0,1.0,0.0
2019-01-15,29.0976,29.1285,28.9299,29.0818,4944016.0,1.0,0.0
2019-01-16,29.2914,29.8511,29.1528,29.6857,20628038.0,1.0,0.0
2019-01-17,29.6611,29.9984,29.4848,29.7755,36883746.0,1.0,0.0
2019-01-18,29.2814,29.5667,29.0459,29.4246,18565972.0,1.0,0.0
2019-01-22,29.8963,30.0121,29.3487,29.5481,2939421.0,1.0,0.0
2019-01-23,30.1941,30.2264,29.348,29.5299,41539809.0,1.0,0.0
2019-01-24,29.4042,29.4158,29.2085,29.2203,49102599.0,1.0,0.0
2019-01-25,28.3677,28.6745,27.3504,27.3653,35018983.0,1.0,0.0
2019-01-28,27.5089,27.9123,27.4911,27.8835,15909646.0,1.0,0.0
2019-01-29,27.7889,27.9177,27.5903,27.7837,48135940.0,1.0,0.0
2019-01-30,27.9273,28.0795,27.6987,27.7238,33257881.0,1.0,0.0
2019-01-31,28.0533,28.1991,27.4353,27.558,29704821.0,1.0,0.0
2019-02-01,27.1893,27.3384,26.9765,27.1104,31289222.0,1.0,0.0
2019-02-04,27.4409,27.9086,27.3057,27.747,49989998.0,1.0,0.0
2019-02-05,27.4711,27.6906,27.11,27.2794,39253089.0,1.0,0.0
2019-02-06,27.4089,27.477,26.8354,27.0766,13997314.0,1.0,0.0
2019-02-07,27.0644,27.1543,26.6444,26.7465,28610944.0,1.0,0.0
2019-02-08,26.8466,26.8923,26.2351,26.3083,16695467.0,1.0,0.0
2019-02-11,26.2791,26.6348,26.1748,26.5044,41880711.0,1.0,0.0
2019-02-12,26.397,26.5481,26.3667,26.4323,23347094.0,1.0,0.0
2019-02-13,26.3465,26.3486,25.899,26.0213,14813312.0,1.0,0.0
2019-02-14,25.9228,26.3526,25.9211,26.2869,47525901.0,1.0,0.0
2019-02-15,26.2111,26.3215,26.203,26.2895,40550077.0,1.0,0.0
2019-02-19,25.6494,25.6817,25.1879,25.289,24148306.0,1.0,0.0
2019-02-20,25.2922,25.7651,25.198,25.6216,1319005.0,1.0,0.0
2019-02-21,25.4926,25.4982,24.9468,25.0106,45718592.0,1.0,0.0
2019-02-22,24.865,25.4608,24.8243,25.318,5125539.0,1.0,0.0
2019-02-25,24.9102,24.9892,24.8671,24.9411,34981867.0,1.0,0.0
2019-02-26,25.0827,25.8433,24.9975,25.631,10069735.0,1.0,0.0
2019-02-27,25.4616,25.5795,24.7661,24.996,17584285.0,1.0,0.0
2019-02-28,24.298,24.3729,24.2168,24.2247,41593111.0,1.0,0.0
2019-03-01,24.0667,25.0231,23.9886,24.7764,39249613.0,1.0,0.0
2019-03-04,24.9327,25.1069,24.5146,24.5574,44027390.0,1.0,0.0
2019-03-05,24.7027,24.8293,24.4623,24.6342,36463975.0,1.0,0.0
2019-03-06,24.4906,24.9014,24.0869,24.9013,31540786.0,1.0,0.0
2019-03-07,25.0518,25.1475,25.0097,25.0892,41856350.0,1.0,0.0
2019-03-08,25.3263,25.6768,25.0922,25.1739,33409304.0,1.0,0.0
2019-03-11,25.3886,25.6012,25.3606,25.4655,7995609.0,1.0,0.0
2019-03-12,25.047,25.1307,25.0256,25.0689,5375543.0,1.0,0.0
2019-03-13,24.2188,24.5073,23.3621,23.5306,25185929.0,1.0,0.0
2019-03-14,23.2147,24.0321,23.1822,23.904,47187418.0,1.0,0.0
2019-03-15,24.0665,24.2453,23.8578,24.1481,39505153.0,1.0,0.0
2019-03-18,24.4078,25.4198,24.199,24.9036,29060606.0,1.0,0.0
2019-03-19,24.9554,25.5747,24.8347,25.4516,1576300.0,1.0,0.0
2019-03-20,26.1229,26.1608,25.8102,26.1062,28470692.0,1.0,0.0
2019-03-21,26.2101,26.4365,25.5102,25.6085,48654228.0,1.0,0.0
2019-03-22,25.3817,25.3865,25.0556,25.1148,33203555.0,1.0,0.0
2019-03-25,25.09,25.2972,24.7383,25.0033,25005845.0,1.0,0.0
2019-03-26,24.7597,24.8968,24.7253,24.8061,40971265.0,1.0,0.0
2019-03-27,24.6177,24.7028,24.4535,24.5704,21959045.0,1.0,0.0
2019-03-28,24.4235,24.4375,23.9755,24.0713,22278973.0,1.0,0.0
2019-03-29,24.3319,24.4654,24.1622,24.4179,38388563.0,1.0,0.0
2019-04-01,24.4681,24.8045,24.2332,24.7162,2347853.0,1.0,0.0
2019-04-02,25.6367,25.7628,25.0622,25.1188,14042564.0,1.0,0.0
2019-04-03,24.927,24.9618,24.7403,24.882,31250654.0,1.0,0.0
2019-04-04,24.6385,24.6864,24.4731,24.526,37405163.0,1.0,0.0
2019-04-05,24.0787,24.1749,23.5326,23.6909,33300082.0,1.0,0.0
2019-04-08,22.9931,23.2314,22.9716,23.0975,10457905.0,1.0,0.0
2019-04-09,22.7433,22.8745,22.7242,22.7449,26895753.0,1.0,0.0
2019-04-10,22.6671,22.7672,22.0346,22.2383,5526526.0,1.0,0.0
2019-04-11,22.2304,22.3496,22.1083,22.1685,6119894.0,1.0,0.0
2019-04-12,21.9489,22.003,21.5858,21.7436,42184525.0,1.0,0.0
2019-04-15,21.674,22.1494,21.6185,22.1164,27241769.0,1.0,0.0
2019-04-16,22.1733,22.2063,21.9046,22.0566,9356201.0,1.0,0.0
2019-04-17,21.7873,21.8692,21.2191,21.3096,31120529.0,1.0,0.0
2019-04-18,20.8702,21.0246,20.8476,20.9261,4967561.0,1.0,0.0
2019-04-22,21.2027,21.2388,20.9912,21.0711,46574431.0,1.0,0.0
2019-04-23,21.2311,21.2756,21.0994,21.127,48949058.0,1.0,0.0
2019-04-24,20.7379,20.7524,20.3855,20.5018,19546439.0,1.0,0.0
2019-04-25,20.4734,20.5717,20.3667,20.4405,46791867.0,1.0,0.0
2019-04-26,20.6651,21.1394,20.5689,21.1165,16778554.0,1.0,0.0
2019-04-29,21.8072,21.8345,21.628,21.7182,31377691.0,1.0,0.0
2019-04-30,21.5835,21.7876,21.4055,21.432,12511727.0,1.0,0.0
2019-05-01,21.5179,21.5446,21.4621,21.4712,41381499.0,1.0,0.0
2019-05-02,22.9279,23.8355,22.8321,23.7238,38533239.0,1.0,0.0
2019-05-03,23.7842,23.8062,23.7705,23.7787,35316217.0,1.0,0.0
2019-05-06,23.1111,23.1898,22.7846,22.8934,27516004.0,1.0,0.0
2019-05-07,22.9607,23.014,22.6632,22.7033,34242380.0,1.0,0.0
2019-05-08,22.6399,22.6554,21.9335,22.1992,23970818.0,1.0,0.0
2019-05-09,21.7867,22.4827,21.6853,22.2792,34173655.0,1.0,0.0
2019-05-10,22.4232,23.0718,22.4067,23.0082,39111203.0,1.0,0.0
2019-05-13,23.1722,23.3013,22.4332,22.7115,5185094.0,1.0,0.0
2019-05-14,22.8677,22.9923,22.7536,22.9355,48221838.0,1.0,0.0
2019-05-15,22.0648,22.0906,21.6674,21.8859,19907021.0,1.0,0.0
2019-05-16,21.5227,21.933,21.4899,21.779,39779637.0,1.0,0.0
2019-05-17,22.8833,23.4095,22.7666,23.1769,28069899.0,1.0,0.0
2019-05-20,23.2391,23.5157,23.225,23.4092,10915136.0,1.0,0.0
2019-05-21,22.5528,22.6056,22.5054,22.5976,40559171.0,1.0,0.0
2019-05-22,22.7547,22.9462,22.7064,22.8899,17480611.0,1.0,0.0
2019-05-23,23.4426,23.9637,23.3801,23.8024,1694920.0,1.0,0.0
2019-05-24,24.1349,24.549,24.04,24.5204,9436014.0,1.0,0.0
2019-05-28,24.7617,24.882,24.5162,24.7277,15248935.0,1.0,0.0
2019-05-29,24.437,24.4411,23.975,24.2505,10494407.0,1.0,0.0
2019-05-30,24.5965,24.6542,24.4802,24.4821,41840100.0,1.0,0.0
2019-05-31,24.4528,24.477,23.6826,23.8208,49117756.0,1.0,0.0
2019-06-03,8.1365,8.1533,8.0146,8.0492,47238416.0,3.0,0.0
2019-06-04,7.883,7.9286,7.692,7.7326,20966323.0,1.0,0.0
2019-06-05,7.7164,7.717,7.5299,7.6041,19675289.0,1.0,0.0
2019-06-06,7.5476,7.586,7.5144,7.5806,30646137.0,1.0,0.0
2019-06-07,7.677,7.8703,7.673,7.8278,11910997.0,1.0,0.0
2019-06-10,7.9456,8.0333,7.9196,8.0318,49336516.0,1.0,0.0
2019-06-11,7.9885,7.9959,7.8049,7.8283,6472611.0,1.0,0.0
2019-06-12,7.8617,7.9915,7.8267,7.9879,4358301.0,1.0,0.0
2019-06-13,7.9617,7.9756,7.8479,7.8589,34076537.0,1.0,0.0
2019-06-14,6.9565,6.9718,6.8267,6.8701,5957126.0,1.0,0.0
2019-06-17,6.6923,6.7048,6.4846,6.5129,6832341.0,1.0,0.0
2019-06-18,6.6002,6.6868,6.3077,6.382,43357739.0,1.0,0.0
2019-06-19,5.9496,5.9503,5.8942,5.8994,27109701.0,1.0,0.0
2019-06-20,5.8823,5.9418,5.8701,5.8947,6223649.0,1.0,0.0
2019-06-21,6.0378,6.1052,5.9672,6.0882,2122795.0,1.0,0.0
2019-06-24,5.7292,5.7297,5.6587,5.6734,29694058.0,1.0,0.0
2019-06-25,5.6777,5.7253,5.5518,5.5793,19879663.0,1.0,0.0
2019-06-26,5.414,5.4353,5.4002,5.423,26056609.0,1.0,0.0
2019-06-27,5.312,5.3484,5.2999,5.3472,7913544.0,1.0,0.0
2019-06-28,5.2691,5.2832,5.2633,5.2713,46548521.0,1.0,0.0
2019-07-01,5.2517,5.3725,5.1992,5.3483,2597606.0,1.0,0.0
2019-07-02,5.3567,5.371,5.3251,5.3406,29943746.0,1.0,0.0
2019-07-03,5.3064,5.3422,5.261,5.3416,44216461.0,1.0,0.0
2019-07-05,5.5036,5.5325,5.3864,5.4185,31874530.0,1.0,0.0
2019-07-08,5.3644,5.3841,5.2669,5.3052,16434890.0,1.0,0.0
2019-07-09,5.3434,5.4403,5.3226,5.4089,7585299.0,1.0,0.0
2019-07-10,5.2926,5.3145,5.1911,5.2575,19593343.0,1.0,0.0
2019-07-11,5.1197,5.1923,5.1066,5.1829,48239889.0,1.0,0.0
2019-07-12,5.2116,5.2516,5.1734,5.2471,30473430.0,1.0,0.0
2019-07-15,5.1343,5.2786,5.1249,5.2764,41554076.0,1.0,0.0
2019-07-16,5.3173,5.3933,5.2844,5.3771,31741293.0,1.0,0.0
2019-07-17,5.5295,5.6335,5.5039,5.6111,39884336.0,1.0,0.0
2019-07-18,5.4692,5.7129,5.4145,5.7001,1957157.0,1.0,0.0
2019-07-19,5.7197,5.7541,5.627,5.6598,18352704.0,1.0,0.0
2019-07-22,5.5247,5.5607,5.5229,5.5365,4071399.0,1.0,0.0
2019-07-23,5.6066,5.6529,5.5551,5.6444,49862118.0,1.0,0.0
2019-07-24,5.6186,5.6535,5.5654,5.6114,37812760.0,1.0,0.0
2019-07-25,5.6537,5.6916,5.5977,5.6392,19566283.0,1.0,0.0
2019-07-26,5.6291,5.7019,5.5265,5.6876,11062939.0,1.0,0.0
2019-07-29,5.7625,5.7649,5.7252,5.7333,5237275.0,1.0,0.0
2019-07-30,5.7937,5.8108,5.6348,5.6374,41369022.0,1.0,0.0
2019-07-31,5.7238,5.766,5.7024,5.7179,45727795.0,1.0,0.0
2019-08-01,5.795,5.8037,5.7409,5.7452,9192582.0,1.0,0.0
2019-08-02,5.8791,6.0657,5.8257,6.0423,28706325.0,1.0,0.0
2019-08-05,6.0527,6.0755,6.01,6.0723,31213589.0,1.0,0.0
2019-08-06,5.9772,6.0354,5.9613,6.0056,48843048.0,1.0,0.0
2019-08-07,5.9254,5.9282,5.8318,5.844,23739029.0,1.0,0.0
2019-08-08,5.8403,5.8924,5.7314,5.7722,43069782.0,1.0,0.0
2019-08-09,5.8236,5.8252,5.6709,5.7282,39138805.0,1.0,0.0
2019-08-12,5.6506,5.6629,5.5848,5.586,45008138.0,1.0,0.0
2019-08-13,5.7025,5.7132,5.5969,5.6284,37342842.0,1.0,0.0
2019-08-14,5.6793,5.7425,5.6716,5.7286,14898266.0,1.0,0.0
2019-08-15,5.6401,5.6874,5.4855,5.5036,25189151.0,1.0,0.0
2019-08-16,5.4168,5.4203,5.3771,5.3837,46927982.0,1.0,0.0
2019-08-19,5.3417,5.3489,5.2425,5.2457,47508576.0,1.0,0.0
2019-08-20,5.1224,5.1565,5.0862,5.0931,20963678.0,1.0,0.0
2019-08-21,5.1587,5.2223,5.1523,5.2134,17802872.0,1.0,0.0
2019-08-22,5.2176,5.2185,5.1478,5.152,21035758.0,1.0,0.0
2019-08-23,5.1703,5.1939,5.1534,5.1923,31044628.0,1.0,0.0
2019-08-26,5.271,5.3364,5.2627,5.325,11584626.0,1.0,0.0
2019-08-27,5.316,5.3567,5.2459,5.2655,44360707.0,1.0,0.0
2019-08-28,5.2602,5.3252,5.2366,5.2889,12188355.0,1.0,0.0
2019-08-29,5.2884,5.2935,5.1872,5.1917,23997358.0,1.0,0.0
2019-08-30,5.2191,5.2638,5.2019,5.2408,24131655.0,1.0,0.0
2019-09-03,5.2433,5.266,5.1218,5.13,28520175.0,1.0,0.0
2019-09-04,5.113,5.1218,4.98,4.996,34348107.0,1.0,0.0
2019-09-05,4.968,4.9811,4.8641,4.895,6810517.0,1.0,0.0
2019-09-06,4.8997,4.9837,4.8861,4.9594,28486762.0,1.0,0.0
2019-09-09,4.9313,4.9511,4.8703,4.8877,15631061.0,1.0,0.0
2019-09-10,4.9286,5.0417,4.9203,5.0121,19038914.0,1.0,0.0
2019-09-11,5.0946,5.1887,5.0852,5.1868,7771057.0,1.0,0.0
2019-09-12,5.1823,5.1832,5.1507,5.155,23607521.0,1.0,0.0
2019-09-13,5.1373,5.2123,5.0826,5.0847,17951538.0,1.0,0.0
2019-09-16,5.1428,5.166,5.1308,5.1442,18199611.0,1.0,0.0
2019-09-17,5.1413,5.2082,5.0722,5.1751,36520364.0,1.0,0.0
2019-09-18,5.1201,5.1597,5.1045,5.1513,13623163.0,1.0,0.0
2019-09-19,5.1515,5.1853,5.1493,5.1701,37751953.0,1.0,0.0
2019-09-20,5.2151,5.2422,5.1609,5.1773,3927223.0,1.0,0.0
2019-09-23,5.1676,5.1723,5.0383,5.0896,45580944.0,1.0,0.0
2019-09-24,5.0058,5.0225,4.89,4.9269,42659425.0,1.0,0.0
2019-09-25,4.9333,4.9354,4.8132,4.8489,47011720.0,1.0,0.0
2019-09-26,4.8386,4.858,4.8037,4.8086,16392265.0,1.0,0.0
2019-09-27,4.8799,4.899,4.7958,4.8304,2574176.0,1.0,0.0
2019-09-30,4.7778,4.8059,4.7376,4.7562,36463675.0,1.0,0.0
2019-10-01,4.7672,4.7919,4.6278,4.6528,36461680.0,1.0,0.0
2019-10-02,4.721,4.7681,4.6961,4.7303,22056739.0,1.0,0.0
2019-10-03,4.7821,4.8557,4.7627,4.8281,49385333.0,1.0,0.0
2019-10-04,4.8306,4.8706,4.8096,4.8376,35932477.0,1.0,0.0
2019-10-07,4.7782,4.7857,4.76,4.762,47711514.0,1.0,0.0
2019-10-08,4.6828,4.7657,4.6712,4.752,38160750.0,1.0,0.0
2019-10-09,4.7757,4.832,4.7445,4.8124,44588394.0,1.0,0.0
2019-10-10,4.8934,4.9134,4.8133,4.8748,23708480.0,1.0,0.0
2019-10-11,4.8154,4.8462,4.793,4.8442,15010101.0,1.0,0.0
2019-10-14,4.8582,4.8647,4.8165,4.823,20037613.0,1.0,0.0
2019-10-15,4.8425,4.8678,4.7029,4.7323,3198541.0,1.0,0.0
2019-10-16,4.7256,4.9859,4.7221,4.984,14704152.0,1.0,0.0
2019-10-17,4.7703,4.847,4.7568,4.8354,38616259.0,1.0,0.0
2019-10-18,4.7998,4.8275,4.7497,4.7816,16541259.0,1.0,0.0
2019-10-21,4.6205,4.7056,4.5942,4.6665,1310780.0,1.0,0.0
2019-10-22,4.8382,4.8495,4.8079,4.8482,3217417.0,1.0,0.0
2019-10-23,4.9173,5.0438,4.893,5.0216,26223182.0,1.0,0.0
2019-10-24,5.0373,5.1165,5.0202,5.0804,4718421.0,1.0,0.0
2019-10-25,5.1354,5.1954,5.1067,5.1777,43773617.0,1.0,0.0
2019-10-28,5.0604,5.098,5.0115,5.0623,16866466.0,1.0,0.0
2019-10-29,5.0482,5.0633,4.9911,5.0188,2113668.0,1.0,0.0
2019-10-30,4.9387,4.951,4.8422,4.8602,10864470.0,1.0,0.0
2019-10-31,4.9117,4.9166,4.8407,4.8711,43970890.0,1.0,0.0
2019-11-01,4.919,4.9318,4.7952,4.803,43820329.0,1.0,0.0
2019-11-04,4.9345,4.9469,4.7912,4.817,49344387.0,1.0,0.0
2019-11-05,4.8748,4.9568,4.8733,4.9483,16060820.0,1.0,0.0
2019-11-06,5.0724,5.1786,5.0648,5.1479,31711163.0,1.0,0.0
2019-11-07,5.1207,5.237,5.1174,5.2058,7712041.0,1.0,0.0
2019-11-08,5.1655,5.2059,5.1015,5.1526,13585800.0,1.0,0.0
2019-11-11,5.2436,5.2772,5.2203,5.2576,9106441.0,1.0,0.0
2019-11-12,5.2271,5.2526,5.2252,5.242,14150769.0,1.0,0.0
2019-11-13,5.3038,5.3274,5.2261,5.2556,42629102.0,1.0,0.0
2019-11-14,5.2194,5.2291,5.176,5.1886,10755056.0,1.0,0.0
2019-11-15,5.1659,5.222,5.1144,5.2026,12298744.0,1.0,0.0
2019-11-18,5.2904,5.3896,5.2596,5.3832,45054013.0,1.0,0.0
2019-11-19,5.4202,5.4269,5.3582,5.3729,19401787.0,1.0,0.0
2019-11-20,5.4455,5.4683,5.4019,5.4201,41563647.0,1.0,0.0
2019-11-21,5.4006,5.4056,5.3501,5.3535,10491179.0,1.0,0.0
2019-11-22,5.3487,5.4442,5.3327,5.409,38714516.0,1.0,0.0
2019-11-25,5.3097,5.3906,5.3084,5.3803,16399511.0,1.0,0.0
2019-11-26,5.3405,5.3524,5.1812,5.2001,28410146.0,1.0,0.0
2019-11-27,5.0989,5.1971,5.0824,5.1904,19982307.0,1.0,0.0
2019-11-29,5.1513,5.1893,5.1463,5.1486,21652182.0,1.0,0.0
2019-12-02,5.1908,5.1994,5.1033,5.1089,23278318.0,1.0,0.0
2019-12-03,5.104,5.1117,5.0971,5.0984,12707692.0,1.0,0.0
2019-12-04,5.0968,5.1386,4.9661,4.9837,20901214.0,1.0,0.0
2019-12-05,5.0321,5.1275,5.0224,5.0584,38636585.0,1.0,0.0
2019-12-06,5.0704,5.1198,5.0674,5.1185,49061045.0,1.0,0.0
2019-12-09,5.17,5.1872,5.1121,5.1311,37777836.0,1.0,0.0
2019-12-10,4.975,4.995,4.9302,4.9371,11593308.0,1.0,0.0
2019-12-11,4.8788,4.9475,4.8647,4.9464,30926827.0,1.0,0.0
2019-12-12,5.0084,5.0148,4.9556,4.983,5482102.0,1.0,0.0
2019-12-13,5.0932,5.1116,5.089,5.0924,42152033.0,1.0,0.0
2019-12-16,4.9516,4.9665,4.8759,4.9506,25213554.0,1.0,0.0
2019-12-17,4.948,4.9542,4.9173,4.9281,38896899.0,1.0,0.0
2019-12-18,5.3589,5.3726,5.3191,5.3627,16142017.0,1.0,0.0
2019-12-19,5.2223,5.2839,5.2207,5.28,37205136.0,1.0,0.0
2019-12-20,5.2791,5.3599,5.2595,5.3146,20107309.0,1.0,0.0
2019-12-23,5.3461,5.3621,5.3366,5.3489,47457877.0,1.0,0.0
2019-12-24,5.3509,5.4537,5.3172,5.4225,40940107.0,1.0,0.0
2019-12-26,5.3991,5.4284,5.3847,5.4183,5168365.0,1.0,0.0
2019-12-27,5.3869,5.4966,5.3162,5.4626,8733528.0,1.0,0.0
2019-12-30,5.686,5.7741,5.6844,5.7253,31789299.0,1.0,0.0
2019-12-31,5.479,5.4837,5.3755,5.4064,15612905.0,1.0,0.0
2020-01-02,5.5949,5.6186,5.5487,5.555,24054442.0,1.0,0.0
2020-01-03,5.6605,5.6608,5.5915,5.6172,42660841.0,1.0,0.0
2020-01-06,5.532,5.5735,5.5265,5.5448,23764550.0,1.0,0.0
2020-01-07,5.4292,5.4384,5.3681,5.3874,13634980.0,1.0,0.0
2020-01-08,5.4805,5.5509,5.4108,5.4189,35281516.0,1.0,0.0
2020-01-09,5.4379,5.4651,5.3969,5.4599,22786668.0,1.0,0.0
2020-01-10,5.4123,5.4322,5.3569,5.4283,18249465.0,1.0,0.0
2020-01-13,5.5176,5.5339,5.4837,5.5252,38761507.0,1.0,0.0
2020-01-14,5.5486,5.6994,5.5268,5.6874,43285966.0,1.0,0.0
2020-01-15,5.7218,5.769,5.7102,5.7507,19832402.0,1.0,0.0
2020-01-16,5.7564,5.8472,5.7469,5.7894,12124652.0,1.0,0.0
2020-01-17,5.5186,5.5842,5.4966,5.5653,26203154.0,1.0,0.0
2020-01-21,5.6737,5.6996,5.5149,5.5191,38978039.0,1.0,0.0
2020-01-22,5.5159,5.5389,5.5045,5.5178,1469818.0,1.0,0.0
2020-01-23,5.4838,5.4913,5.4167,5.4208,15348444.0,1.0,0.0
2020-01-24,5.3402,5.3775,5.3381,5.3644,19684037.0,1.0,0.0
2020-01-27,5.4524,5.4825,5.2752,5.3057,4565608.0,1.0,0.0
2020-01-28,5.3084,5.3187,5.0835,5.1119,47755488.0,1.0,0.0
2020-01-29,5.1543,5.2555,5.1494,5.2498,41030942.0,1.0,0.0
2020-01-30,5.3956,5.4061,5.3226,5.3939,33184374.0,1.0,0.0
2020-01-31,5.3458,5.4112,5.3393,5.4104,18694378.0,1.0,0.0
2020-02-03,5.3358,5.3549,5.2883,5.3137,37442724.0,1.0,0.0
2020-02-04,5.256,5.2578,5.2365,5.2434,38631580.0,1.0,0.0
2020-02-05,5.2293,5.2345,5.2266,5.2291,47075980.0,1.0,0.0
2020-02-06,5.1769,5.2507,5.1556,5.2019,36940664.0,1.0,0.0
2020-02-07,5.1,5.1352,5.0023,5.0373,17500128.0,1.0,0.0
2020-02-10,5.0563,5.0708,4.9089,4.9419,18102555.0,1.0,0.0
2020-02-11,4.9247,4.964,4.8512,4.8782,25713831.0,1.0,0.0
2020-02-12,4.8624,4.8669,4.7033,4.7354,24776125.0,1.0,0.0
2020-02-13,4.7208,4.7307,4.6956,4.7116,18129531.0,1.0,0.0
2020-02-14,4.691,4.7235,4.6638,4.7073,32519673.0,1.0,0.0
2020-02-18,4.6936,4.8173,4.6647,4.7963,30388740.0,1.0,0.0
2020-02-19,4.8276,4.8771,4.8254,4.8516,10838181.0,1.0,0.0
2020-02-20,4.8372,4.8836,4.8282,4.8669,47318770.0,1.0,0.0
2020-02-21,5.0493,5.0587,4.8833,4.9048,3162261.0,1.0,0.0
2020-02-24,4.8724,4.9151,4.8436,4.8921,7237515.0,1.0,0.0
2020-02-25,4.9867,4.9974,4.8751,4.8839,19751123.0,1.0,0.0
2020-02-26,4.8725,4.8917,4.7173,4.7508,12159977.0,1.0,0.0
2020-02-27,4.7447,4.7549,4.7358,4.7388,39354316.0,1.0,0.0
2020-02-28,4.724,4.78,4.6825,4.7729,35829706.0,1.0,0.0
2020-03-02,4.7245,4.7539,4.6672,4.6982,15931849.0,1.0,0.0
2020-03-03,4.7158,4.8806,4.7147,4.8265,2859679.0,1.0,0.0
2020-03-04,4.8328,4.8617,4.7945,4.8003,7524470.0,1.0,0.0
2020-03-05,4.8837,4.9009,4.8314,4.8323,28373725.0,1.0,0.0
2020-03-06,4.7327,4.8163,4.706,4.7953,5900108.0,1.0,0.0
2020-03-09,4.8015,4.8532,4.7963,4.8293,37443835.0,1.0,0.0
2020-03-10,4.9017,4.9526,4.885,4.9291,30177929.0,1.0,0.0
2020-03-11,4.8714,4.9421,4.863,4.9207,7735824.0,1.0,0.0
2020-03-12,4.8683,4.9397,4.8652,4.9203,36081400.0,1.0,0.0
2020-03-13,4.9282,4.9469,4.886,4.9004,2099621.0,1.0,0.0
2020-03-16,4.83,4.9071,4.7477,4.9041,28788411.0,1.0,0.0
2020-03-17,4.892,4.9072,4.8033,4.8606,48025147.0,1.0,0.0
2020-03-18,4.7806,4.8186,4.7437,4.7583,27727509.0,1.0,0.0
2020-03-19,4.7801,4.8009,4.7314,4.7794,18583862.0,1.0,0.0
2020-03-20,4.8588,4.9391,4.8555,4.9019,49177604.0,1.0,0.0
2020-03-23,4.9652,4.9967,4.9114,4.9166,45073545.0,1.0,0.0
2020-03-24,4.9218,5.0797,4.9001,5.0192,36956536.0,1.0,0.0
2020-03-25,4.9885,4.9921,4.9744,4.9745,5044686.0,1.0,0.0
2020-03-26,4.9517,5.0513,4.9263,5.0067,32859587.0,1.0,0.0
2020-03-27,4.9817,4.9929,4.9408,4.9725,46685275.0,1.0,0.0
2020-03-30,4.9187,5.0532,4.8997,5.0275,16608754.0,1.0,0.0
2020-03-31,5.0613,5.0849,5.0425,5.0544,1757838.0,1.0,0.0
2020-04-01,5.0562,5.0715,4.9644,4.9661,8205134.0,1.0,0.0
2020-04-02,4.9808,4.9906,4.9216,4.9288,10679846.0,1.0,0.0
2020-04-03,4.9182,4.9404,4.7836,4.813,6664993.0,1.0,0.0
2020-04-06,4.7646,4.7998,4.7584,4.7823,11771785.0,1.0,0.0
2020-04-07,4.805,4.8055,4.7832,4.7943,4750138.0,1.0,0.0
2020-04-08,4.8264,4.8414,4.6612,4.6704,13112400.0,1.0,0.0
2020-04-09,4.7079,4.8299,4.6697,4.7893,43064577.0,1.0,0.0
2020-04-13,4.7577,4.7783,4.725,4.7456,29980784.0,1.0,0.0
2020-04-14,4.7849,4.7965,4.701,4.723,38475119.0,1.0,0.0
2020-04-15,4.6769,4.7068,4.5609,4.5708,5152661.0,1.0,0.0
2020-04-16,4.6349,4.6403,4.5828,4.5887,29987576.0,1.0,0.0
2020-04-17,4.5964,4.7082,4.5532,4.6398,42882050.0,1.0,0.0
2020-04-20,4.6548,4.7559,4.6402,4.7071,32987368.0,1.0,0.0
2020-04-21,4.76,4.7983,4.7271,4.7694,25394261.0,1.0,0.0
2020-04-22,4.7232,4.7533,4.6705,4.7191,1086109.0,1.0,0.0
2020-04-23,4.7009,4.7274,4.6273,4.6415,29786269.0,1.0,0.0
2020-04-24,4.6052,4.6052,4.556,4.5591,12216369.0,1.0,0.0
2020-04-27,4.4509,4.4891,4.4349,4.4569,45523441.0,1.0,0.0
2020-04-28,4.431,4.4542,4.2348,4.2484,6971408.0,1.0,0.0
2020-04-29,4.2565,4.2819,4.2211,4.2511,38122049.0,1.0,0.0
2020-04-30,4.3199,4.3281,4.2732,4.2844,10315655.0,1.0,0.0
2020-05-01,4.2485,4.3248,4.2465,4.301,33883115.0,1.0,0.0
2020-05-04,4.2942,4.3054,4.2589,4.2984,30438806.0,1.0,0.0
2020-05-05,4.3557,4.3789,4.3072,4.3203,48414937.0,1.0,0.0
2020-05-06,4.3373,4.352,4.2801,4.2822,2713253.0,1.0,0.0
2020-05-07,4.2848,4.3333,4.275,4.3205,41473590.0,1.0,0.0
2020-05-08,4.3208,4.3936,4.2954,4.3765,48696727.0,1.0,0.0
2020-05-11,4.3967,4.4069,4.3099,4.3248,47547540.0,1.0,0.0
2020-05-12,4.3351,4.3574,4.2636,4.2781,35105888.0,1.0,0.0
2020-05-13,4.3229,4.431,4.3143,4.4089,35028659.0,1.0,0.0
2020-05-14,4.4484,4.4836,4.375,4.3982,29694157.0,1.0,0.0
2020-05-15,4.3506,4.4182,4.3476,4.3752,34280050.0,1.0,0.0
2020-05-18,4.3832,4.3925,4.2598,4.268,47979000.0,1.0,0.0
2020-05-19,4.2852,4.3046,4.2601,4.2611,11071638.0,1.0,0.0
2020-05-20,4.272,4.3117,4.1836,4.1925,48268681.0,1.0,0.0
2020-05-21,4.1737,4.1784,4.1281,4.1421,32147194.0,1.0,0.0
2020-05-22,4.1306,4.2019,4.0987,4.1603,38300642.0,1.0,0.0
2020-05-26,4.1279,4.1763,4.1027,4.1458,11569182.0,1.0,0.0
2020-05-27,4.0946,4.1149,4.0077,4.048,25747117.0,1.0,0.0
2020-05-28,4.0206,4.056,4.002,4.0511,2615013.0,1.0,0.0
2020-05-29,3.9608,3.9715,3.8421,3.8697,47769118.0,1.0,0.0
2020-06-01,3.9173,3.9309,3.8331,3.8606,43396392.0,1.0,0.0
2020-06-02,3.8347,3.8793,3.8299,3.8702,12074031.0,1.0,0.0
2020-06-03,3.8646,3.9762,3.8635,3.9668,24339411.0,1.0,0.0
2020-06-04,3.97,3.9944,3.9489,3.9554,21710208.0,1.0,0.0
2020-06-05,4.0262,4.0462,4.0233,4.0395,46829840.0,1.0,0.0
2020-06-08,3.9639,3.9863,3.9251,3.9325,27091798.0,1.0,0.0
2020-06-09,3.9445,3.9455,3.8683,3.8817,28758401.0,1.0,0.0
2020-06-10,3.8892,3.9628,3.8711,3.9463,40937943.0,1.0,0.0
2020-06-11,3.9697,3.9789,3.9216,3.9452,9894446.0,1.0,0.0
2020-06-12,3.9444,3.9839,3.9393,3.9838,47619167.0,1.0,0.0
2020-06-15,3.9795,3.9965,3.9484,3.9616,27307927.0,1.0,0.0
2020-06-16,3.9984,4.0155,3.9593,3.9762,44233435.0,1.0,0.0
2020-06-17,4.0172,4.0301,3.9189,3.9257,11179741.0,1.0,0.0
2020-06-18,3.9425,3.9697,3.9258,3.9643,29338272.0,1.0,0.0
2020-06-19,3.922,3.9835,3.9059,3.9482,49002465.0,1.0,0.0
2020-06-22,3.9591,3.9673,3.8995,3.9103,6027989.0,1.0,0.0
2020-06-23,3.8861,3.9416,3.867,3.9186,35636038.0,1.0,0.0
2020-06-24,3.9255,3.9552,3.8455,3.8702,43250915.0,1.0,0.0
2020-06-25,3.9027,3.9804,3.9017,3.9722,4134100.0,1.0,0.0
2020-06-26,4.0393,4.1066,4.0258,4.0845,43949089.0,1.0,0.0
2020-06-29,4.0483,4.0812,4.0417,4.0699,44009669.0,1.0,0.0
2020-06-30,4.0694,4.0778,4.0334,4.0365,38265133.0,1.0,0.0
2020-07-01,3.9968,4.0526,3.9754,4.0391,3590356.0,1.0,0.0
2020-07-02,4.0342,4.0936,4.0047,4.0866,38786615.0,1.0,0.0
2020-07-06,4.0724,4.0746,3.9417,3.9632,33641658.0,1.0,0.0
2020-07-07,4.045,4.1288,4.0189,4.1133,16220516.0,1.0,0.0
2020-07-08,4.116,4.1213,4.0136,4.0165,48891984.0,1.0,0.0
2020-07-09,4.0245,4.028,3.937,3.9607,21336795.0,1.0,0.0
2020-07-10,3.9275,3.9803,3.91,3.9554,30918824.0,1.0,0.0
2020-07-13,3.8335,3.875,3.8301,3.8706,45216969.0,1.0,0.0
2020-07-14,3.8928,3.9015,3.8433,3.8447,39352337.0,1.0,0.0
2020-07-15,3.8294,3.8434,3.7806,3.8014,24226368.0,1.0,0.0
2020-07-16,3.8074,3.8352,3.7825,3.7872,6484838.0,1.0,0.0
2020-07-17,3.7271,3.7922,3.7259,3.7665,49406725.0,1.0,0.0
2020-07-20,3.7164,3.8012,3.6875,3.7538,49904856.0,1.0,0.0
2020-07-21,3.7467,3.7658,3.628,3.629,8101830.0,1.0,0.0
2020-07-22,3.6259,3.6983,3.6181,3.6822,8937142.0,1.0,0.0
2020-07-23,3.7254,3.7548,3.6242,3.6669,39607885.0,1.0,0.0
2020-07-24,3.6686,3.7003,3.6611,3.6857,24758778.0,1.0,0.0
2020-07-27,3.5708,3.6573,3.5405,3.6441,33300628.0,1.0,0.0
2020-07-28,3.6629,3.7633,3.6479,3.7481,14988251.0,1.0,0.0
2020-07-29,3.7273,3.7291,3.6197,3.66,19559875.0,1.0,0.0
2020-07-30,3.6175,3.6238,3.5758,3.5951,1366697.0,1.0,0.0
2020-07-31,3.5605,3.6281,3.555,3.6245,6586590.0,1.0,0.0
2020-08-03,3.6977,3.7695,3.6968,3.7232,45278042.0,1.0,0.0
2020-08-04,3.7768,3.7987,3.686,3.7,15596466.0,1.0,0.0
2020-08-05,3.6911,3.7338,3.6802,3.7023,46061577.0,1.0,0.0
2020-08-06,3.7132,3.7549,3.6697,3.737,13081883.0,1.0,0.0
2020-08-07,3.7337,3.9042,3.7233,3.8862,22008018.0,1.0,0.0
2020-08-10,3.8695,3.9378,3.8313,3.8927,5861114.0,1.0,0.0
2020-08-11,3.9041,3.993,3.8804,3.9789,35749261.0,1.0,0.0
2020-08-12,4.0962,4.2213,4.074,4.2135,49962076.0,1.0,0.0
2020-08-13,4.2125,4.2377,4.2106,4.229,15003471.0,1.0,0.0
2020-08-14,4.2151,4.2271,4.1316,4.1391,30059853.0,1.0,0.0
2020-08-17,4.1509,4.1806,4.0317,4.0324,41337095.0,1.0,0.0
2020-08-18,4.0561,4.0949,3.9895,4.0072,26720685.0,1.0,0.0
2020-08-19,4.0336,4.0389,3.9695,3.9806,2260328.0,1.0,0.0
2020-08-20,4.0334,4.0482,3.9933,4.0223,32615503.0,1.0,0.0
2020-08-21,4.0479,4.1249,4.0451,4.1133,49088711.0,1.0,0.0
2020-08-24,4.0918,4.1033,4.0819,4.0821,3978691.0,1.0,0.0
2020-08-25,4.0662,4.0868,3.9976,4.0063,9587841.0,1.0,0.0
2020-08-26,4.0682,4.0872,4.0117,4.0474,13149150.0,1.0,0.0
2020-08-27,4.0048,4.0346,4.0028,4.0187,14055285.0,1.0,0.0
2020-08-28,3.9921,4.0659,3.9894,4.0426,37490597.0,1.0,0.0
2020-08-31,4.1271,4.1279,4.0859,4.0947,19702228.0,1.0,0.0
2020-09-01,4.111,4.1888,4.1092,4.1424,19343211.0,1.0,0.0
2020-09-02,4.2368,4.2916,4.2265,4.2869,39575379.0,1.0,0.0
2020-09-03,4.3253,4.358,4.289,4.3083,20511557.0,1.0,0.0
2020-09-04,4.269,4.2751,4.1194,4.1228,6403268.0,1.0,0.0
2020-09-08,4.0655,4.0979,4.059,4.0688,39228321.0,1.0,0.0
2020-09-09,4.0148,4.0613,3.9,3.9199,8612221.0,1.0,0.0
2020-09-10,3.9166,3.9252,3.8142,3.8317,1589288.0,1.0,0.0
2020-09-11,3.747,3.7549,3.6739,3.674,22768874.0,1.0,0.0
2020-09-14,3.6897,3.7378,3.676,3.7165,31426038.0,1.0,0.0
2020-09-15,3.8071,3.8088,3.778,3.7929,45561119.0,1.0,0.0
2020-09-16,3.8018,3.8282,3.6257,3.6489,32247794.0,1.0,0.0
2020-09-17,3.6426,3.7541,3.6341,3.7049,6452633.0,1.0,0.0
2020-09-18,3.6989,3.7233,3.6754,3.723,9050473.0,1.0,0.0
2020-09-21,3.6616,3.668,3.6314,3.6497,12861481.0,1.0,0.0
2020-09-22,3.6162,3.6498,3.594,3.6442,23446602.0,1.0,0.0
2020-09-23,3.6365,3.6657,3.5979,3.6182,48425864.0,1.0,0.0
2020-09-24,3.6723,3.702,3.6676,3.6821,7879747.0,1.0,0.0
2020-09-25,3.7502,3.8188,3.7194,3.79,14609700.0,1.0,0.0
2020-09-28,3.7105,3.7765,3.6772,3.7439,47660130.0,1.0,0.0
2020-09-29,3.7239,3.7431,3.6915,3.7195,34760871.0,1.0,0.0
2020-09-30,3.723,3.8279,3.6927,3.8008,4721485.0,1.0,0.0
2020-10-01,3.8223,3.848,3.8209,3.8258,23997684.0,1.0,0.0
2020-10-02,3.8242,3.8352,3.8019,3.8023,29838138.0,1.0,0.0
2020-10-05,3.8667,3.9149,3.844,3.882,10688838.0,1.0,0.0
2020-10-06,3.9479,4.0378,3.9411,4.0224,43520263.0,1.0,0.0
2020-10-07,4.1411,4.1813,4.1014,4.1696,32809897.0,1.0,0.0
2020-10-08,4.1567,4.2082,4.1227,4.1779,5274470.0,1.0,0.0
2020-10-09,4.1233,4.1488,4.0291,4.0627,41149377.0,1.0,0.0
2020-10-12,4.0417,4.0737,4.0397,4.058,39095638.0,1.0,0.0
2020-10-13,4.1027,4.2434,4.0557,4.2174,9667820.0,1.0,0.0
2020-10-14,4.1776,4.1953,4.1137,4.1601,37826642.0,1.0,0.0
2020-10-15,4.1855,4.2559,4.172,4.2298,34872535.0,1.0,0.0
2020-10-16,4.1868,4.2419,4.149,4.1852,29817797.0,1.0,0.0
2020-10-19,4.0966,4.1002,4.0246,4.026,26878275.0,1.0,0.0
2020-10-20,4.0019,4.0478,3.9899,4.0213,26712538.0,1.0,0.0
2020-10-21,3.9252,4.0541,3.9215,4.0489,30678474.0,1.0,0.0
2020-10-22,4.0515,4.0757,3.9908,4.0107,48388833.0,1.0,0.0
2020-10-23,4.0099,4.0685,4.0027,4.0301,3219891.0,1.0,0.0
2020-10-26,4.017,4.0288,3.9284,3.9689,35005526.0,1.0,0.0
2020-10-27,3.9051,3.9636,3.8904,3.9497,10515775.0,1.0,0.0
2020-10-28,3.9394,3.9462,3.8327,3.8681,34155283.0,1.0,0.0
2020-10-29,3.8681,3.8818,3.8182,3.8229,31824662.0,1.0,0.0
2020-10-30,3.2894,3.2935,3.2388,3.2418,12051631.0,1.0,0.0
2020-11-02,3.2997,3.3269,3.2324,3.2606,2548709.0,1.0,0.0
2020-11-03,3.2623,3.329,3.2614,3.3262,40274744.0,1.0,0.0
2020-11-04,3.4167,3.4433,3.297,3.3003,32833239.0,1.0,0.0
2020-11-05,3.4018,3.4055,3.3446,3.3466,18716895.0,1.0,0.0
2020-11-06,3.3117,3.3358,3.2392,3.2462,21451700.0,1.0,0.0
2020-11-09,2.9131,2.9283,2.8855,2.8925,42518009.0,1.0,0.0
2020-11-10,2.9304,2.9394,2.9109,2.9196,30392260.0,1.0,0.0
2020-11-11,3.1027,3.1069,3.046,3.0574,36044710.0,1.0,0.0
2020-11-12,3.2421,3.3018,3.2111,3.2947,12938036.0,1.0,0.0
2020-11-13,3.1405,3.155,3.0808,3.1012,39245570.0,1.0,0.0
2020-11-16,3.0949,3.1747,3.0888,3.1703,22987599.0,1.0,0.0
2020-11-17,3.0588,3.0691,3.0162,3.0295,27001044.0,1.0,0.0
2020-11-18,3.0275,3.036,3.0001,3.0101,14935727.0,1.0,0.0
2020-11-19,2.8558,2.9759,2.8397,2.965,35186043.0,1.0,0.0
2020-11-20,3.1329,3.1962,3.132,3.1789,49879395.0,1.0,0.0
2020-11-23,3.2221,3.2343,3.1917,3.2005,31401360.0,1.0,0.0
2020-11-24,3.042,3.0843,3.0239,3.0587,28050917.0,1.0,0.0
2020-11-25,3.1155,3.1271,3.1073,3.1187,27442649.0,1.0,0.0
2020-11-27,3.6782,3.7016,3.6662,3.6886,37361650.0,1.0,0.0
2020-11-30,3.3892,3.4966,3.3849,3.49,18425492.0,1.0,0.0
2020-12-01,3.6459,3.6678,3.6085,3.6533,3104718.0,1.0,0.0
2020-12-02,3.6151,3.667,3.5901,3.6458,43841041.0,1.0,0.0
2020-12-03,3.6689,3.6757,3.5875,3.5993,16018851.0,1.0,0.0
2020-12-04,3.4818,3.4955,3.4723,3.4887,10364698.0,1.0,0.0
2020-12-07,4.0323,4.0664,4.0313,4.0461,1169155.0,1.0,0.0
2020-12-08,4.2577,4.3158,4.2567,4.2906,20351000.0,1.0,0.0
2020-12-09,4.512,4.5515,4.5003,4.525,2638366.0,1.0,0.0
2020-12-10,4.4235,4.4242,4.3511,4.3729,25883467.0,1.0,0.0
2020-12-11,4.2505,4.2906,4.2454,4.26,38249112.0,1.0,0.0
2020-12-14,3.9351,3.9449,3.9175,3.9377,37611918.0,1.0,0.0
2020-12-15,3.764,3.7646,3.7132,3.7334,42815930.0,1.0,0.0
2020-12-16,3.7519,3.7814,3.6907,3.7404,42422101.0,1.0,0.0
2020-12-17,3.4597,3.4817,3.4259,3.4373,21522062.0,1.0,0.0
2020-12-18,3.3889,3.3998,3.2994,3.3023,36784302.0,1.0,0.0
2020-12-21,2.927,2.9908,2.907,2.9886,4294985.0,1.0,0.0
2020-12-22,2.9371,2.9627,2.9157,2.957,40689791.0,1.0,0.0
2020-12-23,2.7077,2.7483,2.6763,2.7367,5291818.0,1.0,0.0
2020-12-24,2.5108,2.5168,2.4676,2.474,7278770.0,1.0,0.0
2020-12-28,2.6209,2.6289,2.5433,2.5547,3030140.0,1.0,0.0
2020-12-29,2.5913,2.6372,2.5753,2.6289,19901631.0,1.0,0.0
2020-12-30,2.6206,2.6502,2.6179,2.6488,37838862.0,1.0,0.0
2020-12-31,2.3605,2.3718,2.3325,2.3354,24319382.0,1.0,0.0
2021-01-04,2.4418,2.4678,2.4161,2.4603,26143944.0,1.0,0.0
2021-01-05,2.4004,2.4318,2.3964,2.4211,16270107.0,1.0,0.0
2021-01-06,2.3658,2.3659,2.2813,2.3151,24740846.0,1.0,0.0
2021-01-07,2.4697,2.5381,2.4549,2.5307,21632668.0,1.0,0.0
2021-01-08,2.5177,2.5543,2.4919,2.4927,12759355.0,1.0,0.0
2021-01-11,2.5286,2.581,2.5119,2.5623,36531476.0,1.0,0.0
2021-01-12,2.3976,2.4078,2.3736,2.3889,25371973.0,1.0,0.0
2021-01-13,2.5538,2.5864,2.5392,2.5801,16479177.0,1.0,0.0
2021-01-14,2.5444,2.5822,2.5427,2.5766,27953329.0,1.0,0.0
2021-01-15,2.6084,2.6626,2.6082,2.6529,3729980.0,1.0,0.0
2021-01-19,2.5122,2.5456,2.4958,2.5438,46023737.0,1.0,0.0
2021-01-20,2.5064,2.5228,2.5019,2.5215,14429965.0,1.0,0.0
2021-01-21,2.3993,2.4018,2.3811,2.3856,31154173.0,1.0,0.0
2021-01-22,2.2943,2.3764,2.2897,2.3343,1522054.0,1.0,0.0
2021-01-25,2.2838,2.2999,2.2545,2.2617,44818363.0,1.0,0.0
2021-01-26,2.5028,2.5337,2.4756,2.5182,34430399.0,1.0,0.0
2021-01-27,2.5739,2.5819,2.5588,2.5589,19729138.0,1.0,0.0
2021-01-28,2.4982,2.5249,2.4733,2.5215,27981791.0,1.0,0.0
2021-01-29,2.3494,2.428,2.3395,2.4215,32682561.0,1.0,0.0
2021-02-01,2.2602,2.2754,2.2308,2.2407,9568168.0,1.0,0.0
2021-02-02,2.3156,2.3846,2.3146,2.3762,17690614.0,1.0,0.0
2021-02-03,2.2443,2.2799,2.2411,2.2545,19470879.0,1.0,0.0
2021-02-04,2.3134,2.3317,2.2934,2.2982,21123821.0,1.0,0.0
2021-02-05,2.2308,2.2316,2.2198,2.2226,32617823.0,1.0,0.0
2021-02-08,2.2619,2.2714,2.2448,2.2692,7425872.0,1.0,0.0
2021-02-09,2.4383,2.4874,2.4336,2.4736,2170707.0,1.0,0.0
2021-02-10,2.2965,2.3125,2.2255,2.2365,45353380.0,1.0,0.0
2021-02-11,2.2946,2.3032,2.2486,2.2704,39354075.0,1.0,0.0
2021-02-12,2.2198,2.2224,2.1763,2.182,28826341.0,1.0,0.0
2021-02-16,2.265,2.3012,2.2335,2.2821,36907461.0,1.0,0.0
2021-02-17,2.4239,2.4503,2.4156,2.4357,47451721.0,1.0,0.0
2021-02-18,2.4624,2.4806,2.4338,2.4787,21482730.0,1.0,0.0
2021-02-19,2.5662,2.586,2.5604,2.5698,14410464.0,1.0,0.0
2021-02-22,2.4342,2.4435,2.4218,2.4221,49223798.0,1.0,0.0
2021-02-23,2.4243,2.4425,2.3426,2.3594,1927073.0,1.0,0.0
2021-02-24,2.4283,2.4536,2.4125,2.4364,45336467.0,1.0,0.0
2021-02-25,2.5239,2.5429,2.5121,2.5132,13810541.0,1.0,0.0
2021-02-26,2.4641,2.488,2.4283,2.443,12140444.0,1.0,0.0
2021-03-01,2.3111,2.3188,2.2862,2.2882,33928562.0,1.0,0.0
2021-03-02,2.2295,2.2871,2.2291,2.2762,5982278.0,1.0,0.0
2021-03-03,2.3165,2.3518,2.2932,2.3337,41695187.0,1.0,0.0
2021-03-04,2.3507,2.3734,2.328,2.3731,36022808.0,1.0,0.0
2021-03-05,2.3369,2.4216,2.3368,2.3959,48548217.0,1.0,0.0
2021-03-08,2.2793,2.3365,2.2738,2.326,26484410.0,1.0,0.0
2021-03-09,2.2012,2.2135,2.1836,2.2017,19905993.0,1.0,0.0
2021-03-10,2.3361,2.3457,2.3059,2.3066,14928713.0,1.0,0.0
2021-03-11,2.2119,2.2154,2.1524,2.169,28843037.0,1.0,0.0
2021-03-12,2.2034,2.2561,2.1962,2.2441,48866277.0,1.0,0.0
2021-03-15,2.2906,2.3138,2.2718,2.29,44968545.0,1.0,0.0
2021-03-16,2.333,2.3364,2.2594,2.2629,49480131.0,1.0,0.0
2021-03-17,2.3173,2.3245,2.314,2.319,46098101.0,1.0,0.0
2021-03-18,2.4274,2.43,2.4014,2.4031,44822871.0,1.0,0.0
2021-03-19,2.3833,2.4197,2.3829,2.3993,11405007.0,1.0,0.0
2021-03-22,2.5162,2.5545,2.4935,2.5509,29436918.0,1.0,0.0
2021-03-23,2.5303,2.6189,2.5228,2.5849,7138020.0,1.0,0.0
2021-03-24,2.6691,2.7402,2.6547,2.7298,17726210.0,1.0,0.0
2021-03-25,2.7467,2.764,2.7259,2.7462,14114430.0,1.0,0.0
2021-03-26,2.7094,2.7273,2.6682,2.6815,14440711.0,1.0,0.0
2021-03-29,2.7302,2.7766,2.7159,2.76,43230861.0,1.0,0.0
2021-03-30,2.8433,2.8467,2.8031,2.8118,45417966.0,1.0,0.0
2021-03-31,2.7842,2.8604,2.7644,2.8333,38920558.0,1.0,0.0
2021-04-01,2.835,2.8607,2.8254,2.8556,40998253.0,1.0,0.0
2021-04-05,2.9197,2.9477,2.873,2.884,24489585.0,1.0,0.0
2021-04-06,2.8957,2.9031,2.8666,2.8886,38973608.0,1.0,0.0
2021-04-07,2.9323,2.9755,2.9212,2.9742,33331018.0,1.0,0.0
2021-04-08,3.1616,3.2236,3.1389,3.1988,43935517.0,1.0,0.0
2021-04-09,3.1438,3.1892,3.1392,3.1779,7579126.0,1.0,0.0
2021-04-12,3.18,3.1902,3.13,3.1379,27814347.0,1.0,0.0
2021-04-13,2.9693,2.9727,2.9269,2.935,33217731.0,1.0,0.0
2021-04-14,2.9429,2.9473,2.8954,2.9018,26845479.0,1.0,0.0
2021-04-15,2.8877,2.9147,2.877,2.907,41974982.0,1.0,0.0
2021-04-16,2.8948,2.9336,2.7735,2.7865,36196602.0,1.0,0.0
2021-04-19,2.7955,2.8164,2.7652,2.7845,20242416.0,1.0,0.0
2021-04-20,2.7428,2.8262,2.7186,2.815,1763911.0,1.0,0.0
2021-04-21,2.8111,2.8588,2.8105,2.8493,33207904.0,1.0,0.0
2021-04-22,2.9168,2.9736,2.8831,2.9636,35471403.0,1.0,0.0
2021-04-23,2.9985,3.0332,2.9229,2.93,19618039.0,1.0,0.0
2021-04-26,2.8485,2.853,2.8171,2.8407,21768482.0,1.0,0.0
2021-04-27,2.861,2.9057,2.8495,2.8991,38075101.0,1.0,0.0
2021-04-28,2.8046,2.827,2.7859,2.8089,29784751.0,1.0,0.0
2021-04-29,2.8563,2.881,2.8509,2.8744,3428463.0,1.0,0.0
2021-04-30,2.8312,2.8509,2.7931,2.8115,30307858.0,1.0,0.0
2021-05-03,2.8565,2.8635,2.8218,2.8256,43033852.0,1.0,0.0
2021-05-04,2.8322,2.8423,2.7759,2.7934,8336236.0,1.0,0.0
2021-05-05,2.7795,2.8287,2.7476,2.8183,17493986.0,1.0,0.0
2021-05-06,2.8468,2.8526,2.7873,2.7949,28839378.0,1.0,0.0
2021-05-07,2.8246,2.8258,2.7423,2.7437,5656203.0,1.0,0.0
2021-05-10,2.8709,2.8956,2.8643,2.8913,41860188.0,1.0,0.0
2021-05-11,2.8834,2.9056,2.8781,2.8785,34885686.0,1.0,0.0
2021-05-12,3.1303,3.1311,3.0702,3.0797,22601871.0,1.0,0.0
2021-05-13,3.0519,3.0534,3.0316,3.0418,6725246.0,1.0,0.0
2021-05-14,3.0813,3.0891,3.0076,3.0276,22175526.0,1.0,0.0
2021-05-17,3.0604,3.0637,3.0172,3.0179,8207529.0,1.0,0.0
2021-05-18,3.104,3.1109,3.0489,3.0559,37677718.0,1.0,0.0
2021-05-19,3.0334,3.0844,3.0221,3.0755,9661339.0,1.0,0.0
2021-05-20,3.0846,3.0905,3.0464,3.0545,19690446.0,1.0,0.0
2021-05-21,3.0674,3.0734,3.0425,3.047,18454579.0,1.0,0.0
2021-05-24,2.8336,2.911,2.8289,2.892,20339051.0,1.0,0.0
2021-05-25,2.9011,2.913,2.7698,2.7757,28571854.0,1.0,0.0
2021-05-26,2.9099,2.9411,2.8824,2.9408,32384036.0,1.0,0.0
2021-05-27,2.9295,2.9595,2.9065,2.9109,46289686.0,1.0,0.0
2021-05-28,2.8421,2.8738,2.7899,2.7975,48745865.0,1.0,0.0
2021-06-01,2.6155,2.6791,2.608,2.6644,10964893.0,1.0,0.0
2021-06-02,2.6375,2.703,2.6244,2.6955,35754044.0,1.0,0.0
2021-06-03,2.6614,2.6902,2.6034,2.6252,38705815.0,1.0,0.0
2021-06-04,2.5808,2.6165,2.5787,2.6031,46910134.0,1.0,0.0
2021-06-07,2.6078,2.6152,2.5664,2.5717,43894301.0,1.0,0.0
2021-06-08,2.5678,2.5844,2.549,2.5681,40049176.0,1.0,0.0
2021-06-09,2.5404,2.5518,2.5278,2.5332,16741673.0,1.0,0.0
2021-06-10,2.5379,2.6085,2.532,2.6048,30652792.0,1.0,0.0
2021-06-11,2.6191,2.7008,2.6021,2.6875,37427902.0,1.0,0.0
2021-06-14,2.7129,2.8196,2.7091,2.8051,33018618.0,1.0,0.0
2021-06-15,2.8575,2.9624,2.8297,2.9487,6167161.0,1.0,0.0
2021-06-16,2.9359,2.9774,2.9255,2.973,36590940.0,1.0,0.0
2021-06-17,3.0718,3.0814,3.0543,3.063,10303237.0,1.0,0.0
2021-06-18,3.0989,3.1404,3.0385,3.0454,14168843.0,1.0,0.0
2021-06-21,3.0867,3.0885,3.0136,3.0689,33498363.0,1.0,0.0
2021-06-22,3.0681,3.1379,3.0649,3.1259,7230378.0,1.0,0.0
2021-06-23,3.038,3.1219,3.0157,3.1188,19732501.0,1.0,0.0
2021-06-24,3.0962,3.1227,3.0635,3.1155,44283726.0,1.0,0.0
2021-06-25,3.1051,3.122,3.0785,3.0936,17085801.0,1.0,0.0
2021-06-28,2.9434,2.9635,2.92,2.9477,46243947.0,1.0,0.0
2021-06-29,2.9164,2.9184,2.9064,2.9152,24728836.0,1.0,0.0
2021-06-30,2.9608,3.0281,2.9373,3.0163,12750167.0,1.0,0.0
2021-07-01,2.9583,2.9741,2.8655,2.8812,46166876.0,1.0,0.0
2021-07-02,2.8995,2.9168,2.8728,2.8861,27709168.0,1.0,0.0
2021-07-06,2.9146,2.9198,2.8467,2.867,6698506.0,1.0,0.0
2021-07-07,2.878,2.9269,2.874,2.9229,28901810.0,1.0,0.0
2021-07-08,2.9454,2.9462,2.8763,2.8795,2389547.0,1.0,0.0
2021-07-09,2.7564,2.8046,2.7432,2.7898,10474792.0,1.0,0.0
2021-07-12,2.8239,2.8276,2.7675,2.7828,29271311.0,1.0,0.0
2021-07-13,2.7965,2.8086,2.7633,2.7652,44663572.0,1.0,0.0
2021-07-14,2.6997,2.7096,2.6605,2.6873,26803017.0,1.0,0.0
2021-07-15,2.6372,2.7155,2.6283,2.6988,5277827.0,1.0,0.0
2021-07-16,2.7156,2.7172,2.7056,2.7162,43343630.0,1.0,0.0
2021-07-19,2.7356,2.7696,2.7238,2.7325,41926665.0,1.0,0.0
2021-07-20,2.7377,2.783,2.7241,2.7805,38652709.0,1.0,0.0
2021-07-21,2.8018,2.8033,2.7451,2.7546,34477183.0,1.0,0.0
2021-07-22,2.7683,2.7819,2.7175,2.7333,10688010.0,1.0,0.0
2021-07-23,2.6635,2.6979,2.6543,2.6869,9429742.0,1.0,0.0
2021-07-26,2.6829,2.7492,2.6716,2.729,2121873.0,1.0,0.0
2021-07-27,2.7014,2.7108,2.6875,2.6934,34980580.0,1.0,0.0
2021-07-28,2.6847,2.7345,2.6834,2.7105,40936129.0,1.0,0.0
2021-07-29,2.7409,2.7626,2.7303,2.7392,44286770.0,1.0,0.0
2021-07-30,2.7308,2.7408,2.7013,2.7247,25716543.0,1.0,0.0
2021-08-02,2.7611,2.771,2.7162,2.7291,18605916.0,1.0,0.0
2021-08-03,2.6999,2.7068,2.5922,2.6071,32173243.0,1.0,0.0
2021-08-04,2.5729,2.5849,2.5673,2.573,28562292.0,1.0,0.0
2021-08-05,2.5366,2.5372,2.5013,2.5188,48659305.0,1.0,0.0
2021-08-06,2.4757,2.4843,2.4631,2.4636,36097706.0,1.0,0.0
2021-08-09,2.3935,2.3952,2.3812,2.386,3284074.0,1.0,0.0
2021-08-10,2.2946,2.3093,2.2212,2.229,26245572.0,1.0,0.0
2021-08-11,2.223,2.227,2.1757,2.1791,4840906.0,1.0,0.0
2021-08-12,2.1596,2.198,2.1359,2.1909,26753223.0,1.0,0.0
2021-08-13,2.1679,2.1955,2.1675,2.1726,42971490.0,1.0,0.0
2021-08-16,2.2047,2.2405,2.1874,2.2112,4342468.0,1.0,0.0
2021-08-17,2.2477,2.2829,2.2421,2.274,47444614.0,1.0,0.0
2021-08-18,2.2369,2.2579,2.2226,2.2466,10600463.0,1.0,0.0
2021-08-19,2.2336,2.2411,2.1675,2.1913,26239067.0,1.0,0.0
2021-08-20,2.2187,2.2289,2.2095,2.2149,2416735.0,1.0,0.0
2021-08-23,2.2614,2.3586,2.2484,2.3464,37863628.0,1.0,0.0
2021-08-24,2.3831,2.3987,2.3437,2.3757,36146997.0,1.0,0.0
2021-08-25,2.377,2.3791,2.3373,2.365,15486364.0,1.0,0.0
2021-08-26,2.3931,2.3962,2.3792,2.3885,17313861.0,1.0,0.0
2021-08-27,2.3932,2.4046,2.3759,2.4014,20449053.0,1.0,0.0
2021-08-30,2.3379,2.3417,2.3347,2.3378,33451590.0,1.0,0.0
2021-08-31,2.3692,2.3944,2.2824,2.2848,35843483.0,1.0,0.0
2021-09-01,2.2883,2.3169,2.2682,2.3021,16577080.0,1.0,0.0
2021-09-02,2.2246,2.2415,2.2204,2.2275,46768577.0,1.0,0.0
2021-09-03,2.2673,2.275,2.2518,2.2699,23095838.0,1.0,0.0
2021-09-07,2.2576,2.2809,2.2544,2.2787,19493784.0,1.0,0.0
2021-09-08,2.2908,2.3109,2.2898,2.3092,19841240.0,1.0,0.0
2021-09-09,2.2875,2.2939,2.2756,2.2805,4131493.0,1.0,0.0
2021-09-10,2.296,2.3444,2.2824,2.337,22930008.0,1.0,0.0
2021-09-13,2.3512,2.4123,2.3467,2.3947,19754756.0,1.0,0.0
2021-09-14,2.4044,2.4188,2.3788,2.3843,30872187.0,1.0,0.0
2021-09-15,2.3778,2.3906,2.2988,2.3181,49059574.0,1.0,0.0
2021-09-16,2.3322,2.3537,2.291,2.2991,4859592.0,1.0,0.0
2021-09-17,2.2703,2.2734,2.2595,2.2612,11509956.0,1.0,0.0
2021-09-20,2.2876,2.2928,2.2367,2.2426,23913898.0,1.0,0.0
2021-09-21,2.2698,2.3671,2.2591,2.3545,7700219.0,1.0,0.0
2021-09-22,2.3375,2.3495,2.3002,2.3111,44277452.0,1.0,0.0
2021-09-23,2.3319,2.4426,2.3257,2.4251,24831476.0,1.0,0.0
2021-09-24,2.4442,2.4516,2.4359,2.4509,22626979.0,1.0,0.0
2021-09-27,2.4977,2.5012,2.4703,2.4789,8913061.0,1.0,0.0
2021-09-28,2.4847,2.5159,2.47,2.5012,42899775.0,1.0,0.0
2021-09-29,2.4945,2.507,2.4907,2.5008,46681494.0,1.0,0.0
2021-09-30,2.4901,2.5161,2.4774,2.5042,49921195.0,1.0,0.0
2021-10-01,2.4837,2.5012,2.4269,2.4407,16860130.0,1.0,0.0
2021-10-04,2.4357,2.4926,2.4348,2.4875,26900588.0,1.0,0.0
2021-10-05,2.4747,2.5074,2.4619,2.4958,30200840.0,1.0,0.0
2021-10-06,2.5216,2.533,2.46,2.4754,32618163.0,1.0,0.0
2021-10-07,2.4765,2.4824,2.4469,2.467,19268406.0,1.0,0.0
2021-10-08,2.4628,2.4646,2.4357,2.4525,44187654.0,1.0,0.0
2021-10-11,2.4032,2.4185,2.3944,2.3946,37411535.0,1.0,0.0
2021-10-12,2.3753,2.3824,2.3704,2.38,3529959.0,1.0,0.0
2021-10-13,2.39,2.4451,2.3857,2.4403,46708822.0,1.0,0.0
2021-10-14,2.4326,2.4492,2.4257,2.4323,31520131.0,1.0,0.0
2021-10-15,2.4591,2.477,2.4538,2.4546,3267971.0,1.0,0.0
2021-10-18,2.4135,2.4247,2.4009,2.4118,2202379.0,1.0,0.0
2021-10-19,2.4183,2.4395,2.4142,2.4367,11937860.0,1.0,0.0
2021-10-20,2.4414,2.4432,2.4164,2.4318,7066416.0,1.0,0.0
2021-10-21,2.4525,2.469,2.4263,2.44,17877116.0,1.0,0.0
2021-10-22,2.4611,2.4722,2.4585,2.4636,42424400.0,1.0,0.0
2021-10-25,2.411,2.4175,2.3267,2.3415,40295094.0,1.0,0.0
2021-10-26,2.3512,2.3757,2.3339,2.3436,30820663.0,1.0,0.0
2021-10-27,2.3366,2.3532,2.2419,2.255,32172407.0,1.0,0.0
2021-10-28,2.247,2.3163,2.2409,2.3092,40856863.0,1.0,0.0
2021-10-29,2.3134,2.3185,2.3005,2.3012,30863532.0,1.0,0.0
2021-11-01,2.3034,2.3184,2.2547,2.262,25154293.0,1.0,0.0
2021-11-02,2.2622,2.3063,2.2392,2.305,6602545.0,1.0,0.0
2021-11-03,2.2999,2.3357,2.2686,2.3234,36265138.0,1.0,0.0
2021-11-04,2.3311,2.344,2.2676,2.299,3013098.0,1.0,0.0
2021-11-05,2.3112,2.3301,2.2523,2.2679,33502780.0,1.0,0.0
2021-11-08,2.6155,2.632,2.59,2.6058,49641446.0,1.0,0.0
2021-11-09,2.578,2.5853,2.5307,2.5323,9042210.0,1.0,0.0
2021-11-10,2.4939,2.5471,2.4907,2.5234,38368129.0,1.0,0.0
2021-11-11,2.4646,2.49,2.4639,2.4899,11482069.0,1.0,0.0
2021-11-12,2.6074,2.689,2.6,2.6661,37414715.0,1.0,0.0
2021-11-15,2.7193,2.7766,2.7173,2.7741,19557134.0,1.0,0.0
2021-11-16,2.6775,2.7332,2.6723,2.7328,34359277.0,1.0,0.0
2021-11-17,2.7468,2.7653,2.6959,2.7147,38569730.0,1.0,0.0
2021-11-18,2.6564,2.6675,2.6018,2.6088,24822621.0,1.0,0.0
2021-11-19,2.6681,2.6891,2.6312,2.6404,18133259.0,1.0,0.0
2021-11-22,2.7078,2.7419,2.6819,2.7256,11216043.0,1.0,0.0
2021-11-23,2.6797,2.6921,2.6295,2.6424,1702570.0,1.0,0.0
2021-11-24,2.5748,2.6117,2.5714,2.5931,3068762.0,1.0,0.0
2021-11-26,2.5666,2.5683,2.5172,2.539,23710394.0,1.0,0.0
2021-11-29,2.509,2.5149,2.4929,2.5004,10212977.0,1.0,0.0
2021-11-30,2.4738,2.5628,2.472,2.5356,46571457.0,1.0,0.0
2021-12-01,2.5531,2.5635,2.4659,2.4869,49930041.0,1.0,0.0
2021-12-02,2.4274,2.4567,2.4066,2.4185,36745974.0,1.0,0.0
2021-12-03,2.4032,2.4052,2.3578,2.3687,47827538.0,1.0,0.0
2021-12-06,2.4064,2.467,2.3773,2.4547,34079136.0,1.0,0.0
2021-12-07,2.4823,2.485,2.4428,2.459,40698135.0,1.0,0.0
2021-12-08,2.4199,2.4368,2.409,2.4107,44203598.0,1.0,0.0
2021-12-09,2.4302,2.4881,2.4225,2.4858,20206769.0,1.0,0.0
2021-12-10,2.4516,2.5451,2.4413,2.5414,23683873.0,1.0,0.0
2021-12-13,2.658,2.6668,2.6092,2.6096,18492923.0,1.0,0.0
2021-12-14,2.5805,2.5963,2.5352,2.5471,39094644.0,1.0,0.0
2021-12-15,2.5024,2.5222,2.4695,2.4736,16340441.0,1.0,0.0
2021-12-16,2.4688,2.4761,2.3936,2.3947,35242697.0,1.0,0.0
2021-12-17,2.3642,2.3791,2.3328,2.3409,34011163.0,1.0,0.0
2021-12-20,2.3354,2.3633,2.3317,2.3562,39149402.0,1.0,0.0
2021-12-21,2.3734,2.4518,2.3709,2.4349,26026502.0,1.0,0.0
2021-12-22,2.5094,2.526,2.486,2.4932,35871577.0,1.0,0.0
2021-12-23,2.5557,2.561,2.5299,2.5512,31556812.0,1.0,0.0
2021-12-27,2.5338,2.5446,2.4968,2.5009,43803494.0,1.0,0.0
2021-12-28,2.5558,2.574,2.4963,2.4979,23463565.0,1.0,0.0
2021-12-29,2.4814,2.4946,2.4436,2.4545,46035705.0,1.0,0.0
2021-12-30,2.4758,2.4912,2.4461,2.4509,39766840.0,1.0,0.0
2021-12-31,2.442,2.455,2.3702,2.3958,13950039.0,1.0,0.0
2022-01-03,2.3886,2.4196,2.3617,2.3985,11199360.0,1.0,0.0
2022-01-04,2.4581,2.512,2.4449,2.4867,11316822.0,1.0,0.0
2022-01-05,2.5806,2.5915,2.5544,2.5627,9906485.0,1.0,0.0
2022-01-06,2.5905,2.6261,2.5846,2.6229,32445907.0,1.0,0.0
2022-01-07,2.7287,2.7459,2.6807,2.6906,31799610.0,1.0,0.0
2022-01-10,2.699,2.7067,2.6604,2.6937,28650256.0,1.0,0.0
2022-01-11,2.7049,2.7096,2.6995,2.708,20897131.0,1.0,0.0
2022-01-12,2.7126,2.714,2.6654,2.702,6279201.0,1.0,0.0
2022-01-13,2.6729,2.7092,2.6643,2.6944,16039709.0,1.0,0.0
2022-01-14,2.7016,2.7032,2.6661,2.6721,49974965.0,1.0,0.0
2022-01-18,2.6742,2.6951,2.6544,2.67,8732383.0,1.0,0.0
2022-01-19,2.7164,2.7787,2.7156,2.7661,32822540.0,1.0,0.0
2022-01-20,2.7147,2.7216,2.6985,2.7092,26666333.0,1.0,0.0
2022-01-21,2.7387,2.7443,2.6971,2.7231,6964777.0,1.0,0.0
2022-01-24,2.7032,2.7457,2.6995,2.7416,45202042.0,1.0,0.0
2022-01-25,2.58,2.6071,2.5753,2.5993,28670735.0,1.0,0.0
2022-01-26,2.5717,2.5987,2.5509,2.5949,49840139.0,1.0,0.0
2022-01-27,2.6147,2.6366,2.6107,2.6279,48578652.0,1.0,0.0
2022-01-28,2.5973,2.6757,2.5961,2.67,28780696.0,1.0,0.0
2022-01-31,2.7129,2.7263,2.6519,2.6612,36142670.0,1.0,0.0
2022-02-01,2.6343,2.6547,2.5981,2.6074,15345689.0,1.0,0.0
2022-02-02,2.5956,2.6341,2.5886,2.6218,49424916.0,1.0,0.0
2022-02-03,2.573,2.6247,2.5665,2.5963,44808147.0,1.0,0.0
2022-02-04,2.5961,2.5985,2.5761,2.5775,5567560.0,1.0,0.0
2022-02-07,2.5667,2.5813,2.5592,2.5784,13518352.0,1.0,0.0
2022-02-08,2.551,2.6566,2.5437,2.6298,2612738.0,1.0,0.0
2022-02-09,2.6242,2.6804,2.6169,2.6557,29118106.0,1.0,0.0
2022-02-10,2.5853,2.597,2.5042,2.5141,18399790.0,1.0,0.0
2022-02-11,2.4836,2.5158,2.4712,2.5091,23301363.0,1.0,0.0
2022-02-14,2.4975,2.5128,2.4728,2.4774,8373245.0,1.0,0.0
2022-02-15,2.4424,2.4577,2.3943,2.4062,16757861.0,1.0,0.0
2022-02-16,2.2614,2.2676,2.2119,2.2309,48984225.0,1.0,0.0
2022-02-17,2.2346,2.2491,2.1989,2.2129,1951539.0,1.0,0.0
2022-02-18,2.2537,2.2783,2.2356,2.2397,26094117.0,1.0,0.0
2022-02-22,2.2518,2.2584,2.2176,2.2259,3432536.0,1.0,0.0
2022-02-23,2.2955,2.3405,2.2831,2.3361,45946277.0,1.0,0.0
2022-02-24,2.3625,2.3679,2.3124,2.3319,45243618.0,1.0,0.0
2022-02-25,2.3778,2.4589,2.3721,2.4457,40514233.0,1.0,0.0
2022-02-28,2.4933,2.5444,2.4904,2.5356,26536891.0,1.0,0.0
2022-03-01,2.5545,2.6038,2.5433,2.5948,33571704.0,1.0,0.0
2022-03-02,2.6275,2.6792,2.621,2.6558,36964731.0,1.0,0.0
2022-03-03,2.6968,2.7851,2.6727,2.7705,32971775.0,1.0,0.0
2022-03-04,2.7562,2.7785,2.7306,2.7375,15506851.0,1.0,0.0
2022-03-07,2.7115,2.7808,2.7104,2.7607,48581874.0,1.0,0.0
2022-03-08,2.8003,2.8114,2.7932,2.7938,2597413.0,1.0,0.0
2022-03-09,2.8116,2.8443,2.799,2.8373,30974166.0,1.0,0.0
2022-03-10,2.8081,2.8446,2.7858,2.7931,19838687.0,1.0,0.0
2022-03-11,2.826,2.848,2.7829,2.7901,5418352.0,1.0,0.0
2022-03-14,2.7143,2.7589,2.7068,2.7332,8509834.0,1.0,0.0
2022-03-15,2.6537,2.718,2.6524,2.681,48746869.0,1.0,0.0
2022-03-16,2.6469,2.6548,2.6453,2.6473,10627764.0,1.0,0.0
2022-03-17,2.6174,2.7,2.6075,2.6845,37679695.0,1.0,0.0
2022-03-18,2.807,2.8115,2.7341,2.752,49448097.0,1.0,0.0
2022-03-21,3.0768,3.0864,3.0301,3.0405,16098222.0,1.0,0.0
2022-03-22,2.8536,2.8587,2.8218,2.8436,31811429.0,1.0,0.0
2022-03-23,2.8385,2.8596,2.8345,2.859,20718807.0,1.0,0.0
2022-03-24,2.8817,2.8823,2.8299,2.8396,15027405.0,1.0,0.0
2022-03-25,2.8326,2.8493,2.7936,2.7972,30584059.0,1.0,0.0
2022-03-28,2.7832,2.7876,2.7596,2.7796,41709414.0,1.0,0.0
2022-03-29,2.7716,2.7755,2.7586,2.7599,42669052.0,1.0,0.0
2022-03-30,2.6629,2.6908,2.6542,2.6809,4652176.0,1.0,0.0
2022-03-31,2.6419,2.7,2.6379,2.6891,36744742.0,1.0,0.0
2022-04-01,2.6575,2.6782,2.6316,2.6702,20446212.0,1.0,0.0
2022-04-04,2.665,2.6675,2.6489,2.65,29649845.0,1.0,0.0
2022-04-05,2.6196,2.625,2.5836,2.5892,6526231.0,1.0,0.0
2022-04-06,2.5424,2.5555,2.5306,2.5543,11630871.0,1.0,0.0
2022-04-07,2.5734,2.591,2.5608,2.5752,2510137.0,1.0,0.0
2022-04-08,2.671,2.6882,2.6675,2.6825,1847145.0,1.0,0.0
2022-04-11,2.7036,2.7239,2.6438,2.6672,46843437.0,1.0,0.0
2022-04-12,2.6311,2.6477,2.5732,2.5809,27848168.0,1.0,0.0
2022-04-13,2.603,2.6139,2.5733,2.5962,17845349.0,1.0,0.0
2022-04-14,2.4902,2.5262,2.4815,2.5076,24703543.0,1.0,0.0
2022-04-18,2.546,2.5534,2.5282,2.5401,12504315.0,1.0,0.0
2022-04-19,2.5892,2.6008,2.5588,2.5784,11312356.0,1.0,0.0
2022-04-20,2.6133,2.6195,2.6028,2.6189,48348415.0,1.0,0.0
2022-04-21,2.5764,2.5937,2.5733,2.5761,24390396.0,1.0,0.0
2022-04-22,2.5728,2.6042,2.5711,2.6022,47036942.0,1.0,0.0
2022-04-25,2.6509,2.7022,2.6353,2.6959,23182826.0,1.0,0.0
2022-04-26,2.6883,2.6911,2.6268,2.6346,21275140.0,1.0,0.0
2022-04-27,2.6478,2.6759,2.6408,2.6611,12589355.0,1.0,0.0
2022-04-28,2.6303,2.6632,2.6241,2.6403,12862252.0,1.0,0.0
2022-04-29,2.6342,2.6349,2.5782,2.5799,24140511.0,1.0,0.0
2022-05-02,2.6006,2.6312,2.5995,2.6169,39467796.0,1.0,0.0
2022-05-03,2.6559,2.6564,2.6156,2.6267,10355776.0,1.0,0.0
2022-05-04,2.6379,2.7264,2.6366,2.6931,11314304.0,1.0,0.0
2022-05-05,2.7179,2.7347,2.6818,2.6841,26171578.0,1.0,0.0
2022-05-06,2.73,2.7341,2.7177,2.7194,27151209.0,1.0,0.0
2022-05-09,2.7168,2.7377,2.6797,2.7304,21623734.0,1.0,0.0
2022-05-10,2.6488,2.6615,2.6301,2.6558,19266844.0,1.0,0.0
2022-05-11,2.6058,2.638,2.5949,2.6245,19120328.0,1.0,0.0
2022-05-12,2.6226,2.6288,2.5835,2.5873,28831592.0,1.0,0.0
2022-05-13,2.5377,2.5475,2.4858,2.4917,41256948.0,1.0,0.0
2022-05-16,2.4904,2.5026,2.4583,2.4607,44613322.0,1.0,0.0
2022-05-17,2.4121,2.4177,2.3652,2.3701,48358651.0,1.0,0.0
2022-05-18,2.3842,2.3911,2.3644,2.3736,17959241.0,1.0,0.0
2022-05-19,2.3805,2.4295,2.3693,2.4235,11370820.0,1.0,0.0
2022-05-20,2.3878,2.3973,2.3381,2.3584,9404914.0,1.0,0.0
2022-05-23,2.362,2.4117,2.3508,2.4036,35689056.0,1.0,0.0
2022-05-24,2.4036,2.4084,2.365,2.375,32695785.0,1.0,0.0
2022-05-25,2.376,2.3827,2.2851,2.3068,1314363.0,1.0,0.0
2022-05-26,2.295,2.3081,2.268,2.2883,46148870.0,1.0,0.0
2022-05-27,2.2837,2.325,2.2736,2.3166,36977471.0,1.0,0.0
2022-05-31,2.32,2.3286,2.2904,2.3048,37255688.0,1.0,0.0
2022-06-01,2.2638,2.3046,2.2597,2.2876,21253007.0,1.0,0.0
2022-06-02,2.2928,2.3129,2.2868,2.3037,23057012.0,1.0,0.0
2022-06-03,2.2883,2.3161,2.2869,2.3098,18197033.0,1.0,0.0
2022-06-06,2.3397,2.3917,2.329,2.3655,12979744.0,1.0,0.0
2022-06-07,2.3667,2.3694,2.3252,2.3276,6008613.0,1.0,0.0
2022-06-08,2.434,2.4397,2.4051,2.4174,11083068.0,1.0,0.0
2022-06-09,2.3887,2.4264,2.3885,2.423,7772142.0,1.0,0.0
2022-06-10,2.4516,2.4978,2.4407,2.4852,22895003.0,1.0,0.0
2022-06-13,2.4763,2.4843,2.4364,2.4369,26865005.0,1.0,0.0
2022-06-14,2.4474,2.4539,2.3724,2.3958,22469706.0,1.0,0.0
2022-06-15,2.3312,2.3552,2.3132,2.3418,11585175.0,1.0,0.0
2022-06-16,2.3672,2.4331,2.3532,2.4222,17334583.0,1.0,0.0
2022-06-17,2.4181,2.4863,2.4112,2.4797,29112342.0,1.0,0.0
2022-06-21,2.4826,2.4888,2.4077,2.4483,33359646.0,1.0,0.0
2022-06-22,2.4308,2.4314,2.4012,2.4033,48210416.0,1.0,0.0
2022-06-23,2.4192,2.4849,2.4056,2.4645,34122139.0,1.0,0.0
2022-06-24,2.5075,2.5208,2.4401,2.4601,42747574.0,1.0,0.0
2022-06-27,2.5058,2.5301,2.4555,2.475,24598717.0,1.0,0.0
2022-06-28,2.474,2.4762,2.4231,2.4489,39233665.0,1.0,0.0
2022-06-29,2.4315,2.4348,2.4097,2.4233,1421038.0,1.0,0.0
2022-06-30,2.4194,2.4325,2.4182,2.4229,42271778.0,1.0,0.0
2022-07-01,2.4353,2.4408,2.3944,2.4014,28121622.0,1.0,0.0
2022-07-05,2.4023,2.4085,2.3593,2.3633,31208244.0,1.0,0.0
2022-07-06,2.3439,2.3513,2.2846,2.3008,1566603.0,1.0,0.0
2022-07-07,2.297,2.3181,2.2772,2.2863,43750885.0,1.0,0.0
2022-07-08,2.3033,2.373,2.2994,2.3509,32660560.0,1.0,0.0
2022-07-11,2.3556,2.3674,2.3423,2.3463,34123191.0,1.0,0.0
2022-07-12,2.3537,2.3624,2.3387,2.3431,49451289.0,1.0,0.0
2022-07-13,2.3608,2.3746,2.3532,2.3685,33671475.0,1.0,0.0
2022-07-14,2.3813,2.3823,2.3634,2.3711,38115137.0,1.0,0.0
2022-07-15,2.3452,2.349,2.2851,2.2857,40452073.0,1.0,0.0
2022-07-18,2.2618,2.2866,2.2422,2.2825,29809798.0,1.0,0.0
2022-07-19,2.2981,2.3779,2.2816,2.3507,37561557.0,1.0,0.0
2022-07-20,2.3627,2.3682,2.351,2.3662,6429947.0,1.0,0.0
2022-07-21,2.3741,2.4006,2.3449,2.3619,8669638.0,1.0,0.0
2022-07-22,2.3504,2.3567,2.3314,2.3352,2695361.0,1.0,0.0
2022-07-25,2.3297,2.3514,2.3288,2.3479,19869452.0,1.0,0.0
2022-07-26,2.3402,2.3468,2.3093,2.3103,4328721.0,1.0,0.0
2022-07-27,2.3234,2.3397,2.3086,2.3327,26487728.0,1.0,0.0
2022-07-28,2.3241,2.326,2.3034,2.3215,36020518.0,1.0,0.0
2022-07-29,2.2922,2.2974,2.2271,2.2439,10073635.0,1.0,0.0
2022-08-01,2.2325,2.2764,2.2152,2.2665,32202387.0,1.0,0.0
2022-08-02,2.2644,2.2956,2.2529,2.2774,14654466.0,1.0,0.0
2022-08-03,2.2792,2.3137,2.2704,2.2955,49806502.0,1.0,0.0
2022-08-04,2.302,2.3561,2.2993,2.3412,2274042.0,1.0,0.0
2022-08-05,2.3417,2.3577,2.2761,2.2786,32166115.0,1.0,0.0
2022-08-08,2.2857,2.3603,2.2817,2.3436,5673942.0,1.0,0.0
2022-08-09,2.3426,2.3633,2.2964,2.3048,35709324.0,1.0,0.0
2022-08-10,2.3017,2.3248,2.2524,2.2589,39675317.0,1.0,0.0
2022-08-11,2.2868,2.2945,2.2691,2.2807,23608658.0,1.0,0.0
2022-08-12,2.2795,2.3035,2.2231,2.2327,46361366.0,1.0,0.0
2022-08-15,2.2897,2.2955,2.2701,2.2742,4856593.0,1.0,0.0
2022-08-16,2.2844,2.3117,2.2835,2.307,5842705.0,1.0,0.0
2022-08-17,2.2995,2.3104,2.2915,2.3075,46914122.0,1.0,0.0
2022-08-18,2.3236,2.357,2.3109,2.3461,7558822.0,1.0,0.0
2022-08-19,2.2948,2.307,2.2751,2.2956,41154360.0,1.0,0.0
2022-08-22,2.2606,2.2687,2.2512,2.2572,44714077.0,1.0,0.0
2022-08-23,2.2106,2.2138,2.171,2.1778,12779580.0,1.0,0.0
2022-08-24,2.1706,2.1812,2.1188,2.1212,49665451.0,1.0,0.0
2022-08-25,2.0757,2.0837,2.0596,2.0775,13337704.0,1.0,0.0
2022-08-26,2.0948,2.0962,2.0541,2.0582,23295483.0,1.0,0.0
2022-08-29,2.0413,2.0614,2.0374,2.0597,21141039.0,1.0,0.0
2022-08-30,2.0587,2.0925,2.0481,2.0858,24437732.0,1.0,0.0
2022-08-31,2.0016,2.0283,1.9875,2.0193,26151463.0,1.0,0.0
2022-09-01,2.0058,2.0126,2.0024,2.0118,19252227.0,1.0,0.0
2022-09-02,1.9448,1.9692,1.9363,1.9624,43431461.0,1.0,0.0
2022-09-06,1.9568,1.9795,1.9537,1.96,34966482.0,1.0,0.0
2022-09-07,1.8945,1.9039,1.859,1.8717,26318341.0,1.0,0.0
2022-09-08,1.8589,1.8665,1.8268,1.8345,14975065.0,1.0,0.0
2022-09-09,1.838,1.9064,1.8324,1.8887,45220400.0,1.0,0.0
2022-09-12,1.8775,1.883,1.8544,1.8577,13489291.0,1.0,0.0
2022-09-13,1.8555,1.8639,1.8331,1.8436,43060508.0,1.0,0.0
2022-09-14,1.8459,1.9061,1.8398,1.8926,17947801.0,1.0,0.0
2022-09-15,1.8746,1.923,1.8617,1.9118,42611013.0,1.0,0.0
2022-09-16,1.8841,1.8947,1.8805,1.8943,4386784.0,1.0,0.0
2022-09-19,1.8833,1.8888,1.8746,1.8879,40263654.0,1.0,0.0
2022-09-20,1.8799,1.892,1.8793,1.8873,10839307.0,1.0,0.0
2022-09-21,1.9132,1.9684,1.908,1.9676,6115771.0,1.0,0.0
2022-09-22,2.0045,2.0221,1.9939,2.0033,35738085.0,1.0,0.0
2022-09-23,1.9893,1.9926,1.9393,1.944,35982572.0,1.0,0.0
2022-09-26,1.9657,1.9667,1.9289,1.9459,40331445.0,1.0,0.0
2022-09-27,1.9685,1.9729,1.9502,1.9536,18952725.0,1.0,0.0
2022-09-28,1.9359,1.973,1.9284,1.9726,47310148.0,1.0,0.0
2022-09-29,1.9665,1.9808,1.9567,1.9787,46498595.0,1.0,0.0
2022-09-30,1.9479,1.9503,1.9184,1.9219,12578528.0,1.0,0.0
2022-10-03,1.916,1.9615,1.9047,1.9482,9491711.0,1.0,0.0
2022-10-04,1.9363,1.9646,1.9277,1.9341,7436183.0,1.0,0.0
2022-10-05,1.9402,1.9823,1.9361,1.9679,43803231.0,1.0,0.0
2022-10-06,1.973,2.0201,1.9634,2.0164,5142217.0,1.0,0.0
2022-10-07,2.0114,2.0226,1.9926,2.0167,12308340.0,1.0,0.0
2022-10-10,2.0175,2.0805,2.0077,2.0584,23632159.0,1.0,0.0
2022-10-11,2.0323,2.0957,2.0186,2.0843,14860686.0,1.0,0.0
2022-10-12,2.0977,2.148,2.0851,2.1468,32101023.0,1.0,0.0
2022-10-13,2.1167,2.1502,2.1068,2.1144,6769911.0,1.0,0.0
2022-10-14,2.0704,2.0962,2.0644,2.0854,18506889.0,1.0,0.0
2022-10-17,2.117,2.1751,2.115,2.1697,30240583.0,1.0,0.0
2022-10-18,2.1478,2.1726,2.1333,2.1717,34009768.0,1.0,0.0
2022-10-19,2.1625,2.1704,2.1435,2.1517,40111777.0,1.0,0.0
2022-10-20,2.103,2.147,2.091,2.145,38289433.0,1.0,0.0
2022-10-21,2.1127,2.1763,2.1118,2.1661,15625621.0,1.0,0.0
2022-10-24,2.1415,2.2196,2.1318,2.2065,14921070.0,1.0,0.0
2022-10-25,2.2105,2.2163,2.1775,2.1797,35412156.0,1.0,0.0
2022-10-26,2.201,2.2354,2.1901,2.1918,14804496.0,1.0,0.0
2022-10-27,2.1652,2.1858,2.156,2.178,46111562.0,1.0,0.0
2022-10-28,2.1623,2.1873,2.1109,2.118,17422882.0,1.0,0.0
2022-10-31,2.1257,2.1759,2.1231,2.1677,41266081.0,1.0,0.0
2022-11-01,2.1397,2.1813,2.1203,2.1766,27945793.0,1.0,0.0
2022-11-02,2.2774,2.2819,2.2495,2.2697,7373496.0,1.0,0.0
2022-11-03,2.267,2.3173,2.2492,2.3132,7976751.0,1.0,0.0
2022-11-04,2.2603,2.2732,2.2488,2.2698,34075724.0,1.0,0.0
2022-11-07,2.3316,2.3681,2.32,2.3639,18027545.0,1.0,0.0
2022-11-08,2.3718,2.3758,2.3709,2.3721,10732476.0,1.0,0.0
2022-11-09,2.3774,2.433,2.3753,2.4095,28571794.0,1.0,0.0
2022-11-10,2.4043,2.4128,2.3968,2.41,43166644.0,1.0,0.0
2022-11-11,2.423,2.4366,2.4222,2.434,20832140.0,1.0,0.0
2022-11-14,2.4375,2.4627,2.4157,2.4522,35640915.0,1.0,0.0
2022-11-15,2.4178,2.44,2.4115,2.4398,7762681.0,1.0,0.0
2022-11-16,2.3703,2.3959,2.3489,2.3573,25711609.0,1.0,0.0
2022-11-17,2.3086,2.3894,2.3066,2.3806,26878381.0,1.0,0.0
2022-11-18,2.3702,2.4625,2.3389,2.4462,16990109.0,1.0,0.0
2022-11-21,2.5007,2.55,2.4896,2.5364,10122350.0,1.0,0.0
2022-11-22,2.5352,2.5634,2.524,2.556,24672466.0,1.0,0.0
2022-11-23,2.5607,2.5754,2.5475,2.5487,40843265.0,1.0,0.0
2022-11-25,2.5786,2.6319,2.5646,2.6221,32745561.0,1.0,0.0
2022-11-28,2.6141,2.6205,2.5748,2.6035,4471798.0,1.0,0.0
2022-11-29,2.6325,2.6689,2.6031,2.665,1490492.0,1.0,0.0
2022-11-30,2.6722,2.6896,2.6596,2.6851,42974086.0,1.0,0.0
2022-12-01,2.7134,2.7234,2.7011,2.7101,19892169.0,1.0,0.0
2022-12-02,2.7628,2.7701,2.7214,2.7304,46695399.0,1.0,0.0
2022-12-05,2.6511,2.6527,2.5712,2.5838,2858604.0,1.0,0.0
2022-12-06,2.5331,2.5387,2.4862,2.5032,25801646.0,1.0,0.0
2022-12-07,2.4337,2.4825,2.4312,2.4746,2168617.0,1.0,0.0
2022-12-08,2.5506,2.5596,2.5058,2.5114,6403600.0,1.0,0.0
2022-12-09,2.561,2.604,2.5411,2.5906,28485511.0,1.0,0.0
2022-12-12,2.5771,2.5787,2.5324,2.5415,26041838.0,1.0,0.0
2022-12-13,2.4517,2.4622,2.4272,2.4379,16218795.0,1.0,0.0
2022-12-14,2.3788,2.3874,2.3578,2.3674,8335521.0,1.0,0.0
2022-12-15,2.375,2.396,2.3311,2.3444,7900143.0,1.0,0.0
2022-12-16,2.3154,2.3341,2.3137,2.3241,14072130.0,1.0,0.0
2022-12-19,2.3508,2.4003,2.3409,2.3845,13635025.0,1.0,0.0
2022-12-20,2.3822,2.3946,2.3717,2.3775,22737012.0,1.0,0.0
2022-12-21,2.3847,2.3983,2.3513,2.3578,21614187.0,1.0,0.0
2022-12-22,2.354,2.3782,2.3402,2.3601,44345789.0,1.0,0.0
2022-12-23,2.3376,2.3446,2.3016,2.3165,3402368.0,1.0,0.0
2022-12-27,2.3336,2.35,2.3174,2.3331,42909845.0,1.0,0.0
2022-12-28,2.3163,2.318,2.23,2.2465,20162782.0,1.0,0.0
2022-12-29,2.3063,2.3071,2.2951,2.3017,26495655.0,1.0,0.0
2022-12-30,2.2971,2.3035,2.2373,2.2402,18625329.0,1.0,0.0
2023-01-03,2.2054,2.216,2.1767,2.1873,49102707.0,1.0,0.0
2023-01-04,2.1519,2.1538,2.1272,2.1427,26436326.0,1.0,0.0
2023-01-05,2.1453,2.1528,2.1211,2.1309,3635874.0,1.0,0.0
2023-01-06,2.1393,2.1531,2.1167,2.1337,39979946.0,1.0,0.0
2023-01-09,2.1581,2.1846,2.1557,2.1671,30418965.0,1.0,0.0
2023-01-10,2.146,2.1579,2.0884,2.0958,14497626.0,1.0,0.0
2023-01-11,2.1064,2.1077,2.0753,2.0755,46917636.0,1.0,0.0
2023-01-12,2.0623,2.068,2.0523,2.0552,2266166.0,1.0,0.0
2023-01-13,2.072,2.0795,2.056,2.0635,42120687.0,1.0,0.0
2023-01-17,2.0395,2.0731,2.0349,2.0673,34186446.0,1.0,0.0
2023-01-18,2.0563,2.0769,2.045,2.0669,20697400.0,1.0,0.0
2023-01-19,2.0746,2.0934,2.0364,2.0415,34574151.0,1.0,0.0
2023-01-20,2.0281,2.0349,2.0254,2.0295,40276202.0,1.0,0.0
2023-01-23,2.066,2.0673,2.0573,2.0604,39800934.0,1.0,0.0
2023-01-24,2.0692,2.0917,2.0254,2.0366,35869555.0,1.0,0.0
2023-01-25,2.0648,2.0958,2.0492,2.0713,5947338.0,1.0,0.0
2023-01-26,2.0693,2.0701,2.0399,2.0558,15531527.0,1.0,0.0
2023-01-27,2.0654,2.0769,2.0277,2.0415,22450362.0,1.0,0.0
2023-01-30,2.078,2.0847,2.0582,2.0749,35722269.0,1.0,0.0
2023-01-31,2.0544,2.0676,1.9943,2.0247,36419626.0,1.0,0.0
2023-02-01,2.0245,2.0261,1.999,2.0103,19542869.0,1.0,0.0
2023-02-02,2.0173,2.0213,1.9745,1.9763,47066963.0,1.0,0.0
2023-02-03,1.9791,2.0406,1.9671,2.0365,20752168.0,1.0,0.0
2023-02-06,2.0379,2.0482,2.0365,2.0418,32333589.0,1.0,0.0
2023-02-07,2.0139,2.0144,1.9951,2.0051,46695005.0,1.0,0.0
2023-02-08,1.9659,2.0081,1.9585,2.0,48206392.0,1.0,0.0
2023-02-09,1.9802,1.9942,1.9311,1.9399,29286430.0,1.0,0.0
2023-02-10,1.9245,1.9657,1.9052,1.9568,36672435.0,1.0,0.0
2023-02-13,1.9517,1.9574,1.9442,1.9565,16463392.0,1.0,0.0
2023-02-14,1.964,2.0187,1.9599,1.9985,44177703.0,1.0,0.0
2023-02-15,1.9996,2.0807,1.9911,2.0614,3483520.0,1.0,0.0
2023-02-16,2.0659,2.084,2.0534,2.0773,31193085.0,1.0,0.0
2023-02-17,2.0763,2.0796,2.0648,2.0727,19837226.0,1.0,0.0
2023-02-21,2.0696,2.078,2.0213,2.0283,9487352.0,1.0,0.0
2023-02-22,2.0208,2.0379,2.0111,2.0336,36470186.0,1.0,0.0
2023-02-23,2.0135,2.0152,1.9791,1.9892,1621653.0,1.0,0.0
2023-02-24,1.9737,2.0086,1.9728,1.989,10864141.0,1.0,0.0
2023-02-27,1.9802,2.015,1.9753,2.0011,45725976.0,1.0,0.0
2023-02-28,2.0024,2.0134,1.9364,1.9392,18889113.0,1.0,0.0
2023-03-01,1.9445,1.9576,1.9263,1.9518,6701281.0,1.0,0.0
2023-03-02,1.9606,1.965,1.9519,1.9525,25495482.0,1.0,0.0
2023-03-03,1.9566,1.979,1.9384,1.9653,41722212.0,1.0,0.0
2023-03-06,1.952,1.9567,1.9115,1.917,8572091.0,1.0,0.0
2023-03-07,1.9288,1.9593,1.9258,1.9563,16762927.0,1.0,0.0
2023-03-08,1.936,1.9507,1.8849,1.8954,28817588.0,1.0,0.0
2023-03-09,1.8943,1.901,1.8936,1.8953,11019531.0,1.0,0.0
2023-03-10,1.8952,1.9509,1.8951,1.9307,47507888.0,1.0,0.0
2023-03-13,1.9421,1.991,1.9369,1.985,19799316.0,1.0,0.0
2023-03-14,1.9892,1.998,1.9183,1.9219,31534418.0,1.0,0.0
2023-03-15,1.9111,1.9274,1.8702,1.8759,8301745.0,1.0,0.0
2023-03-16,1.8702,1.8746,1.8571,1.8718,3734297.0,1.0,0.0
2023-03-17,1.8764,1.9068,1.8694,1.9007,27856608.0,1.0,0.0
2023-03-20,1.8996,1.9126,1.8885,1.9105,11565322.0,1.0,0.0
2023-03-21,1.9066,1.9144,1.8996,1.9007,5390100.0,1.0,0.0
2023-03-22,1.894,1.9119,1.8826,1.9001,26641301.0,1.0,0.0
2023-03-23,1.9036,1.9157,1.8811,1.8818,24203034.0,1.0,0.0
2023-03-24,1.8919,1.8951,1.8728,1.8746,26811479.0,1.0,0.0
2023-03-27,1.8799,1.9374,1.8699,1.9239,22002548.0,1.0,0.0
2023-03-28,1.9098,1.924,1.8697,1.8782,36258502.0,1.0,0.0
2023-03-29,1.8626,1.8863,1.8609,1.8816,33772997.0,1.0,0.0
2023-03-30,1.8674,1.8709,1.8275,1.8355,15363271.0,1.0,0.0
2023-03-31,1.831,1.8875,1.8166,1.861,28166734.0,1.0,0.0
2023-04-03,1.8795,1.8959,1.8626,1.8922,25459737.0,1.0,0.0
2023-04-04,1.8852,1.8946,1.8364,1.8397,35382544.0,1.0,0.0
2023-04-05,1.8433,1.8567,1.8284,1.8414,47208628.0,1.0,0.0
2023-04-06,1.8523,1.8566,1.8281,1.8417,32587101.0,1.0,0.0
2023-04-10,1.8369,1.8422,1.8185,1.82,20814122.0,1.0,0.0
2023-04-11,1.8278,1.8498,1.8065,1.8189,13265620.0,1.0,0.0
2023-04-12,1.8222,1.8233,1.8159,1.8208,32836683.0,1.0,0.0
2023-04-13,1.811,1.8154,1.7913,1.8056,27923094.0,1.0,0.0
2023-04-14,1.8028,1.8033,1.7832,1.7963,34607789.0,1.0,0.0
2023-04-17,1.7888,1.8152,1.7848,1.8012,33649945.0,1.0,0.0
2023-04-18,1.8005,1.8251,1.7982,1.8073,24764973.0,1.0,0.0
2023-04-19,1.8043,1.819,1.7902,1.8125,42031357.0,1.0,0.0
2023-04-20,1.8161,1.8183,1.7908,1.793,5393352.0,1.0,0.0
2023-04-21,1.7805,1.8392,1.7756,1.8188,41873471.0,1.0,0.0
2023-04-24,1.8231,1.8326,1.8099,1.8322,6920928.0,1.0,0.0
2023-04-25,1.8255,1.8279,1.8151,1.8268,29162455.0,1.0,0.0
2023-04-26,1.8166,1.8404,1.811,1.836,19859971.0,1.0,0.0
2023-04-27,1.8363,1.8662,1.8142,1.8599,29746876.0,1.0,0.0
2023-04-28,1.8894,1.929,1.8805,1.924,26847489.0,1.0,0.0
2023-05-01,1.9198,1.9225,1.8761,1.8911,34215476.0,1.0,0.0
2023-05-02,1.8862,1.9051,1.8798,1.8986,18611481.0,1.0,0.0
2023-05-03,1.8642,1.9184,1.8568,1.9068,29640901.0,1.0,0.0
2023-05-04,1.9244,1.9877,1.92,1.9815,20181014.0,1.0,0.0
2023-05-05,1.9907,1.9999,1.9727,1.9842,7454829.0,1.0,0.0
2023-05-08,1.9935,1.9978,1.9809,1.9816,3193257.0,1.0,0.0
2023-05-09,1.9845,1.9883,1.9597,1.9743,3296039.0,1.0,0.0
2023-05-10,1.9576,1.977,1.9238,1.9756,49620667.0,1.0,0.0
2023-05-11,1.9897,2.0015,1.9449,1.9569,7534536.0,1.0,0.0
2023-05-12,1.9536,1.9621,1.9402,1.9561,4162473.0,1.0,0.0
2023-05-15,1.9271,1.9379,1.8735,1.8755,43964261.0,1.0,0.0
2023-05-16,1.8787,1.8917,1.8448,1.8528,32966589.0,1.0,0.0
2023-05-17,1.8642,1.8789,1.8468,1.8473,22499408.0,1.0,0.0
2023-05-18,1.8586,1.8695,1.8353,1.8408,31709409.0,1.0,0.0
2023-05-19,1.8558,1.8628,1.835,1.8417,28352361.0,1.0,0.0
2023-05-22,1.8313,1.9079,1.8307,1.9037,31916985.0,1.0,0.0
2023-05-23,1.9045,1.9338,1.8979,1.9203,40385240.0,1.0,0.0
2023-05-24,1.9143,1.932,1.8696,1.8763,24109096.0,1.0,0.0
2023-05-25,1.8794,1.9601,1.8769,1.9479,20054992.0,1.0,0.0
2023-05-26,1.9852,1.9949,1.9547,1.9658,33832166.0,1.0,0.0
2023-05-30,1.9718,1.9784,1.9,1.9058,36041259.0,1.0,0.0
2023-05-31,1.8957,1.9073,1.8817,1.9056,46672606.0,1.0,0.0
2023-06-01,1.9005,1.9114,1.8324,1.8403,1100571.0,1.0,0.0
2023-06-02,1.8212,1.8466,1.8205,1.8373,10181715.0,1.0,0.0
2023-06-05,1.8308,1.8352,1.7946,1.814,38334095.0,1.0,0.0
2023-06-06,1.8137,1.8188,1.7963,1.7986,44232475.0,1.0,0.0
2023-06-07,1.7914,1.7935,1.7832,1.787,35787170.0,1.0,0.0
2023-06-08,1.7842,1.786,1.7663,1.7667,39686245.0,1.0,0.0
2023-06-09,1.7838,1.8092,1.7501,1.7507,29523638.0,1.0,0.0
2023-06-12,1.7651,1.8337,1.7549,1.8248,44742674.0,1.0,0.0
2023-06-13,1.8208,1.842,1.811,1.823,30951267.0,1.0,0.0
2023-06-14,1.8554,1.8624,1.7896,1.7955,28069731.0,1.0,0.0
2023-06-15,1.7914,1.8083,1.7886,1.7902,35062306.0,1.0,0.0
2023-06-16,1.7748,1.7812,1.7522,1.7536,35748203.0,1.0,0.0
2023-06-20,1.7615,1.7936,1.7528,1.7902,6044029.0,1.0,0.0
2023-06-21,1.8067,1.8767,1.8015,1.8763,49091619.0,1.0,0.0
2023-06-22,1.8819,1.8892,1.8624,1.8677,48843925.0,1.0,0.0
2023-06-23,1.8877,1.892,1.8786,1.881,47082310.0,1.0,0.0
2023-06-26,1.8766,1.9003,1.8673,1.8922,4413562.0,1.0,0.0
2023-06-27,1.9148,1.9376,1.8469,1.8544,17090627.0,1.0,0.0
2023-06-28,1.8546,1.8784,1.8122,1.8295,27296363.0,1.0,0.0
2023-06-29,1.8436,1.8555,1.828,1.8286,16610119.0,1.0,0.0
2023-06-30,1.8088,1.8663,1.8063,1.8522,35894330.0,1.0,0.0
2023-07-03,1.8486,1.8517,1.7916,1.8083,11195023.0,1.0,0.0
2023-07-05,1.7934,1.8037,1.7862,1.7886,6239571.0,1.0,0.0
2023-07-06,1.7839,1.7978,1.7659,1.7807,14693901.0,1.0,0.0
2023-07-07,1.7659,1.7989,1.7649,1.7934,27681918.0,1.0,0.0
2023-07-10,1.801,1.8095,1.7819,1.7894,41038343.0,1.0,0.0
2023-07-11,1.7823,1.7862,1.7661,1.7674,27159242.0,1.0,0.0
2023-07-12,1.7526,1.7788,1.7511,1.7584,17132098.0,1.0,0.0
2023-07-13,1.7657,1.7685,1.7307,1.7565,32383691.0,1.0,0.0
2023-07-14,1.7435,1.7445,1.7307,1.7327,12665531.0,1.0,0.0
2023-07-17,1.7645,1.7702,1.7402,1.7442,17210106.0,1.0,0.0
2023-07-18,1.7441,1.7608,1.7335,1.7392,43848147.0,1.0,0.0
2023-07-19,1.7215,1.7571,1.7213,1.7553,14756918.0,1.0,0.0
2023-07-20,1.7608,1.803,1.7436,1.7861,16101604.0,1.0,0.0
2023-07-21,1.7872,1.7976,1.7675,1.7692,3215617.0,1.0,0.0
2023-07-24,1.75,1.7667,1.7484,1.7661,15498844.0,1.0,0.0
2023-07-25,1.7641,1.7722,1.7624,1.7716,40037025.0,1.0,0.0
2023-07-26,1.7721,1.7796,1.7402,1.7555,11237159.0,1.0,0.0
2023-07-27,1.772,1.7744,1.753,1.7538,4001640.0,1.0,0.0
2023-07-28,1.7443,1.7525,1.7425,1.7464,40151667.0,1.0,0.0
2023-07-31,1.752,1.7856,1.7471,1.7669,45959488.0,1.0,0.0
2023-08-01,1.7612,1.7624,1.7179,1.7186,5486591.0,1.0,0.0
2023-08-02,1.7262,1.7388,1.6687,1.6895,16664685.0,1.0,0.0
2023-08-03,1.7159,1.7742,1.7128,1.7468,38102873.0,1.0,0.0
2023-08-04,1.7496,1.7613,1.736,1.755,16775891.0,1.0,0.0
2023-08-07,1.7344,1.7623,1.7221,1.7607,5137352.0,1.0,0.0
2023-08-08,1.7425,1.7792,1.7393,1.7754,5557370.0,1.0,0.0
2023-08-09,1.7579,1.7738,1.7482,1.7721,38811623.0,1.0,0.0
2023-08-10,1.7711,1.7784,1.7575,1.7627,23608091.0,1.0,0.0
2023-08-11,1.7744,1.8293,1.7743,1.8206,8815992.0,1.0,0.0
2023-08-14,1.7985,1.8083,1.7354,1.7471,38651227.0,1.0,0.0
2023-08-15,1.7603,1.7658,1.7542,1.7564,30584111.0,1.0,0.0
2023-08-16,1.7393,1.8077,1.7302,1.7996,17476799.0,1.0,0.0
2023-08-17,1.8181,1.8298,1.7999,1.8117,37080632.0,1.0,0.0
2023-08-18,1.7928,1.801,1.7774,1.7792,27316159.0,1.0,0.0
2023-08-21,1.7819,1.787,1.7815,1.7835,36354222.0,1.0,0.0
2023-08-22,1.8037,1.8261,1.7968,1.8191,48743887.0,1.0,0.0
2023-08-23,1.8495,1.8908,1.8474,1.8876,37554090.0,1.0,0.0
2023-08-24,1.9018,1.9184,1.898,1.9164,2108136.0,1.0,0.0
2023-08-25,1.9302,1.9512,1.9279,1.9353,23106556.0,1.0,0.0
2023-08-28,1.9538,1.9656,1.915,1.9171,7227670.0,1.0,0.0
2023-08-29,1.8927,1.8929,1.8709,1.8867,24349704.0,1.0,0.0
2023-08-30,1.8796,1.8936,1.8625,1.8649,19855530.0,1.0,0.0
2023-08-31,1.8866,1.8869,1.8524,1.8623,3266726.0,1.0,0.0
2023-09-01,1.8614,1.8843,1.8467,1.8811,23453525.0,1.0,0.0
2023-09-05,1.9347,1.9392,1.927,1.9319,2104260.0,1.0,0.0
2023-09-06,1.986,1.9921,1.9412,1.9533,37745967.0,1.0,0.0
2023-09-07,1.9396,1.9662,1.9287,1.9438,34891403.0,1.0,0.0
2023-09-08,1.9081,1.9431,1.9065,1.9425,30363618.0,1.0,0.0
2023-09-11,1.9051,1.9254,1.8909,1.9043,45096661.0,1.0,0.0
2023-09-12,1.926,1.9396,1.8914,1.899,46636832.0,1.0,0.0
2023-09-13,1.9072,1.9186,1.8951,1.8952,5222074.0,1.0,0.0
2023-09-14,1.8997,1.9133,1.8995,1.9109,24905014.0,1.0,0.0
2023-09-15,1.9163,1.9243,1.9078,1.909,8733078.0,1.0,0.0
2023-09-18,1.8706,1.903,1.8543,1.8927,38576385.0,1.0,0.0
2023-09-19,1.9228,1.943,1.9042,1.9392,35736613.0,1.0,0.0
2023-09-20,1.9788,1.9935,1.9071,1.924,42901771.0,1.0,0.0
2023-09-21,1.9468,1.9479,1.8815,1.9065,46006649.0,1.0,0.0
2023-09-22,1.8621,1.8764,1.8171,1.8251,20989857.0,1.0,0.0
2023-09-25,1.886,1.8959,1.8269,1.8286,7692544.0,1.0,0.0
2023-09-26,1.8373,1.8479,1.8098,1.8261,3939692.0,1.0,0.0
2023-09-27,1.8108,1.8242,1.7968,1.8193,48888369.0,1.0,0.0
2023-09-28,1.8457,1.8487,1.8297,1.8318,3716328.0,1.0,0.0
2023-09-29,1.8779,1.9287,1.8743,1.9162,29434960.0,1.0,0.0
2023-10-02,1.927,1.9562,1.9221,1.9514,31524670.0,1.0,0.0
2023-10-03,1.9476,1.9649,1.9014,1.9263,40829296.0,1.0,0.0
2023-10-04,2.0151,2.0454,1.9978,2.0006,18075678.0,1.0,0.0
2023-10-05,1.9439,1.9566,1.9417,1.946,23157752.0,1.0,0.0
2023-10-06,1.9546,1.994,1.9415,1.9844,8563742.0,1.0,0.0
2023-10-09,1.984,2.0311,1.9762,2.012,49856257.0,1.0,0.0
2023-10-10,2.0327,2.0681,2.0221,2.0599,25135790.0,1.0,0.0
2023-10-11,2.038,2.0485,2.0155,2.0164,30374365.0,1.0,0.0
2023-10-12,2.0,2.0122,1.9904,2.003,26025341.0,1.0,0.0
2023-10-13,2.0178,2.0235,1.9656,1.9871,6603953.0,1.0,0.0
2023-10-16,2.0239,2.0287,2.0105,2.0128,18338425.0,1.0,0.0
2023-10-17,1.9852,1.9962,1.9361,1.9376,39279836.0,1.0,0.0
2023-10-18,1.9454,1.9454,1.9155,1.9162,39685371.0,1.0,0.0
2023-10-19,1.9389,1.9525,1.9182,1.9465,22554460.0,1.0,0.0
2023-10-20,1.9489,1.9555,1.8952,1.9072,4226797.0,1.0,0.0
2023-10-23,1.9034,1.9268,1.8958,1.9095,34642866.0,1.0,0.0
2023-10-24,1.8798,1.886,1.8773,1.8809,26471890.0,1.0,0.0
2023-10-25,1.8222,1.8368,1.8147,1.8217,12213640.0,1.0,0.0
2023-10-26,1.8263,1.8376,1.8136,1.818,6354575.0,1.0,0.0
2023-10-27,1.8046,1.8051,1.7665,1.7718,39151862.0,1.0,0.0
2023-10-30,1.7921,1.8147,1.7516,1.7794,19934481.0,1.0,0.0
2023-10-31,1.7926,1.7998,1.7371,1.7458,13659885.0,1.0,0.0
2023-11-01,1.7504,1.7709,1.741,1.761,23054505.0,1.0,0.0
2023-11-02,1.702,1.7666,1.6994,1.7602,49619019.0,1.0,0.0
2023-11-03,1.7709,1.797,1.7647,1.7848,27189132.0,1.0,0.0
2023-11-06,1.7856,1.7972,1.777,1.7917,33185884.0,1.0,0.0
2023-11-07,1.7987,1.8078,1.7845,1.7881,25342935.0,1.0,0.0
2023-11-08,1.7734,1.8135,1.755,1.7906,4883435.0,1.0,0.0
2023-11-09,1.8055,1.8214,1.8023,1.8131,41497349.0,1.0,0.0
2023-11-10,1.8049,1.8394,1.7948,1.8339,1835172.0,1.0,0.0
2023-11-13,1.8346,1.8386,1.8033,1.8112,4610092.0,1.0,0.0
2023-11-14,1.7888,1.8465,1.7802,1.8378,26150063.0,1.0,0.0
2023-11-15,1.8419,1.8615,1.8409,1.8585,3427606.0,1.0,0.0
2023-11-16,1.859,1.8722,1.8023,1.8183,28712797.0,1.0,0.0
2023-11-17,1.8269,1.84,1.8234,1.838,15299090.0,1.0,0.0
2023-11-20,1.8422,1.8534,1.842,1.8453,2029229.0,1.0,0.0
2023-11-21,1.8741,1.8894,1.8631,1.8718,34617285.0,1.0,0.0
2023-11-22,1.8539,1.8599,1.801,1.8061,43785859.0,1.0,0.0
2023-11-24,1.815,1.8312,1.8031,1.8164,46199320.0,1.0,0.0
2023-11-27,1.8209,1.8229,1.7974,1.8004,1962695.0,1.0,0.0
2023-11-28,1.7987,1.8116,1.7448,1.7692,15813398.0,1.0,0.0
2023-11-29,1.7731,1.8364,1.7662,1.8358,9051279.0,1.0,0.0
2023-11-30,1.8272,1.8349,1.8074,1.8102,36668451.0,1.0,0.0
2023-12-01,1.8098,1.8323,1.7891,1.802,42433723.0,1.0,0.0
2023-12-04,1.779,1.7893,1.769,1.7852,36600103.0,1.0,0.0
2023-12-05,1.7659,1.7757,1.7027,1.7105,2341412.0,1.0,0.0
2023-12-06,1.7211,1.7232,1.7202,1.7219,24221634.0,1.0,0.0
2023-12-07,1.7204,1.7252,1.684,1.6984,11288849.0,1.0,0.0
2023-12-08,1.6934,1.7204,1.6909,1.7128,15877357.0,1.0,0.0
2023-12-11,1.7063,1.7205,1.6985,1.7167,4790042.0,1.0,0.0
2023-12-12,1.7255,1.7256,1.6963,1.7019,38610703.0,1.0,0.0
2023-12-13,1.7222,1.7402,1.6936,1.6943,10276390.0,1.0,0.0
2023-12-14,1.7157,1.7214,1.6852,1.6903,26838541.0,1.0,0.0
2023-12-15,1.696,1.7366,1.691,1.7284,42430895.0,1.0,0.0
2023-12-18,1.7093,1.7107,1.684,1.6974,27984826.0,1.0,0.0
2023-12-19,1.6674,1.6879,1.6548,1.6764,39119325.0,1.0,0.0
2023-12-20,1.6741,1.6949,1.6657,1.6778,20294174.0,1.0,0.0
2023-12-21,1.6696,1.6725,1.657,1.6573,22055030.0,1.0,0.0
2023-12-22,1.6353,1.6363,1.6248,1.6358,45287789.0,1.0,0.0
2023-12-26,1.6415,1.6441,1.5897,1.6017,11840333.0,1.0,0.0
2023-12-27,1.6303,1.6496,1.6221,1.6417,5573056.0,1.0,0.0
2023-12-28,1.6424,1.6601,1.6089,1.616,29200521.0,1.0,0.0
2023-12-29,1.6411,1.6524,1.6389,1.6506,20220627.0,1.0,0.0
