date,open,high,low,close,volume,split_ratio,dividend
2016-01-04,104.8025,104.9373,103.5122,103.7188,36011524.0,1.0,0.0
2016-01-05,103.3088,104.0985,102.805,104.0017,13698607.0,1.0,0.0
2016-01-06,103.2115,104.0913,103.0537,103.7565,13715328.0,1.0,0.0
2016-01-07,104.2296,105.2983,104.188,105.2641,20450946.0,1.0,0.0
2016-01-08,104.3296,104.4594,103.774,104.1456,9806305.0,1.0,0.0
2016-01-11,103.9961,104.3579,103.802,104.0511,30224752.0,1.0,0.0
2016-01-12,103.9238,104.0714,102.8521,103.2154,23135120.0,1.0,0.0
2016-01-13,104.3265,105.6571,104.0476,105.5037,33969981.0,1.0,0.0
2016-01-14,105.945,106.584,105.9,106.2316,16754673.0,1.0,0.0
2016-01-15,107.0118,107.557,106.3217,106.568,39422134.0,1.0,0.0
2016-01-19,106.3491,107.0564,106.2369,106.681,5260635.0,1.0,0.0
2016-01-20,106.0717,106.723,105.9099,106.4436,24402049.0,1.0,0.0
2016-01-21,106.9597,107.3383,106.1047,106.1925,14565690.0,1.0,0.0
2016-01-22,106.8165,108.0094,106.8032,107.7068,13009929.0,1.0,0.0
2016-01-25,106.9288,108.505,106.8353,108.239,14038217.0,1.0,0.0
2016-01-26,107.8412,108.0078,107.5789,108.001,27195097.0,1.0,0.0
2016-01-27,108.8293,109.3119,107.1186,107.4385,2227693.0,1.0,0.0
2016-01-28,106.911,107.2387,106.7508,106.8627,18676781.0,1.0,0.0
2016-01-29,106.7293,107.7302,106.694,107.666,43258213.0,1.0,0.0
2016-02-01,109.2425,111.0286,109.0707,110.6593,37410681.0,1.0,0.0
2016-02-02,110.9948,111.182,110.4309,110.8494,37469834.0,1.0,0.0
2016-02-03,111.2013,111.8777,111.0702,111.8472,10588653.0,1.0,0.0
2016-02-04,111.6188,111.6372,110.3027,110.3975,10165401.0,1.0,0.0
2016-02-05,110.2921,110.4083,110.0071,110.2931,23052656.0,1.0,0.0
2016-02-08,109.97,110.8087,109.8772,110.0135,14617716.0,1.0,0.0
2016-02-09,111.0851,111.102,110.0686,110.6156,29370224.0,1.0,0.0
2016-02-10,110.7604,110.9185,109.6477,109.7401,47676321.0,1.0,0.0
2016-02-11,109.2598,109.6708,108.0438,108.4802,19438415.0,1.0,0.0
2016-02-12,108.878,109.7462,108.7757,109.6113,12809031.0,1.0,0.0
2016-02-16,108.5418,109.3879,107.8163,109.0342,33268002.0,1.0,0.0
2016-02-17,107.1898,107.5952,106.9265,107.3048,49325493.0,1.0,0.0
2016-02-18,107.7069,107.7796,107.1923,107.3376,46986931.0,1.0,0.0
2016-02-19,107.9569,107.9654,107.7357,107.8691,18364052.0,1.0,0.0
2016-02-22,108.8595,109.1995,108.8351,109.1955,15531818.0,1.0,0.0
2016-02-23,109.6622,109.7182,109.6097,109.64,48294833.0,1.0,0.0
2016-02-24,109.3416,110.5671,109.0835,110.1198,42987231.0,1.0,0.0
2016-02-25,110.1391,110.4241,109.1686,109.2952,19361601.0,1.0,0.0
2016-02-26,109.2056,110.2979,108.7714,109.8684,45367338.0,1.0,0.0
2016-02-29,110.4075,110.7908,109.7646,109.7717,22838555.0,1.0,0.0
2016-03-01,108.7831,110.5837,108.654,110.2998,48372912.0,1.0,0.0
2016-03-02,108.7776,110.3661,108.4763,110.1705,21510115.0,1.0,0.0
2016-03-03,108.9533,109.1794,107.9205,107.9893,45486814.0,1.0,0.0
2016-03-04,108.3983,108.6254,108.3569,108.4189,23885082.0,1.0,0.0
2016-03-07,107.5159,107.9706,107.4726,107.8152,6003564.0,1.0,0.0
2016-03-08,106.9277,108.4353,106.4406,107.9203,40975044.0,1.0,0.0
2016-03-09,109.8163,110.1013,108.3997,108.6957,13774986.0,1.0,0.0
2016-03-10,108.5964,109.1085,107.9915,108.189,45828159.0,1.0,0.0
2016-03-11,107.914,109.6708,107.5619,109.2602,12647627.0,1.0,0.0
2016-03-14,111.0262,111.2298,109.9934,110.2376,7551130.0,1.0,0.0
2016-03-15,109.6668,110.2859,109.1379,110.0705,18214169.0,1.0,0.0
2016-03-16,110.77,110.9344,110.0524,110.4011,2534790.0,1.0,0.0
2016-03-17,109.8728,110.1,107.863,108.2047,46314328.0,1.0,0.0
2016-03-18,106.9416,107.1706,105.6012,105.9901,24852960.0,1.0,0.0
2016-03-21,105.1897,105.8257,104.6196,104.8482,42644731.0,1.0,0.0
2016-03-22,105.1609,106.2057,105.0069,106.0232,25191082.0,1.0,0.0
2016-03-23,106.7284,106.8285,106.0375,106.1023,46510492.0,1.0,0.0
2016-03-24,105.6862,106.0608,104.3689,104.6727,6018673.0,1.0,0.0
2016-03-28,104.6164,104.6563,103.3545,103.3881,12160756.0,1.0,0.0
2016-03-29,103.7121,103.8074,103.3088,103.3429,7134343.0,1.0,0.0
2016-03-30,102.5104,102.7642,101.7213,101.8101,42282551.0,1.0,0.0
2016-03-31,102.539,102.5828,101.3268,101.6838,38924867.0,1.0,0.0
2016-04-01,100.7541,100.9026,100.4709,100.7382,42979469.0,1.0,0.0
2016-04-04,101.1488,101.4737,100.959,101.2239,36469207.0,1.0,0.0
2016-04-05,102.2916,103.6279,102.1032,103.2765,23827460.0,1.0,0.0
2016-04-06,102.9357,103.1264,102.1964,102.5889,44918980.0,1.0,0.0
2016-04-07,102.779,102.9723,102.1254,102.2243,2594998.0,1.0,0.0
2016-04-08,101.977,102.4865,101.9686,102.3765,31267169.0,1.0,0.0
2016-04-11,101.6368,102.3481,101.5052,102.2945,4620223.0,1.0,0.0
2016-04-12,102.6203,103.849,102.5711,103.5668,12857421.0,1.0,0.0
2016-04-13,104.1699,104.8391,103.6135,104.7756,35598675.0,1.0,0.0
2016-04-14,105.6262,106.4317,105.5738,106.0504,44452709.0,1.0,0.0
2016-04-15,105.7174,106.5866,105.5019,106.4301,9233153.0,1.0,0.0
2016-04-18,106.5508,107.0226,106.1433,106.6384,39052037.0,1.0,0.0
2016-04-19,107.1665,107.5182,106.6709,106.7036,40433753.0,1.0,0.0
2016-04-20,106.3879,106.5242,106.0015,106.1955,36122642.0,1.0,0.0
2016-04-21,106.1699,107.5209,105.8326,107.2552,2287074.0,1.0,0.0
2016-04-22,106.2446,106.8445,106.1916,106.4732,17240871.0,1.0,0.0
2016-04-25,106.4527,106.5138,106.1221,106.2367,3116502.0,1.0,0.0
2016-04-26,106.5268,107.8616,106.3417,107.262,28161506.0,1.0,0.0
2016-04-27,106.7451,106.836,105.2967,105.4313,16781063.0,1.0,0.0
2016-04-28,106.5842,106.8849,106.5513,106.8304,1507076.0,1.0,0.0
2016-04-29,103.9443,104.0495,103.739,103.9294,5930148.0,1.0,0.0
2016-05-02,103.6174,103.9726,102.728,102.8431,21362321.0,1.0,0.0
2016-05-03,102.5711,102.8351,101.1458,101.4241,43363675.0,1.0,0.0
2016-05-04,99.9975,100.0013,99.5858,99.8445,44785030.0,1.0,0.0
2016-05-05,100.7802,101.6715,100.661,101.5936,5469725.0,1.0,0.0
2016-05-06,100.2946,100.327,100.0439,100.0681,41655639.0,1.0,0.0
2016-05-09,101.0178,102.0307,100.8833,102.008,4754046.0,1.0,0.0
2016-05-10,102.923,103.607,102.3162,103.1549,10987665.0,1.0,0.0
2016-05-11,102.8573,103.5657,102.7596,103.3302,19644343.0,1.0,0.0
2016-05-12,101.4699,101.5041,100.2487,100.7783,6000232.0,1.0,0.0
2016-05-13,100.7431,102.3068,100.7203,101.8117,30820202.0,1.0,0.0
2016-05-16,101.4937,101.8053,100.9344,100.9357,24655922.0,1.0,0.0
2016-05-17,101.69,102.0037,101.6735,101.9267,43992009.0,1.0,0.0
2016-05-18,102.1897,102.2015,101.1481,101.4955,27188295.0,1.0,0.0
2016-05-19,102.2559,102.4028,101.9975,102.2024,23680371.0,1.0,0.0
2016-05-20,101.6976,102.8222,101.5705,102.7712,30632977.0,1.0,0.0
2016-05-23,102.2806,102.3549,102.1874,102.1954,31609009.0,1.0,0.0
2016-05-24,101.9097,104.2589,101.801,104.0708,11536652.0,1.0,0.0
2016-05-25,103.7904,103.8864,103.3532,103.8383,9928053.0,1.0,0.0
2016-05-26,103.1439,103.8444,102.7864,103.5184,20116219.0,1.0,0.0
2016-05-27,103.0828,103.6764,103.0096,103.4465,9574891.0,1.0,0.0
2016-05-31,103.2374,103.2518,101.9663,102.1944,43762648.0,1.0,0.0
2016-06-01,103.6399,104.3687,103.5754,104.1829,9252967.0,1.0,0.0
2016-06-02,103.4866,103.66,103.1716,103.6377,39772937.0,1.0,0.0
2016-06-03,103.0344,104.2105,102.9135,104.21,26887323.0,1.0,0.0
2016-06-06,103.7533,104.1874,103.6738,103.9929,2966610.0,1.0,0.0
2016-06-07,103.6221,105.9867,103.4395,105.6175,20579196.0,1.0,0.0
2016-06-08,105.5247,106.3423,105.0977,105.9295,26325590.0,1.0,0.0
2016-06-09,106.2255,106.4817,105.9095,106.3943,47743085.0,1.0,0.0
2016-06-10,106.3017,106.5668,105.9934,106.4003,27475561.0,1.0,0.0
2016-06-13,105.8141,106.4073,105.3066,105.958,16098941.0,1.0,0.0
2016-06-14,105.8223,106.8008,105.6671,106.6527,14526050.0,1.0,0.0
2016-06-15,106.0615,106.5764,105.7039,106.2793,18973294.0,1.0,0.0
2016-06-16,106.8883,107.0225,105.5636,105.846,12012547.0,1.0,0.0
2016-06-17,105.2793,105.4645,104.3708,104.8322,8745178.0,1.0,0.0
2016-06-20,105.1989,105.819,104.3232,104.5198,1752117.0,1.0,0.0
2016-06-21,103.9988,104.151,102.1317,102.1442,24687089.0,1.0,0.0
2016-06-22,101.5048,101.7483,100.8747,101.0874,18031713.0,1.0,0.0
2016-06-23,101.081,101.9713,100.7132,101.7668,49039247.0,1.0,0.0
2016-06-24,101.0628,102.0985,100.9335,101.9981,36250264.0,1.0,0.0
2016-06-27,102.2648,102.2984,101.8066,101.8814,10073457.0,1.0,0.0
2016-06-28,102.1482,102.1713,100.1225,100.4876,28259068.0,1.0,0.0
2016-06-29,100.3256,100.7084,100.0073,100.6444,47633546.0,1.0,0.0
2016-06-30,101.1336,101.5677,100.8936,100.9656,22651762.0,1.0,0.0
2016-07-01,101.2651,102.3535,101.0899,102.2409,41579843.0,1.0,0.0
2016-07-05,101.9775,102.1535,101.7976,101.8204,4523833.0,1.0,0.0
2016-07-06,102.6268,103.094,102.0444,102.1295,23093328.0,1.0,0.0
2016-07-07,101.9792,102.0271,101.0766,101.3457,46162256.0,1.0,0.0
2016-07-08,101.2112,101.5905,100.9923,100.9962,38504246.0,1.0,0.0
2016-07-11,99.8972,99.9645,98.3405,98.3696,22035203.0,1.0,0.0
2016-07-12,98.4839,98.6554,98.3317,98.6108,47514983.0,1.0,0.0
2016-07-13,97.8469,98.0516,97.0001,97.3053,35199061.0,1.0,0.0
2016-07-14,97.0623,98.1386,97.0428,97.8,45006204.0,1.0,0.0
2016-07-15,98.0268,98.2559,97.2473,97.5601,38637421.0,1.0,0.0
2016-07-18,97.2943,97.5581,97.0223,97.2646,10846974.0,1.0,0.0
2016-07-19,97.4354,97.5187,95.6285,96.1216,41794159.0,1.0,0.0
2016-07-20,95.9513,96.0569,95.3006,95.4894,47373276.0,1.0,0.0
2016-07-21,94.6172,95.8936,94.2359,95.755,1994266.0,1.0,0.0
2016-07-22,96.3037,96.4208,95.4521,95.4939,21602990.0,1.0,0.0
2016-07-25,95.3395,95.6009,93.9816,94.2107,41926319.0,1.0,0.0
2016-07-26,94.4131,95.8562,94.1309,95.7701,3494775.0,1.0,0.0
2016-07-27,96.4463,97.5141,96.2528,97.4099,43917359.0,1.0,0.0
2016-07-28,97.2237,98.2492,96.855,98.0398,9346154.0,1.0,0.0
2016-07-29,97.4727,97.5274,96.2741,96.5767,35943980.0,1.0,0.0
2016-08-01,96.2351,96.3586,95.2384,95.4744,41984680.0,1.0,0.0
2016-08-02,95.4114,95.6256,93.2063,93.8736,28588058.0,1.0,0.0
2016-08-03,94.1749,96.1018,94.0348,95.4655,43207974.0,1.0,0.0
2016-08-04,94.9635,95.5764,94.4115,95.5607,7273282.0,1.0,0.0
2016-08-05,95.2383,95.2515,94.9443,95.0491,17027890.0,1.0,0.0
2016-08-08,95.2912,95.4296,94.1601,94.4467,34928218.0,1.0,0.0
2016-08-09,95.7039,96.0682,95.5377,95.6254,30192394.0,1.0,0.0
2016-08-10,94.9786,95.3584,94.6005,95.2058,15048546.0,1.0,0.0
2016-08-11,95.0448,95.3271,94.8781,95.2044,18483516.0,1.0,0.0
2016-08-12,94.6039,94.9741,94.0198,94.4665,44188816.0,1.0,0.0
2016-08-15,94.7812,94.9232,93.8357,94.0977,1109733.0,1.0,0.0
2016-08-16,93.4155,93.6043,92.9392,92.9444,24791303.0,1.0,0.0
2016-08-17,92.556,93.0671,92.312,92.8598,30839282.0,1.0,0.0
2016-08-18,93.0084,93.4863,93.0027,93.3224,29467531.0,1.0,0.0
2016-08-19,92.7929,93.9647,92.7531,93.4962,29927721.0,1.0,0.0
2016-08-22,93.9495,95.0338,93.6906,95.0144,49099914.0,1.0,0.0
2016-08-23,95.4998,95.5987,94.8696,94.9164,32419022.0,1.0,0.0
2016-08-24,94.7315,94.9092,93.584,93.8448,19783647.0,1.0,0.0
2016-08-25,93.8441,94.5088,93.8008,94.1445,3936845.0,1.0,0.0
2016-08-26,93.9899,94.2358,93.8548,94.0991,36961569.0,1.0,0.0
2016-08-29,93.9738,94.0509,93.9108,94.0436,30977457.0,1.0,0.0
2016-08-30,93.5993,93.8851,93.152,93.2944,40569035.0,1.0,0.0
2016-08-31,92.3073,93.9057,92.235,93.701,22092463.0,1.0,0.0
2016-09-01,94.1962,95.3182,94.1763,95.1531,15557691.0,1.0,0.0
2016-09-02,94.8131,94.9182,93.3133,93.7069,36368306.0,1.0,0.0
2016-09-06,93.5231,93.9876,92.3732,92.6498,34716096.0,1.0,0.0
2016-09-07,92.5108,92.6677,92.2057,92.4529,12723888.0,1.0,0.0
2016-09-08,92.9988,93.188,90.7573,91.282,22800427.0,1.0,0.0
2016-09-09,92.3536,92.6931,92.3464,92.5284,14529264.0,1.0,0.0
2016-09-12,92.7719,93.2073,92.476,92.7083,2769158.0,1.0,0.0
2016-09-13,93.582,94.0202,93.3305,93.693,30102980.0,1.0,0.0
2016-09-14,94.4172,94.4928,93.2632,93.6426,19567512.0,1.0,0.0
2016-09-15,94.7091,96.2065,94.4688,95.5596,22360178.0,1.0,0.0
2016-09-16,94.9212,95.0011,93.7982,94.4857,16732207.0,1.0,0.0
2016-09-19,94.8938,95.2719,94.5176,95.1835,22391403.0,1.0,0.0
2016-09-20,93.7409,93.7842,92.6444,92.9343,7577949.0,1.0,0.0
2016-09-21,92.9953,93.5141,92.7601,93.3656,42167806.0,1.0,0.0
2016-09-22,93.7398,93.7713,93.207,93.275,41959814.0,1.0,0.0
2016-09-23,92.8019,93.025,92.2504,92.4373,10953609.0,1.0,0.0
2016-09-26,92.7462,92.8826,91.9524,92.0619,10022158.0,1.0,0.0
2016-09-27,92.6229,92.7686,92.4454,92.4728,30800724.0,1.0,0.0
2016-09-28,93.3215,94.2039,93.2484,94.1335,8408114.0,1.0,0.0
2016-09-29,94.1905,95.2453,93.9592,94.748,29164429.0,1.0,0.0
2016-09-30,96.0674,96.3146,95.4393,95.4454,26628402.0,1.0,0.0
2016-10-03,95.7276,96.1147,95.6244,95.9404,44486274.0,1.0,0.0
2016-10-04,94.3544,94.5235,93.5797,93.7153,22716122.0,1.0,0.0
2016-10-05,93.1199,93.1916,93.0271,93.0645,24216283.0,1.0,0.0
2016-10-06,93.0674,93.2773,92.3747,92.8149,30092909.0,1.0,0.0
2016-10-07,92.5861,93.121,92.2749,92.2765,12350486.0,1.0,0.0
2016-10-10,90.9546,91.726,90.6978,91.6631,43268973.0,1.0,0.0
2016-10-11,91.4931,91.8669,91.3198,91.4558,26696627.0,1.0,0.0
2016-10-12,92.5993,92.6842,91.6074,91.778,32119755.0,1.0,0.0
2016-10-13,91.7414,91.9722,90.9508,91.1988,13386525.0,1.0,0.0
2016-10-14,90.8347,90.9307,89.1771,89.3945,8228821.0,1.0,0.0
2016-10-17,87.8392,87.9278,87.3082,87.4086,23549942.0,1.0,0.0
2016-10-18,87.115,87.4133,86.8107,87.3547,30879942.0,1.0,0.0
2016-10-19,87.1109,87.1951,86.5336,86.9,36238760.0,1.0,0.0
2016-10-20,87.4208,87.8643,87.3096,87.6588,37294734.0,1.0,0.0
2016-10-21,87.7657,87.9591,87.4089,87.5308,45016615.0,1.0,0.0
2016-10-24,87.4427,87.8787,87.098,87.6347,14596308.0,1.0,0.0
2016-10-25,86.7235,87.3027,86.4583,86.5143,5094483.0,1.0,0.0
2016-10-26,86.6405,86.7614,85.9633,85.999,4168291.0,1.0,0.0
2016-10-27,87.0152,87.365,86.9209,86.985,30571648.0,1.0,0.0
2016-10-28,86.6683,87.1397,86.4686,86.5102,32658973.0,1.0,0.0
2016-10-31,86.9041,87.4852,86.8287,87.2694,33769792.0,1.0,0.0
2016-11-01,86.9251,87.7234,86.5714,87.4958,10195482.0,1.0,0.0
2016-11-02,86.0912,86.2544,85.517,85.547,23146461.0,1.0,0.0
2016-11-03,84.3603,84.4219,84.1381,84.3187,42341469.0,1.0,0.0
2016-11-04,84.857,85.0269,84.6039,84.621,44833176.0,1.0,0.0
2016-11-07,84.3851,84.6957,83.7541,84.2552,1663146.0,1.0,0.0
2016-11-08,84.229,86.4252,84.0163,86.1958,27916951.0,1.0,0.0
2016-11-09,86.2737,86.829,86.2001,86.621,26395116.0,1.0,0.0
2016-11-10,87.6361,87.6613,86.5778,86.9001,2029391.0,1.0,0.0
2016-11-11,87.593,87.985,86.2853,86.3156,32631262.0,1.0,0.0
2016-11-14,87.1284,87.1348,85.4591,85.7268,3343619.0,1.0,0.0
2016-11-15,86.1743,86.4229,85.1566,85.3054,33585268.0,1.0,0.0
2016-11-16,86.4003,86.7225,86.3475,86.5801,18470607.0,1.0,0.0
2016-11-17,86.923,87.0196,86.2877,86.4271,15306749.0,1.0,0.0
2016-11-18,85.9629,86.0391,85.8854,85.977,22392407.0,1.0,0.0
2016-11-21,86.0006,86.391,85.6689,86.2738,13766680.0,1.0,0.0
2016-11-22,86.6123,87.6664,86.3294,87.2102,2996235.0,1.0,0.0
2016-11-23,87.1907,87.2682,86.3287,86.9345,8323574.0,1.0,0.0
2016-11-25,86.6624,86.7782,85.9424,86.235,48164444.0,1.0,0.0
2016-11-28,86.351,87.1981,86.3419,87.1004,47311625.0,1.0,0.0
2016-11-29,86.3305,86.4808,86.2163,86.3696,36074643.0,1.0,0.0
2016-11-30,86.4656,86.5741,84.9956,85.0978,18901111.0,1.0,0.0
2016-12-01,85.4486,85.9861,85.202,85.9129,18581732.0,1.0,0.0
2016-12-02,84.6793,84.83,84.0062,84.6157,27840686.0,1.0,0.0
2016-12-05,84.431,85.2268,84.0581,85.0366,9421427.0,1.0,0.0
2016-12-06,85.6038,85.726,85.4338,85.4507,49540073.0,1.0,0.0
2016-12-07,85.2326,85.4685,84.5787,84.6742,22977556.0,1.0,0.0
2016-12-08,84.5768,84.604,83.8908,84.0585,3616496.0,1.0,0.0
2016-12-09,84.2339,85.167,84.0986,84.7319,20191910.0,1.0,0.0
2016-12-12,84.7265,84.8359,84.2696,84.4412,26024145.0,1.0,0.0
2016-12-13,84.486,84.5683,83.8471,83.8664,11047896.0,1.0,0.0
2016-12-14,83.3252,84.6068,83.3236,83.867,20706939.0,1.0,0.0
2016-12-15,83.6638,83.7268,83.3804,83.4167,26053353.0,1.0,0.0
2016-12-16,84.1727,84.3804,83.729,83.9314,17032111.0,1.0,0.0
2016-12-19,84.3169,84.3328,83.0994,83.4725,14442984.0,1.0,0.0
2016-12-20,84.6556,84.7182,84.4653,84.4793,20723560.0,1.0,0.0
2016-12-21,84.863,85.8997,84.5265,85.8896,10089357.0,1.0,0.0
2016-12-22,86.6376,87.2159,86.5956,87.0407,18488305.0,1.0,0.0
2016-12-23,86.7246,86.8762,86.3496,86.5166,31850520.0,1.0,0.0
2016-12-27,86.8416,87.3909,86.1788,86.4454,34166724.0,1.0,0.0
2016-12-28,86.72,88.883,86.4635,88.6388,33779102.0,1.0,0.0
2016-12-29,89.1086,89.3285,87.8818,88.0709,16381511.0,1.0,0.0
2016-12-30,88.3923,88.5066,87.4821,87.7102,27762016.0,1.0,0.0
2017-01-03,87.9795,88.339,87.564,87.7539,32028278.0,1.0,0.0
2017-01-04,86.9859,87.3764,86.3706,86.439,45640792.0,1.0,0.0
2017-01-05,87.182,87.2438,86.7712,86.8367,32790012.0,1.0,0.0
2017-01-06,86.7394,87.7492,86.695,87.6095,26427976.0,1.0,0.0
2017-01-09,87.7359,88.2085,87.7147,87.8603,22570726.0,1.0,0.0
2017-01-10,87.8029,88.3893,87.7162,88.0311,27555605.0,1.0,0.0
2017-01-11,88.4198,88.5499,87.5752,88.0498,8677445.0,1.0,0.0
2017-01-12,87.5754,87.9279,87.2149,87.2988,17559329.0,1.0,0.0
2017-01-13,87.4008,87.7474,86.8675,87.1053,8896286.0,1.0,0.0
2017-01-17,86.9888,87.6937,86.8903,87.3882,7688741.0,1.0,0.0
2017-01-18,86.7181,87.7431,86.636,87.3697,13665032.0,1.0,0.0
2017-01-19,88.0608,88.6215,87.8929,88.5783,47268429.0,1.0,0.0
2017-01-20,89.168,89.7366,89.1668,89.5362,44191794.0,1.0,0.0
2017-01-23,90.6564,91.1366,90.1747,90.9317,38679507.0,1.0,0.0
2017-01-24,91.5101,92.2906,91.494,92.1354,34510243.0,1.0,0.0
2017-01-25,93.0064,93.2202,92.1298,92.2124,27470354.0,1.0,0.0
2017-01-26,93.1122,93.3084,92.6594,92.6782,36365627.0,1.0,0.0
2017-01-27,92.3131,92.4719,92.2589,92.3652,46750261.0,1.0,0.0
2017-01-30,91.9148,91.9552,91.3547,91.4289,30187879.0,1.0,0.0
2017-01-31,91.2394,91.5655,90.8082,91.0222,31805487.0,1.0,0.0
2017-02-01,91.4735,91.6955,91.2507,91.2904,11099333.0,1.0,0.0
2017-02-02,91.0675,91.3783,90.9215,91.1588,24460321.0,1.0,0.0
2017-02-03,91.2431,91.4364,90.7517,90.7523,46991558.0,1.0,0.0
2017-02-06,89.8987,90.1846,89.5528,89.7721,44760389.0,1.0,0.0
2017-02-07,89.7851,90.724,89.6144,90.4903,19480255.0,1.0,0.0
2017-02-08,90.6848,91.2193,90.5874,90.8667,22113023.0,1.0,0.0
2017-02-09,90.9572,91.0244,90.9478,90.9547,26265054.0,1.0,0.0
2017-02-10,91.5781,92.6014,91.3852,92.2756,35858753.0,1.0,0.0
2017-02-13,91.5089,92.9705,91.4325,92.6063,11001994.0,1.0,0.0
2017-02-14,92.4833,92.5886,92.4728,92.5453,35956023.0,1.0,0.0
2017-02-15,94.2808,94.8346,94.2092,94.6265,30036941.0,1.0,0.0
2017-02-16,94.9057,95.2777,94.8096,95.1354,25220446.0,1.0,0.0
2017-02-17,95.0485,95.3228,94.619,94.728,8178461.0,1.0,0.0
2017-02-21,94.9182,95.1686,94.2644,94.4892,11798636.0,1.0,0.0
2017-02-22,95.8152,96.5668,95.6583,96.4419,5830132.0,1.0,0.0
2017-02-23,95.0894,95.6222,94.6106,95.573,10729415.0,1.0,0.0
2017-02-24,95.4885,95.8682,95.1557,95.6731,41942448.0,1.0,0.0
2017-02-27,95.5173,96.7677,95.4657,96.2018,19352676.0,1.0,0.0
2017-02-28,96.8817,98.0683,96.6221,97.9919,24622540.0,1.0,0.0
2017-03-01,98.984,98.9966,98.8926,98.964,17256408.0,1.0,0.0
2017-03-02,98.3767,98.5222,98.0564,98.4578,33138345.0,1.0,0.0
2017-03-03,97.2141,97.6523,96.2391,96.3683,6432184.0,1.0,0.0
2017-03-06,97.4636,97.8645,97.0879,97.1354,15103644.0,1.0,0.0
2017-03-07,96.1866,96.9288,96.1325,96.9005,15099928.0,1.0,0.0
2017-03-08,97.3306,97.7135,96.8923,97.6349,41095844.0,1.0,0.0
2017-03-09,97.1942,98.3533,96.8539,98.1855,46799583.0,1.0,0.0
2017-03-10,97.7559,97.8943,97.5295,97.5563,33252186.0,1.0,0.0
2017-03-13,96.0678,97.3984,96.0282,97.2935,45725425.0,1.0,0.0
2017-03-14,97.7908,98.4841,97.1274,97.519,38344840.0,1.0,0.0
2017-03-15,98.8066,99.1929,97.6694,97.8605,23792634.0,1.0,0.0
2017-03-16,96.4864,96.609,96.4754,96.5171,19744819.0,1.0,0.0
2017-03-17,97.3992,97.6112,96.7409,96.925,5309164.0,1.0,0.0
2017-03-20,96.2997,96.6409,96.1181,96.1553,43764584.0,1.0,0.0
2017-03-21,95.4551,95.6353,95.0195,95.6323,1837626.0,1.0,0.0
2017-03-22,95.0712,95.2218,93.658,93.9715,37248927.0,1.0,0.0
2017-03-23,94.8166,94.8612,94.5405,94.726,46029417.0,1.0,0.0
2017-03-24,94.303,94.6297,94.1173,94.5227,49198321.0,1.0,0.0
2017-03-27,94.1829,94.1886,93.1137,93.3801,11468045.0,1.0,0.0
2017-03-28,93.8175,94.9387,93.755,94.4429,8731343.0,1.0,0.0
2017-03-29,96.6072,98.228,96.3302,97.8029,13500286.0,1.0,0.0
2017-03-30,97.617,98.0777,97.1411,97.1842,27430431.0,1.0,0.0
2017-03-31,96.9022,97.1071,96.658,97.0642,23089218.0,1.0,0.0
2017-04-03,97.7467,98.4948,97.7437,98.2559,25233473.0,1.0,0.0
2017-04-04,98.6373,98.9971,97.4778,97.6389,34427856.0,1.0,0.0
2017-04-05,97.8868,98.3874,97.8132,98.2946,38677252.0,1.0,0.0
2017-04-06,98.2803,99.1262,97.8271,99.107,44105398.0,1.0,0.0
2017-04-07,100.8816,100.96,100.5892,100.6564,20180937.0,1.0,0.0
2017-04-10,101.2915,101.3064,101.0426,101.1214,13200560.0,1.0,0.0
2017-04-11,102.2289,102.5574,101.9053,102.2407,22133208.0,1.0,0.0
2017-04-12,102.2671,102.456,100.6684,100.9116,39329700.0,1.0,0.0
2017-04-13,98.8074,98.9263,97.6427,97.7186,33551842.0,1.0,0.0
2017-04-17,97.0598,97.9625,96.6783,97.3456,23905054.0,1.0,0.0
2017-04-18,96.7798,96.8249,95.5556,95.7796,26636046.0,1.0,0.0
2017-04-19,95.7987,96.9219,95.6247,96.6648,16783982.0,1.0,0.0
2017-04-20,95.6667,95.7778,94.8677,95.076,1883527.0,1.0,0.0
2017-04-21,95.6608,95.918,95.6394,95.8596,42991050.0,1.0,0.0
2017-04-24,96.1961,96.3457,95.8463,96.0796,46404858.0,1.0,0.0
2017-04-25,95.7531,96.1728,95.6809,95.9578,41250262.0,1.0,0.0
2017-04-26,96.3237,96.8139,95.9993,96.7398,19923577.0,1.0,0.0
2017-04-27,95.9934,96.2917,95.0251,95.2798,24616272.0,1.0,0.0
2017-04-28,95.5511,96.2217,95.1933,95.9668,24708797.0,1.0,0.0
2017-05-01,95.9099,97.6811,95.5926,97.4103,39498786.0,1.0,0.0
2017-05-02,98.6118,98.8244,97.5814,97.6382,49937520.0,1.0,0.0
2017-05-03,98.354,98.628,97.6263,97.702,48310803.0,1.0,0.0
2017-05-04,98.2914,98.3762,96.5495,96.9055,23635705.0,1.0,0.0
2017-05-05,96.4354,96.5661,96.183,96.5347,13130781.0,1.0,0.0
2017-05-08,96.5556,96.8885,96.5305,96.7845,39006658.0,1.0,0.0
2017-05-09,96.8514,97.1745,95.785,95.9182,22146891.0,1.0,0.0
2017-05-10,95.9323,96.6781,95.903,96.0967,48592772.0,1.0,0.0
2017-05-11,95.117,97.337,94.9614,97.2779,8118237.0,1.0,0.0
2017-05-12,97.4499,97.705,96.7472,97.6615,34250279.0,1.0,0.0
2017-05-15,97.2026,97.2069,96.9613,97.2004,22677461.0,1.0,0.0
2017-05-16,97.1,97.5102,94.8771,95.4344,44676820.0,1.0,0.0
2017-05-17,94.8822,95.0741,94.7814,94.837,41827963.0,1.0,0.0
2017-05-18,95.3236,95.6953,94.0561,94.1377,25701731.0,1.0,0.0
2017-05-19,93.1198,93.3716,92.9435,92.96,25851184.0,1.0,0.0
2017-05-22,92.3313,92.6509,91.9725,92.392,14034789.0,1.0,0.0
2017-05-23,91.9254,92.6394,91.7798,92.6313,27037957.0,1.0,0.0
2017-05-24,92.7778,92.7783,92.248,92.3218,33271427.0,1.0,0.0
2017-05-25,91.6344,92.5337,91.6232,92.4744,13724818.0,1.0,0.0
2017-05-26,92.4732,92.9199,92.4283,92.7781,29458094.0,1.0,0.0
2017-05-30,95.15,95.313,94.4884,95.0113,6096943.0,1.0,0.0
2017-05-31,95.3681,95.6606,94.8335,95.6188,35617025.0,1.0,0.0
2017-06-01,96.2016,96.7679,95.8742,96.5651,45641203.0,1.0,0.0
2017-06-02,96.9793,97.3582,96.528,97.3074,27598576.0,1.0,0.0
2017-06-05,97.7616,98.3679,96.9466,97.1759,14154396.0,1.0,0.0
2017-06-06,96.5528,96.8893,95.2319,95.4425,9051474.0,1.0,0.0
2017-06-07,95.8136,96.1331,95.6705,95.8489,29667324.0,1.0,0.0
2017-06-08,95.9469,96.2471,95.452,96.1898,41887377.0,1.0,0.0
2017-06-09,96.0523,96.0924,95.737,95.8086,26485992.0,1.0,0.0
2017-06-12,96.0914,97.68,95.9208,97.4377,26823471.0,1.0,0.0
2017-06-13,97.0982,97.2291,96.8675,97.1086,36065739.0,1.0,0.0
2017-06-14,97.77,98.0202,96.7041,96.8443,29346146.0,1.0,0.0
2017-06-15,97.0459,97.5738,96.4008,96.9103,32874200.0,1.0,0.0
2017-06-16,96.4573,97.1426,96.3369,96.8439,17833462.0,1.0,0.0
2017-06-19,96.1697,96.2455,95.1855,95.4774,42863190.0,1.0,0.0
2017-06-20,96.6849,97.2337,96.3383,96.746,43262155.0,1.0,0.0
2017-06-21,97.1548,97.6717,95.5661,95.791,37641030.0,1.0,0.0
2017-06-22,94.5691,94.8005,92.8684,92.938,30760795.0,1.0,0.0
2017-06-23,93.8451,94.4661,93.5909,94.4539,31122793.0,1.0,0.0
2017-06-26,93.6895,94.7164,93.6697,94.2839,21543937.0,1.0,0.0
2017-06-27,94.1224,95.1908,94.0126,94.759,21182489.0,1.0,0.0
2017-06-28,94.5685,94.573,93.8631,93.8956,19392683.0,1.0,0.0
2017-06-29,94.57,94.5942,93.8265,94.1453,11935211.0,1.0,0.0
2017-06-30,94.7232,94.7887,93.9576,94.052,24819931.0,1.0,0.0
2017-07-03,94.5454,95.1272,94.2417,94.3356,25463779.0,1.0,0.0
2017-07-05,94.37,94.8405,93.5666,93.6945,15375035.0,1.0,0.0
2017-07-06,93.332,93.8763,93.3212,93.5231,38763939.0,1.0,0.0
2017-07-07,94.3625,94.5722,93.9831,94.1845,7296325.0,1.0,0.0
2017-07-10,94.4578,95.8456,94.3556,95.5781,32442284.0,1.0,0.0
2017-07-11,94.822,95.1949,94.5428,94.8673,10633464.0,1.0,0.0
2017-07-12,96.2023,96.336,95.4521,96.1355,38673822.0,1.0,0.0
2017-07-13,95.8186,96.3007,94.6999,94.8419,24748853.0,1.0,0.0
2017-07-14,95.7371,95.8337,95.6621,95.7719,11132308.0,1.0,0.0
2017-07-17,97.1146,97.3717,96.2746,96.9612,11020350.0,1.0,0.0
2017-07-18,95.9993,96.6239,95.8022,96.4378,37134988.0,1.0,0.0
2017-07-19,95.9366,96.2591,95.7159,96.146,25587691.0,1.0,0.0
2017-07-20,96.4408,96.8287,96.0573,96.6701,8661694.0,1.0,0.0
2017-07-21,96.1797,96.4664,95.9893,96.2768,45375748.0,1.0,0.0
2017-07-24,97.3419,97.4922,97.1493,97.4027,23091629.0,1.0,0.0
2017-07-25,97.7178,97.9701,97.5626,97.888,46993322.0,1.0,0.0
2017-07-26,98.2301,100.5823,97.81,100.5654,19689340.0,1.0,0.0
2017-07-27,100.5991,101.1936,100.5477,100.7458,13708325.0,1.0,0.0
2017-07-28,100.8143,101.1652,100.6826,100.9814,1295368.0,1.0,0.0
2017-07-31,102.256,102.4595,101.6978,101.9541,27852972.0,1.0,0.0
2017-08-01,101.8159,101.9706,101.1763,101.3384,40592378.0,1.0,0.0
2017-08-02,100.7809,101.4746,100.555,101.4198,16543484.0,1.0,0.0
2017-08-03,100.9853,101.1988,100.3737,100.8561,47752592.0,1.0,0.0
2017-08-04,100.5643,101.2316,100.518,100.9624,41841854.0,1.0,0.0
2017-08-07,101.5743,101.6583,100.8367,101.2241,22224512.0,1.0,0.0
2017-08-08,101.5112,101.5655,100.9341,101.0156,15891571.0,1.0,0.0
2017-08-09,100.5814,100.9895,100.3231,100.7561,24717477.0,1.0,0.0
2017-08-10,100.6458,100.9322,100.1557,100.1596,36806342.0,1.0,0.0
2017-08-11,100.6962,101.219,100.6324,100.9119,32525874.0,1.0,0.0
2017-08-14,98.9605,99.0902,98.615,98.7916,37021851.0,1.0,0.0
2017-08-15,98.8799,100.4926,98.6517,100.1968,6978740.0,1.0,0.0
2017-08-16,99.644,99.8647,98.6566,98.6914,21514327.0,1.0,0.0
2017-08-17,98.5409,98.9958,97.4002,97.4736,5675424.0,1.0,0.0
2017-08-18,97.2559,97.9568,97.1157,97.7203,13591165.0,1.0,0.0
2017-08-21,98.5241,99.7427,98.3616,99.2018,12762755.0,1.0,0.0
2017-08-22,98.4379,98.8654,98.3756,98.7224,30551658.0,1.0,0.0
2017-08-23,98.768,99.5994,98.7596,99.3911,43565726.0,1.0,0.0
2017-08-24,99.2031,100.3904,99.0147,100.1765,8577328.0,1.0,0.0
2017-08-25,101.0422,102.5322,100.856,102.1708,48785942.0,1.0,0.0
2017-08-28,101.2351,101.3012,99.3824,99.4879,31517201.0,1.0,0.0
2017-08-29,101.1335,101.4086,101.0291,101.0687,38043800.0,1.0,0.0
2017-08-30,101.4956,102.0057,101.1049,101.2722,29040089.0,1.0,0.0
2017-08-31,102.0807,102.7657,101.8955,102.7487,27507725.0,1.0,0.0
2017-09-01,105.5612,105.6535,105.1278,105.3923,40023983.0,1.0,0.0
2017-09-05,104.7083,105.2031,104.2091,105.1801,31894310.0,1.0,0.0
2017-09-06,106.322,107.6418,106.1278,107.4997,45175779.0,1.0,0.0
2017-09-07,107.2314,108.5827,107.2015,108.0976,31975058.0,1.0,0.0
2017-09-08,108.1704,108.2091,107.2855,107.5405,46446805.0,1.0,0.0
2017-09-11,107.4117,107.7198,106.2469,106.7747,2534844.0,1.0,0.0
2017-09-12,107.0935,108.0211,107.0506,107.9223,41730566.0,1.0,0.0
2017-09-13,108.343,109.1168,107.9616,108.9409,22739010.0,1.0,0.0
2017-09-14,109.8112,110.1761,109.4861,109.5885,31719738.0,1.0,0.0
2017-09-15,109.7832,110.6414,109.6732,110.2871,39083333.0,1.0,0.0
2017-09-18,110.9538,111.386,110.4942,111.2217,28580191.0,1.0,0.0
2017-09-19,109.4558,109.7417,108.4249,108.4972,24137598.0,1.0,0.0
2017-09-20,107.6559,107.8175,106.8534,106.9617,18344880.0,1.0,0.0
2017-09-21,106.2395,106.654,104.8537,105.2075,7797145.0,1.0,0.0
2017-09-22,104.6035,105.2032,103.9653,104.0039,7264690.0,1.0,0.0
2017-09-25,104.259,104.8117,103.9248,104.5667,32765729.0,1.0,0.0
2017-09-26,104.9741,105.2322,102.5155,102.9345,25828522.0,1.0,0.0
2017-09-27,103.0321,103.1586,102.7021,102.7973,39099247.0,1.0,0.0
2017-09-28,100.9884,101.2331,99.8675,100.1252,6038101.0,1.0,0.0
2017-09-29,100.0565,100.4199,99.2215,99.4566,45099588.0,1.0,0.0
2017-10-02,99.1224,99.5307,98.469,99.2566,26538900.0,1.0,0.0
2017-10-03,98.8748,101.0855,98.7205,100.6912,29064312.0,1.0,0.0
2017-10-04,101.2558,101.4056,100.9331,101.0481,47743522.0,1.0,0.0
2017-10-05,101.3734,101.9579,100.6799,101.0223,14291021.0,1.0,0.0
2017-10-06,101.3525,102.7126,101.2488,102.5107,33169110.0,1.0,0.0
2017-10-09,102.6281,102.8628,102.5063,102.8584,11840279.0,1.0,0.0
2017-10-10,102.8046,103.315,102.7922,102.9316,14495905.0,1.0,0.0
2017-10-11,101.9247,102.3667,101.6507,102.0767,48909166.0,1.0,0.0
2017-10-12,101.8087,101.8344,100.7655,101.2408,2130074.0,1.0,0.0
2017-10-13,100.9244,101.1018,99.9006,100.2207,49544978.0,1.0,0.0
2017-10-16,100.317,100.587,99.7407,100.1121,11561065.0,1.0,0.0
2017-10-17,99.9884,100.2018,99.861,99.905,24613026.0,1.0,0.0
2017-10-18,99.5753,99.6087,99.1269,99.3519,12679669.0,1.0,0.0
2017-10-19,99.5529,99.8551,98.8865,98.9029,45767391.0,1.0,0.0
2017-10-20,99.505,99.7916,98.7237,99.1383,46169401.0,1.0,0.0
2017-10-23,98.7275,98.8377,98.6765,98.7356,32147825.0,1.0,0.0
2017-10-24,98.1476,98.8896,97.7734,98.2818,44456819.0,1.0,0.0
2017-10-25,98.0567,99.1193,98.0296,98.9882,42113566.0,1.0,0.0
2017-10-26,98.9308,98.9395,98.0529,98.1874,21299404.0,1.0,0.0
2017-10-27,98.0208,98.6103,97.8148,98.4475,10273106.0,1.0,0.0
2017-10-30,98.0952,98.4171,97.5978,97.7365,26677361.0,1.0,0.0
2017-10-31,97.9441,98.6774,97.9296,98.4953,5817394.0,1.0,0.0
2017-11-01,98.6448,98.7354,98.3635,98.4827,9143555.0,1.0,0.0
2017-11-02,98.7066,98.9943,98.625,98.897,8276740.0,1.0,0.0
2017-11-03,98.519,98.7923,98.4446,98.7143,2309943.0,1.0,0.0
2017-11-06,98.96,99.7863,98.9458,99.3924,40367406.0,1.0,0.0
2017-11-07,99.6737,99.9877,99.0741,99.8863,20432895.0,1.0,0.0
2017-11-08,99.6336,99.7255,99.3408,99.6373,34024267.0,1.0,0.0
2017-11-09,99.943,100.2989,99.7615,100.2361,5166863.0,1.0,0.0
2017-11-10,100.1164,100.27,98.6182,98.7743,7478218.0,1.0,0.0
2017-11-13,98.9652,99.2796,97.6435,97.8032,4827967.0,1.0,0.0
2017-11-14,97.872,98.0101,97.7591,97.8361,7343742.0,1.0,0.0
2017-11-15,98.035,98.2761,96.5835,96.811,31119702.0,1.0,0.0
2017-11-16,96.6998,97.6578,96.6802,97.4536,12262544.0,1.0,0.0
2017-11-17,97.4016,97.8266,97.3261,97.813,4438487.0,1.0,0.0
2017-11-20,97.8312,98.0601,97.5091,97.5108,43577987.0,1.0,0.0
2017-11-21,97.5111,97.6574,96.3499,96.6054,39665074.0,1.0,0.0
2017-11-22,96.0899,96.1938,95.7737,95.8417,9349490.0,1.0,0.0
2017-11-24,95.5481,96.1145,94.9433,94.9968,4322995.0,1.0,0.0
2017-11-27,95.5344,96.172,95.0205,96.1379,27710408.0,1.0,0.0
2017-11-28,96.4504,96.5754,95.7676,96.0511,8567961.0,1.0,0.0
2017-11-29,96.2089,96.5722,93.668,94.0314,46599988.0,1.0,0.0
2017-11-30,94.2874,94.5838,93.6819,93.9882,10395072.0,1.0,0.0
2017-12-01,93.8871,94.1052,92.9412,93.4228,32874303.0,1.0,0.0
2017-12-04,93.5201,94.4887,93.4518,94.4105,30805589.0,1.0,0.0
2017-12-05,94.8089,94.8785,94.5512,94.638,35849474.0,1.0,0.0
2017-12-06,94.6313,94.8463,94.508,94.8109,9318210.0,1.0,0.0
2017-12-07,95.04,95.9519,94.9693,95.7397,28804025.0,1.0,0.0
2017-12-08,95.5493,96.1847,95.352,95.8703,4671650.0,1.0,0.0
2017-12-11,95.8476,96.1009,95.7243,96.0168,49557249.0,1.0,0.0
2017-12-12,95.9105,96.3004,94.6813,94.8823,8647387.0,1.0,0.0
2017-12-13,95.4491,95.5633,93.3262,93.7615,36372718.0,1.0,0.0
2017-12-14,93.4009,93.4693,91.9449,92.3939,2810584.0,1.0,0.0
2017-12-15,92.2902,93.7793,91.5454,93.7252,32312174.0,1.0,0.0
2017-12-18,93.8709,94.0392,93.4528,93.5044,30311841.0,1.0,0.0
2017-12-19,93.0753,93.542,93.0563,93.3144,44421275.0,1.0,0.0
2017-12-20,93.1073,93.2588,92.7924,92.8142,36236808.0,1.0,0.0
2017-12-21,93.04,93.0611,92.4638,92.627,27444170.0,1.0,0.0
2017-12-22,92.4383,93.9611,92.234,93.7832,5757491.0,1.0,0.0
2017-12-26,93.7546,94.2489,93.388,93.393,22059632.0,1.0,0.0
2017-12-27,93.6075,93.6507,93.1467,93.3287,6697610.0,1.0,0.0
2017-12-28,93.5745,94.1073,93.4005,93.8487,43138286.0,1.0,0.0
2017-12-29,93.5476,93.8469,93.3961,93.441,30446249.0,1.0,0.0
2018-01-02,93.1799,93.843,93.0601,93.6523,18490852.0,1.0,0.0
2018-01-03,93.691,94.5712,93.6734,94.4582,39615544.0,1.0,0.0
2018-01-04,94.2081,95.0298,93.9927,94.8869,30562341.0,1.0,0.0
2018-01-05,94.4756,94.9476,94.067,94.402,12855701.0,1.0,0.0
2018-01-08,94.0093,94.6908,93.2362,94.5847,45942553.0,1.0,0.0
2018-01-09,94.6823,95.0542,94.514,94.9946,22205670.0,1.0,0.0
2018-01-10,95.2894,96.6787,95.0092,96.1392,26900413.0,1.0,0.0
2018-01-11,95.8325,97.0091,95.7828,96.88,33557357.0,1.0,0.0
2018-01-12,96.8544,97.8767,96.7129,97.483,45648355.0,1.0,0.0
2018-01-16,97.9416,98.3672,96.7802,97.1744,22508048.0,1.0,0.0
2018-01-17,96.817,96.9448,96.7452,96.8292,9191388.0,1.0,0.0
2018-01-18,96.6698,97.3096,96.334,97.0326,22286579.0,1.0,0.0
2018-01-19,96.6016,97.0815,95.0718,95.0729,15538430.0,1.0,0.0
2018-01-22,94.9022,95.1416,94.1771,94.1921,5166164.0,1.0,0.0
2018-01-23,94.0947,94.4893,94.0513,94.0676,14194436.0,1.0,0.0
2018-01-24,93.8621,93.8692,92.7385,92.7554,49215253.0,1.0,0.0
2018-01-25,92.5593,93.6187,92.415,93.2554,24724867.0,1.0,0.0
2018-01-26,93.2104,93.5368,92.633,92.7919,27314164.0,1.0,0.0
2018-01-29,92.8444,93.5195,92.7932,92.9921,46239117.0,1.0,0.0
2018-01-30,92.389,92.6868,90.9017,91.2076,26551873.0,1.0,0.0
2018-01-31,90.2811,90.6194,89.0511,89.1617,19934931.0,1.0,0.0
2018-02-01,88.9669,89.432,88.2612,88.6207,28529461.0,1.0,0.0
2018-02-02,88.3385,88.6586,88.1414,88.5798,8146059.0,1.0,0.0
2018-02-05,88.6193,89.0088,88.4684,88.7818,40756883.0,1.0,0.0
2018-02-06,88.825,89.3064,88.4371,88.4556,20491890.0,1.0,0.0
2018-02-07,87.7383,88.5787,87.5408,88.57,45969178.0,1.0,0.0
2018-02-08,87.6412,88.237,87.6262,87.9392,31062818.0,1.0,0.0
2018-02-09,87.9246,87.9879,87.3647,87.6688,20926447.0,1.0,0.0
2018-02-12,88.5154,88.5944,88.3286,88.5609,18909126.0,1.0,0.0
2018-02-13,88.1015,88.4755,88.0924,88.173,24381911.0,1.0,0.0
2018-02-14,87.2431,88.0953,87.217,87.7527,24785193.0,1.0,0.0
2018-02-15,87.4688,87.8236,86.6301,86.6519,18279674.0,1.0,0.0
2018-02-16,87.7492,87.8742,87.5101,87.5392,23355742.0,1.0,0.0
2018-02-20,87.2297,87.4358,86.4393,86.7884,43466286.0,1.0,0.0
2018-02-21,86.9817,87.3316,86.9152,87.2197,46336175.0,1.0,0.0
2018-02-22,86.5611,87.4318,86.5306,87.3156,36855120.0,1.0,0.0
2018-02-23,87.5921,88.3205,87.5788,88.0929,46685621.0,1.0,0.0
2018-02-26,88.8452,88.9937,87.7345,87.8084,5945882.0,1.0,0.0
2018-02-27,88.4762,88.4899,87.3954,87.7186,6318062.0,1.0,0.0
2018-02-28,87.0109,88.3334,86.9866,87.8133,29554648.0,1.0,0.0
2018-03-01,88.5386,89.2028,88.2197,89.0219,24144321.0,1.0,0.0
2018-03-02,88.9504,89.6325,88.8277,89.4494,42664168.0,1.0,0.0
2018-03-05,89.3763,89.6684,89.2351,89.6563,9748549.0,1.0,0.0
2018-03-06,90.2712,90.5804,89.9324,90.0929,12680340.0,1.0,0.0
2018-03-07,90.2569,90.3719,89.7152,89.78,28893586.0,1.0,0.0
2018-03-08,89.7385,89.9597,89.4277,89.4993,22626411.0,1.0,0.0
2018-03-09,90.8971,91.0631,90.5553,90.766,25483600.0,1.0,0.0
2018-03-12,90.8809,93.0321,90.6194,92.7808,32089802.0,1.0,0.0
2018-03-13,92.5784,92.7696,92.2865,92.4792,48087556.0,1.0,0.0
2018-03-14,92.6993,93.0132,92.5138,92.8414,47010770.0,1.0,0.0
2018-03-15,93.3952,93.5708,92.9264,93.4869,43492837.0,1.0,0.0
2018-03-16,92.5474,92.5558,91.1956,91.4579,12704879.0,1.0,0.0
2018-03-19,93.0705,93.3512,92.4722,93.1679,46354831.0,1.0,0.0
2018-03-20,94.1612,94.2923,92.895,93.1765,33737888.0,1.0,0.0
2018-03-21,93.2362,93.366,92.9309,92.9742,2269333.0,1.0,0.0
2018-03-22,92.5228,94.525,92.14,94.4847,14970237.0,1.0,0.0
2018-03-23,94.1798,94.527,93.8703,94.3604,19289018.0,1.0,0.0
2018-03-26,93.5334,93.8108,93.1401,93.4135,29986011.0,1.0,0.0
2018-03-27,93.6412,94.265,93.2087,94.0818,14968093.0,1.0,0.0
2018-03-28,93.8528,96.0334,93.7403,95.8894,12857610.0,1.0,0.0
2018-03-29,96.296,96.4934,96.2489,96.4318,48319215.0,1.0,0.0
2018-04-02,97.1895,98.778,96.7273,98.0065,34911144.0,1.0,0.0
2018-04-03,98.8419,98.9771,98.2768,98.5218,12234063.0,1.0,0.0
2018-04-04,99.5583,100.1731,99.1185,100.0739,2534596.0,1.0,0.0
2018-04-05,100.1847,100.5478,99.0657,99.3654,22915947.0,1.0,0.0
2018-04-06,99.5796,100.4143,99.5118,100.143,34851214.0,1.0,0.0
2018-04-09,99.0486,99.1399,98.6633,98.6705,47518545.0,1.0,0.0
2018-04-10,98.8385,98.8424,98.563,98.6694,9886377.0,1.0,0.0
2018-04-11,97.7728,97.9505,96.4991,96.749,28922681.0,1.0,0.0
2018-04-12,96.5238,97.7123,96.3209,97.6796,12312523.0,1.0,0.0
2018-04-13,97.873,97.8773,97.1573,97.1582,23731792.0,1.0,0.0
2018-04-16,97.8366,97.877,97.408,97.5755,9161681.0,1.0,0.0
2018-04-17,97.928,98.4773,97.8869,98.2582,15951653.0,1.0,0.0
2018-04-18,98.0887,98.7084,97.9267,98.4087,11579344.0,1.0,0.0
2018-04-19,97.2773,97.5582,96.754,96.8151,43161316.0,1.0,0.0
2018-04-20,96.1945,96.2106,94.4738,94.5908,49098790.0,1.0,0.0
2018-04-23,93.503,93.7779,92.7522,92.8254,18379406.0,1.0,0.0
2018-04-24,93.1585,93.7585,92.5792,92.8451,47756089.0,1.0,0.0
2018-04-25,92.9446,93.6124,92.8387,93.5333,49038918.0,1.0,0.0
2018-04-26,93.7328,93.7546,93.3124,93.3436,15699093.0,1.0,0.0
2018-04-27,92.7282,93.435,92.6925,93.0239,43705922.0,1.0,0.0
2018-04-30,92.1527,92.2279,91.1465,91.315,18827893.0,1.0,0.0
2018-05-01,90.9858,91.4285,90.2285,90.5544,26631902.0,1.0,0.0
2018-05-02,90.8435,90.9018,90.1434,90.3818,24105604.0,1.0,0.0
2018-05-03,90.5028,90.6975,89.94,90.212,20197051.0,1.0,0.0
2018-05-04,90.3189,91.1474,90.1451,90.622,3517022.0,1.0,0.0
2018-05-07,90.866,92.1309,90.8619,92.0841,15756244.0,1.0,0.0
2018-05-08,94.009,94.4479,93.8186,94.4474,32552122.0,1.0,0.0
2018-05-09,94.4491,94.6187,92.977,93.4916,36085770.0,1.0,0.0
2018-05-10,93.5475,93.974,93.3876,93.7544,36258346.0,1.0,0.0
2018-05-11,94.2438,94.2576,93.7808,94.1488,20959888.0,1.0,0.0
2018-05-14,94.5563,94.7329,94.2012,94.272,44994635.0,1.0,0.0
2018-05-15,93.793,94.4791,93.7002,94.3573,10577650.0,1.0,0.0
2018-05-16,94.5228,94.8575,94.3514,94.8053,14784259.0,1.0,0.0
2018-05-17,94.5417,94.7462,94.4356,94.4401,32709688.0,1.0,0.0
2018-05-18,93.7561,93.9529,92.7569,93.1499,25638755.0,1.0,0.0
2018-05-21,93.0527,93.2129,92.8538,93.0684,25262718.0,1.0,0.0
2018-05-22,92.7301,93.8197,92.4276,93.7465,40812350.0,1.0,0.0
2018-05-23,93.9654,94.2265,93.4318,94.0852,22063759.0,1.0,0.0
2018-05-24,93.8602,93.8978,92.9577,93.4557,21754678.0,1.0,0.0
2018-05-25,93.868,94.1955,93.8408,94.1421,35400409.0,1.0,0.0
2018-05-29,94.2645,94.7771,94.0684,94.2577,23348666.0,1.0,0.0
2018-05-30,94.77,95.0913,94.5342,94.889,41817277.0,1.0,0.0
2018-05-31,94.3119,94.4465,94.3086,94.3768,28577038.0,1.0,0.0
2018-06-01,94.0532,94.9192,93.8175,94.8999,18504258.0,1.0,0.0
2018-06-04,95.3613,95.6294,94.5276,94.7399,21507951.0,1.0,0.0
2018-06-05,94.9633,95.0493,94.6436,94.7063,26240254.0,1.0,0.0
2018-06-06,94.7994,95.5051,94.7668,95.2294,37900645.0,1.0,0.0
2018-06-07,95.2436,96.0482,95.1044,95.7721,11336914.0,1.0,0.0
2018-06-08,94.8666,96.0254,94.7094,95.752,49068148.0,1.0,0.0
2018-06-11,96.9015,97.6621,96.8121,97.6299,36869609.0,1.0,0.0
2018-06-12,97.3592,97.4583,96.9737,97.3662,17923226.0,1.0,0.0
2018-06-13,97.0103,98.2409,96.9607,97.8637,16418009.0,1.0,0.0
2018-06-14,98.0154,98.0859,97.4959,97.8826,11176805.0,1.0,0.0
2018-06-15,97.6161,98.1092,97.4947,97.5123,48982448.0,1.0,0.0
2018-06-18,97.9566,98.2422,97.1977,97.4735,16444944.0,1.0,0.0
2018-06-19,97.4101,98.5561,97.0154,98.4499,25397925.0,1.0,0.0
2018-06-20,98.0361,98.2293,97.4734,97.783,12370610.0,1.0,0.0
2018-06-21,97.9927,98.1492,97.2881,97.4118,22933751.0,1.0,0.0
2018-06-22,96.3165,96.9818,96.2137,96.8511,33935768.0,1.0,0.0
2018-06-25,96.7927,97.1443,95.1206,95.4568,39401658.0,1.0,0.0
2018-06-26,94.6079,95.0932,94.435,94.9523,4628803.0,1.0,0.0
2018-06-27,95.9407,96.5028,95.2061,96.2646,23177844.0,1.0,0.0
2018-06-28,96.8738,97.3335,96.7669,97.3319,14440338.0,1.0,0.0
2018-06-29,97.0788,97.2109,95.6076,95.6938,27524210.0,1.0,0.0
2018-07-02,93.4291,93.7199,93.0573,93.5958,36565750.0,1.0,0.0
2018-07-03,93.2055,93.2965,93.0372,93.2173,20619953.0,1.0,0.0
2018-07-05,92.6284,92.8749,92.3245,92.4055,35148873.0,1.0,0.0
2018-07-06,93.8821,94.4169,93.3808,93.4361,22215485.0,1.0,0.0
2018-07-09,93.9673,94.8664,93.6427,94.8019,48617854.0,1.0,0.0
2018-07-10,96.0172,96.2897,94.8454,95.0742,8926134.0,1.0,0.0
2018-07-11,94.1473,94.3139,93.3672,93.4368,16827681.0,1.0,0.0
2018-07-12,93.4286,93.5184,91.992,92.2519,42692054.0,1.0,0.0
2018-07-13,92.0204,92.0673,91.891,92.0638,46912200.0,1.0,0.0
2018-07-16,91.317,91.467,91.0019,91.0798,32048606.0,1.0,0.0
2018-07-17,90.8606,90.9811,90.2439,90.5157,5115859.0,1.0,0.0
2018-07-18,90.251,90.3771,89.0964,89.1473,47865480.0,1.0,0.0
2018-07-19,88.201,88.2716,87.348,87.5516,18337697.0,1.0,0.0
2018-07-20,87.6159,88.3058,87.5131,88.1379,2710434.0,1.0,0.0
2018-07-23,88.3773,88.8574,88.0761,88.762,23444893.0,1.0,0.0
2018-07-24,89.2521,89.7088,88.4283,88.9283,33070181.0,1.0,0.0
2018-07-25,89.2195,89.2782,88.993,89.0653,4014247.0,1.0,0.0
2018-07-26,88.4073,89.3244,88.2599,89.1979,6942325.0,1.0,0.0
2018-07-27,89.5341,89.5476,89.1022,89.1795,44410257.0,1.0,0.0
2018-07-30,88.5138,89.4989,88.4481,89.3638,45821914.0,1.0,0.0
2018-07-31,89.0977,90.4267,88.9243,90.0384,47497834.0,1.0,0.0
2018-08-01,89.6032,89.9917,89.2757,89.6686,45085728.0,1.0,0.0
2018-08-02,89.7814,90.6406,89.7439,90.4354,19306835.0,1.0,0.0
2018-08-03,90.0211,90.4073,89.668,90.1361,17132760.0,1.0,0.0
2018-08-06,90.8061,91.4492,90.6614,91.0366,19308206.0,1.0,0.0
2018-08-07,89.7913,90.4471,89.501,90.2986,30845324.0,1.0,0.0
2018-08-08,87.9555,88.1529,85.5811,85.5829,21376978.0,1.0,0.0
2018-08-09,86.2596,86.3977,85.961,86.2029,46857973.0,1.0,0.0
2018-08-10,86.2709,86.7656,86.2178,86.6046,4951130.0,1.0,0.0
2018-08-13,87.3279,87.4621,87.003,87.0485,16317689.0,1.0,0.0
2018-08-14,87.6561,87.7732,85.9628,86.1009,47017038.0,1.0,0.0
2018-08-15,86.9574,87.6955,86.7613,87.6198,26407745.0,1.0,0.0
2018-08-16,87.086,87.4214,86.2358,86.5945,38059742.0,1.0,0.0
2018-08-17,88.0356,89.0404,87.5499,88.4722,49821582.0,1.0,0.0
2018-08-20,89.6147,89.7568,89.3084,89.481,4995859.0,1.0,0.0
2018-08-21,89.668,89.8748,89.2281,89.2663,41978464.0,1.0,0.0
2018-08-22,90.1364,90.5963,89.3462,89.5027,20730871.0,1.0,0.0
2018-08-23,89.1029,89.319,88.9763,89.2739,32544121.0,1.0,0.0
2018-08-24,89.3474,89.5452,88.995,89.0599,45479932.0,1.0,0.0
2018-08-27,89.3624,89.3938,88.691,88.7739,40696478.0,1.0,0.0
2018-08-28,89.876,90.2835,89.6866,90.1874,23090020.0,1.0,0.0
2018-08-29,90.0744,90.7446,89.5085,90.5085,40826704.0,1.0,0.0
2018-08-30,90.9031,90.9749,90.6766,90.9269,11763855.0,1.0,0.0
2018-08-31,90.1694,90.3082,89.8712,90.2699,1759874.0,1.0,0.0
2018-09-04,89.2116,89.6957,88.7441,89.5053,10324327.0,1.0,0.0
2018-09-05,89.1527,89.3737,87.7957,87.829,26825441.0,1.0,0.0
2018-09-06,88.436,89.0221,88.2563,88.9448,20346556.0,1.0,0.0
2018-09-07,89.9357,90.2383,88.458,88.5073,31620827.0,1.0,0.0
2018-09-10,89.8072,90.5088,89.6184,90.2079,19792155.0,1.0,0.0
2018-09-11,91.0112,91.1157,90.1818,90.6567,31573258.0,1.0,0.0
2018-09-12,90.3493,91.0518,89.9922,91.0217,2503538.0,1.0,0.0
2018-09-13,91.6543,92.1931,91.3931,91.8352,15198770.0,1.0,0.0
2018-09-14,92.0718,92.9273,91.992,92.2332,47285784.0,1.0,0.0
2018-09-17,94.0002,94.0426,93.5122,93.5235,21989163.0,1.0,0.0
2018-09-18,93.2543,93.7721,92.4277,92.8157,8762856.0,1.0,0.0
2018-09-19,92.5914,92.9641,91.8513,92.8438,1954634.0,1.0,0.0
2018-09-20,92.244,92.8411,91.9355,92.5155,2601088.0,1.0,0.0
2018-09-21,92.278,93.4592,91.939,93.4342,20199352.0,1.0,0.0
2018-09-24,92.5206,92.6365,92.1222,92.6002,13581755.0,1.0,0.0
2018-09-25,93.6221,93.8133,92.1522,92.157,22746146.0,1.0,0.0
2018-09-26,91.9879,92.0539,91.2463,91.2467,6766976.0,1.0,0.0
2018-09-27,91.4329,91.5304,91.1359,91.2645,5633475.0,1.0,0.0
2018-09-28,91.7262,91.7768,91.1393,91.1912,29163092.0,1.0,0.0
2018-10-01,91.9919,92.7763,91.5712,92.7349,43848496.0,1.0,0.0
2018-10-02,92.6404,92.7825,92.5079,92.7262,3673932.0,1.0,0.0
2018-10-03,93.5729,94.1397,93.4237,93.4507,39457417.0,1.0,0.0
2018-10-04,93.4904,93.5774,93.1692,93.208,6102666.0,1.0,0.0
2018-10-05,93.1814,93.6322,92.8279,93.4221,25530999.0,1.0,0.0
2018-10-08,93.9832,94.2775,93.9572,94.1108,16776900.0,1.0,0.0
2018-10-09,93.8359,93.9309,92.903,93.0546,6584530.0,1.0,0.0
2018-10-10,92.9748,93.1839,92.5054,92.9202,11310392.0,1.0,0.0
2018-10-11,93.1397,93.1621,92.0518,92.2483,11395601.0,1.0,0.0
2018-10-12,92.1572,92.5793,91.9851,92.4174,32656199.0,1.0,0.0
2018-10-15,93.2598,93.7985,93.2437,93.6808,24318704.0,1.0,0.0
2018-10-16,93.0191,93.728,92.9942,93.7205,32761528.0,1.0,0.0
2018-10-17,93.454,93.5668,92.3679,92.7179,49843409.0,1.0,0.0
2018-10-18,92.1937,92.5033,91.6725,91.8771,33897856.0,1.0,0.0
2018-10-19,91.6824,92.681,91.6648,92.3845,20580621.0,1.0,0.0
2018-10-22,93.3761,93.464,91.891,92.0749,28939140.0,1.0,0.0
2018-10-23,92.1127,92.4989,91.3818,91.61,9747487.0,1.0,0.0
2018-10-24,90.6743,91.4859,90.3159,90.9705,43981469.0,1.0,0.0
2018-10-25,91.0021,92.0296,90.8948,91.7031,46550566.0,1.0,0.0
2018-10-26,91.5668,92.7917,91.3782,92.6736,34899826.0,1.0,0.0
2018-10-29,92.8779,93.3187,92.6406,92.7922,40228502.0,1.0,0.0
2018-10-30,92.1702,92.6621,92.1292,92.6616,48973163.0,1.0,0.0
2018-10-31,93.0513,93.4719,92.4454,93.4617,17384927.0,1.0,0.0
2018-11-01,94.2266,94.2381,93.1872,93.2827,14458227.0,1.0,0.0
2018-11-02,93.2051,93.7794,93.1341,93.5373,15177698.0,1.0,0.0
2018-11-05,92.4738,93.5428,92.3215,93.4977,41770526.0,1.0,0.0
2018-11-06,92.9536,93.2505,91.6693,91.9878,8020741.0,1.0,0.0
2018-11-07,90.9427,91.2797,90.6957,90.9148,9608272.0,1.0,0.0
2018-11-08,90.9441,91.6901,90.6265,91.4912,27982132.0,1.0,0.0
2018-11-09,90.8149,91.1933,90.3683,90.5074,14388950.0,1.0,0.0
2018-11-12,91.1432,91.3588,91.0208,91.2015,43311586.0,1.0,0.0
2018-11-13,91.1028,92.1401,91.0489,91.8004,13069596.0,1.0,0.0
2018-11-14,92.3135,92.4194,91.575,91.6243,20439002.0,1.0,0.0
2018-11-15,91.8376,92.151,90.9511,91.2929,22773076.0,1.0,0.0
2018-11-16,91.5708,91.6139,91.0308,91.1799,19351594.0,1.0,0.0
2018-11-19,92.0618,92.3881,91.1705,91.3836,47233552.0,1.0,0.0
2018-11-20,89.5508,89.8635,89.1689,89.5378,18040011.0,1.0,0.0
2018-11-21,89.5369,89.7815,88.3321,88.4412,38125489.0,1.0,0.0
2018-11-23,88.7324,90.0818,88.6845,90.0705,14555628.0,1.0,0.0
2018-11-26,89.9415,90.074,88.9876,89.3469,10211875.0,1.0,0.0
2018-11-27,89.2968,90.1244,89.1918,89.8697,11907246.0,1.0,0.0
2018-11-28,89.3392,89.6584,88.867,89.0897,25813260.0,1.0,0.0
2018-11-29,89.2935,89.8228,89.2736,89.6039,41862497.0,1.0,0.0
2018-11-30,89.4948,89.7123,89.0635,89.5081,17765635.0,1.0,0.0
2018-12-03,89.283,90.3222,89.127,90.28,30385330.0,1.0,0.0
2018-12-04,90.2872,90.3539,89.556,89.8426,24181568.0,1.0,0.0
2018-12-06,89.0674,89.0884,87.8861,87.9859,14877047.0,1.0,0.0
2018-12-07,88.3709,88.7174,87.3552,87.7077,49336402.0,1.0,0.0
2018-12-10,86.8794,86.9675,85.5773,85.9447,1181848.0,1.0,0.0
2018-12-11,85.6932,86.0355,85.3365,85.9507,15448598.0,1.0,0.0
2018-12-12,85.8959,86.404,85.5166,86.3019,32188773.0,1.0,0.0
2018-12-13,86.0538,86.2069,85.9067,85.9521,46570017.0,1.0,0.0
2018-12-14,85.4365,86.3494,85.1764,86.3015,48731754.0,1.0,0.0
2018-12-17,86.1739,86.6401,86.026,86.0521,7938009.0,1.0,0.0
2018-12-18,85.6824,85.8995,84.2623,84.2647,1685375.0,1.0,0.0
2018-12-19,84.4118,84.4134,83.6432,83.6989,4018027.0,1.0,0.0
2018-12-20,83.9746,84.2985,83.8651,84.2473,26058857.0,1.0,0.0
2018-12-21,84.5134,84.6101,82.5819,82.7813,11175039.0,1.0,0.0
2018-12-24,83.6786,84.436,83.552,84.3718,11233476.0,1.0,0.0
2018-12-26,84.5916,84.7401,84.0066,84.5349,19660259.0,1.0,0.0
2018-12-27,84.9613,85.7583,84.8153,85.5306,46475204.0,1.0,0.0
2018-12-28,85.5715,85.983,85.1787,85.9561,48176980.0,1.0,0.0
2018-12-31,86.0496,87.7206,85.692,87.4397,24455546.0,1.0,0.0
2019-01-02,87.1576,87.4906,86.9072,87.397,27307482.0,1.0,0.0
2019-01-03,87.6854,87.8796,87.4841,87.658,39730947.0,1.0,0.0
2019-01-04,87.3865,87.7146,87.3311,87.5304,9125876.0,1.0,0.0
2019-01-07,87.8598,88.9607,87.6844,88.7645,30742941.0,1.0,0.0
2019-01-08,88.871,89.3698,88.664,89.2317,45389086.0,1.0,0.0
2019-01-09,89.0679,90.0168,88.9964,89.7763,15322336.0,1.0,0.0
2019-01-10,89.2957,89.7016,89.0958,89.6195,47480010.0,1.0,0.0
2019-01-11,89.5005,89.5482,89.3374,89.4659,2879650.0,1.0,0.0
2019-01-14,89.3407,89.6341,89.1208,89.5901,38366441.0,1.0,0.0
2019-01-15,89.0624,89.595,88.7512,89.0156,42039798.0,1.0,0.0
2019-01-16,89.5525,89.706,87.528,88.0558,8458133.0,1.0,0.0
2019-01-17,88.2514,88.5041,87.888,88.3475,34404834.0,1.0,0.0
2019-01-18,88.3808,88.625,88.0876,88.5624,45563172.0,1.0,0.0
2019-01-22,88.7671,88.9407,87.8897,88.2416,35755808.0,1.0,0.0
2019-01-23,88.8253,89.0878,88.216,88.7976,26769883.0,1.0,0.0
2019-01-24,88.763,89.0537,87.5461,87.5903,1210408.0,1.0,0.0
2019-01-25,87.6174,87.9231,87.0962,87.2026,22245046.0,1.0,0.0
2019-01-28,87.853,87.9433,87.2861,87.3973,30978283.0,1.0,0.0
2019-01-29,87.1422,87.205,86.7409,86.8556,11700427.0,1.0,0.0
2019-01-30,86.77,87.118,86.0623,86.1576,34644234.0,1.0,0.0
2019-01-31,86.2663,86.6097,86.053,86.3961,31797292.0,1.0,0.0
2019-02-01,86.2958,86.5347,85.3843,85.5364,31208532.0,1.0,0.0
2019-02-04,85.6637,86.2668,85.4107,86.0736,46940669.0,1.0,0.0
2019-02-05,85.6098,85.9591,85.2615,85.6181,2614429.0,1.0,0.0
2019-02-06,85.1673,85.6762,85.1038,85.3577,47608718.0,1.0,0.0
2019-02-07,85.3801,85.8057,85.1964,85.5833,43397050.0,1.0,0.0
2019-02-08,86.1677,86.7268,85.7881,86.4609,6304280.0,1.0,0.0
2019-02-11,87.0466,87.1616,86.8208,87.0711,36812538.0,1.0,0.0
2019-02-12,86.3994,86.6431,85.9514,85.9727,18072811.0,1.0,0.0
2019-02-13,85.4312,85.6378,85.1686,85.2206,8634981.0,1.0,0.0
2019-02-14,84.7016,84.7996,84.6355,84.6359,29820531.0,1.0,0.0
2019-02-15,84.4862,85.0749,84.4501,84.8336,18798657.0,1.0,0.0
2019-02-19,83.9367,83.9967,83.5806,83.5909,3695252.0,1.0,0.0
2019-02-20,83.956,84.1171,83.7047,84.0555,25297779.0,1.0,0.0
2019-02-21,84.0483,84.7402,83.9081,84.63,2886347.0,1.0,0.0
2019-02-22,84.3667,84.4813,83.9493,84.0798,7109940.0,1.0,0.0
2019-02-25,84.3463,84.7256,84.025,84.2642,2305101.0,1.0,0.0
2019-02-26,84.1801,84.475,83.9036,84.4069,2536430.0,1.0,0.0
2019-02-27,84.4385,84.8989,84.1813,84.2773,40333462.0,1.0,0.0
2019-02-28,84.3666,84.5757,84.0755,84.1877,25346077.0,1.0,0.0
2019-03-01,84.7532,84.7991,84.4674,84.7368,49639496.0,1.0,0.0
2019-03-04,84.6735,85.4823,84.5485,85.2941,26391459.0,1.0,0.0
2019-03-05,84.9315,86.3032,84.6993,86.1093,11241326.0,1.0,0.0
2019-03-06,86.4112,86.5896,86.1495,86.2689,49498302.0,1.0,0.0
2019-03-07,86.1185,86.8675,85.9771,86.7563,30476553.0,1.0,0.0
2019-03-08,86.9537,87.2842,86.6026,87.0141,33770672.0,1.0,0.0
2019-03-11,87.0322,87.143,86.4889,86.6809,40529522.0,1.0,0.0
2019-03-12,85.9269,86.3856,85.9195,86.2643,6775135.0,1.0,0.0
2019-03-13,86.1949,86.4659,85.8358,86.197,30236624.0,1.0,0.0
2019-03-14,86.1295,87.2671,85.8788,87.1434,37011879.0,1.0,0.0
2019-03-15,87.2513,88.3367,87.0968,88.0781,16558034.0,1.0,0.0
2019-03-18,88.0831,88.2372,86.7748,87.0961,3407200.0,1.0,0.0
2019-03-19,86.6644,86.8994,86.3607,86.672,48340839.0,1.0,0.0
2019-03-20,87.2251,88.0516,87.1461,87.79,10562492.0,1.0,0.0
2019-03-21,87.8351,89.1089,87.7457,88.6942,9618140.0,1.0,0.0
2019-03-22,89.0376,89.1767,88.2708,88.3559,42797152.0,1.0,0.0
2019-03-25,88.9574,89.2143,88.9412,88.9776,10074960.0,1.0,0.0
2019-03-26,88.2032,88.2817,88.1808,88.2125,2816374.0,1.0,0.0
2019-03-27,88.3111,88.8864,88.0726,88.5136,12024102.0,1.0,0.0
2019-03-28,88.9909,90.5918,88.6566,90.4298,13765919.0,1.0,0.0
2019-03-29,91.0231,91.3822,90.9095,91.1868,21864867.0,1.0,0.0
2019-04-01,90.3981,90.5466,89.039,89.5518,3942143.0,1.0,0.0
2019-04-02,90.3776,90.4197,89.1888,89.2459,40601041.0,1.0,0.0
2019-04-03,89.0886,89.7373,88.871,89.5295,37411105.0,1.0,0.0
2019-04-04,90.4928,90.7228,90.1332,90.5002,3063509.0,1.0,0.0
2019-04-05,89.9875,90.3013,89.4389,89.7475,2760702.0,1.0,0.0
2019-04-08,88.4579,89.3324,88.3631,89.0892,13344467.0,1.0,0.0
2019-04-09,87.4248,87.7129,86.8953,86.9571,28795918.0,1.0,0.0
2019-04-10,88.9978,89.1198,88.0381,88.66,42961955.0,1.0,0.0
2019-04-11,89.4649,89.9223,89.1065,89.7641,45682938.0,1.0,0.0
2019-04-12,88.0458,88.4044,87.9306,88.3398,14431152.0,1.0,0.0
2019-04-15,89.3023,89.3031,88.7304,89.022,12526245.0,1.0,0.0
2019-04-16,89.6377,89.9407,88.1598,88.4706,49445494.0,1.0,0.0
2019-04-17,87.9348,88.5388,87.5119,88.4533,46504355.0,1.0,0.0
2019-04-18,86.3479,86.3774,85.141,85.4296,45766891.0,1.0,0.0
2019-04-22,86.6402,86.8331,86.2801,86.332,44589450.0,1.0,0.0
2019-04-23,86.1601,86.3622,85.2217,85.3825,19746913.0,1.0,0.0
2019-04-24,84.3528,85.2569,84.2952,85.1512,15493773.0,1.0,0.0
2019-04-25,85.0012,85.3911,83.9589,84.1977,40977943.0,1.0,0.0
2019-04-26,83.9431,85.2762,83.7826,85.0198,30289577.0,1.0,0.0
2019-04-29,85.1006,86.2207,85.0253,86.1566,42647113.0,1.0,0.0
2019-04-30,85.9028,85.9613,84.9967,85.5313,39539320.0,1.0,0.0
2019-05-01,85.1801,85.2446,84.5536,84.8505,1990009.0,1.0,0.0
2019-05-02,87.3571,87.3779,86.6367,86.8776,41063787.0,1.0,0.0
2019-05-03,86.8968,87.5606,86.5575,87.449,15362470.0,1.0,0.0
2019-05-06,87.2343,88.034,86.9728,88.0028,7011185.0,1.0,0.0
2019-05-07,88.6535,89.3005,88.646,88.7082,40157540.0,1.0,0.0
2019-05-08,88.3397,88.4401,87.4598,87.4974,12692963.0,1.0,0.0
2019-05-09,86.7316,87.5765,86.6043,87.4862,33898388.0,1.0,0.0
2019-05-10,86.7651,87.0729,86.7585,86.8045,6694310.0,1.0,0.0
2019-05-13,86.6081,86.7593,86.0008,86.1856,20915397.0,1.0,0.0
2019-05-14,86.9071,87.3778,85.5502,86.1063,14847780.0,1.0,0.0
2019-05-15,85.5567,85.7455,85.1472,85.1812,24684185.0,1.0,0.0
2019-05-16,84.4736,84.6334,84.254,84.357,31460869.0,1.0,0.0
2019-05-17,84.3539,84.466,83.3382,83.9688,2698826.0,1.0,0.0
2019-05-20,83.7396,84.2026,83.4712,83.5426,27987303.0,1.0,0.0
2019-05-21,81.9903,82.1852,81.8653,82.0999,27352163.0,1.0,0.0
2019-05-22,82.9064,83.0951,82.2645,82.3558,1585493.0,1.0,0.0
2019-05-23,82.9184,83.0467,82.2204,82.2522,47131215.0,1.0,0.0
2019-05-24,82.3337,82.6937,82.3115,82.4832,23526781.0,1.0,0.0
2019-05-28,83.3047,83.3564,83.1955,83.2416,7930170.0,1.0,0.0
2019-05-29,82.6159,83.2578,82.533,83.1971,22312131.0,1.0,0.0
2019-05-30,83.2968,83.5763,81.9031,82.1689,27089940.0,1.0,0.0
2019-05-31,81.3053,81.932,80.6658,81.6798,11033841.0,1.0,0.0
2019-06-03,80.99,81.2481,80.644,80.9593,39515895.0,1.0,0.0
2019-06-04,81.3288,81.5251,81.083,81.1456,19706581.0,1.0,0.0
2019-06-05,80.8869,81.2105,80.7174,80.9542,22152994.0,1.0,0.0
2019-06-06,80.9073,81.0569,80.7037,80.7191,13236470.0,1.0,0.0
2019-06-07,81.1593,81.736,81.0493,81.6105,17188549.0,1.0,0.0
2019-06-10,81.8895,82.0664,80.5229,80.5336,26031065.0,1.0,0.0
2019-06-11,81.8411,82.9102,81.5251,82.6885,39872680.0,1.0,0.0
2019-06-12,83.2351,83.6328,82.5814,82.6976,45432762.0,1.0,0.0
2019-06-13,83.332,84.0098,83.2569,83.8913,30458877.0,1.0,0.0
2019-06-14,83.2674,84.4206,83.1352,84.0238,21498264.0,1.0,0.0
2019-06-17,83.8737,85.5046,83.8521,85.5031,28144204.0,1.0,0.0
2019-06-18,85.6138,85.7677,85.2915,85.5774,32389314.0,1.0,0.0
2019-06-19,84.7339,84.7736,84.3302,84.5057,25117964.0,1.0,0.0
2019-06-20,84.3852,84.6632,84.3245,84.342,22324760.0,1.0,0.0
2019-06-21,85.0551,85.4989,83.3786,83.4192,12337148.0,1.0,0.0
2019-06-24,82.486,82.8519,82.2323,82.7588,19278904.0,1.0,0.0
2019-06-25,82.948,83.2802,82.7948,83.2373,37992192.0,1.0,0.0
2019-06-26,83.4287,83.8018,83.325,83.6282,25108969.0,1.0,0.0
2019-06-27,82.5928,82.6395,82.3382,82.3485,26697066.0,1.0,0.0
2019-06-28,82.817,83.2202,81.6336,81.6626,32429584.0,1.0,0.0
2019-07-01,81.797,81.9333,81.744,81.8377,47999700.0,1.0,0.0
2019-07-02,81.7439,81.8495,80.9101,81.0361,22839317.0,1.0,0.0
2019-07-03,80.9521,81.0017,80.4885,80.542,35976925.0,1.0,0.0
2019-07-05,80.4917,80.7738,79.9723,80.1704,31601764.0,1.0,0.0
2019-07-08,81.7106,82.084,81.1278,81.4461,1188121.0,1.0,0.0
2019-07-09,81.1258,81.4531,80.2458,80.4669,35312630.0,1.0,0.0
2019-07-10,79.4869,80.5977,79.3861,80.3623,15552246.0,1.0,0.0
2019-07-11,79.3582,80.3091,79.3536,79.9559,7803912.0,1.0,0.0
2019-07-12,79.8759,80.5222,79.6971,80.4106,39722838.0,1.0,0.0
2019-07-15,80.0643,80.165,79.1557,79.4256,22935987.0,1.0,0.0
2019-07-16,79.9856,80.1483,79.8745,79.9217,42021111.0,1.0,0.0
2019-07-17,79.7246,79.9502,79.5271,79.5711,28870541.0,1.0,0.0
2019-07-18,79.2016,79.4341,78.7349,78.7806,22463577.0,1.0,0.0
2019-07-19,79.0916,79.1857,78.428,78.789,8942310.0,1.0,0.0
2019-07-22,79.2638,79.3092,78.7671,78.9944,15174445.0,1.0,0.0
2019-07-23,78.91,79.1841,78.7657,78.9617,38336805.0,1.0,0.0
2019-07-24,78.5864,78.5877,77.5872,77.7695,10886347.0,1.0,0.0
2019-07-25,77.6669,78.0399,77.5116,78.026,36996050.0,1.0,0.0
2019-07-26,78.3097,79.5546,78.063,79.2434,24108472.0,1.0,0.0
2019-07-29,79.4175,79.5552,78.1313,78.4708,27849559.0,1.0,0.0
2019-07-30,78.6846,78.7565,78.2206,78.2684,18179320.0,1.0,0.0
2019-07-31,78.1091,78.3377,77.2365,77.4715,9967125.0,1.0,0.0
2019-08-01,77.7753,77.807,77.2955,77.3689,13209781.0,1.0,0.0
2019-08-02,77.2868,78.0945,77.1913,77.9606,38486873.0,1.0,0.0
2019-08-05,77.7108,78.7268,77.4062,78.5118,24791071.0,1.0,0.0
2019-08-06,77.9485,78.9912,77.4861,78.9079,39560048.0,1.0,0.0
2019-08-07,78.2444,78.272,77.4325,77.8961,15031186.0,1.0,0.0
2019-08-08,78.1991,78.8102,78.1218,78.6469,15556562.0,1.0,0.0
2019-08-09,78.4993,79.1021,78.1188,78.9184,27121861.0,1.0,0.0
2019-08-12,78.9687,79.1967,78.7404,78.7603,35192984.0,1.0,0.0
2019-08-13,78.6525,78.7934,78.3279,78.3635,5961061.0,1.0,0.0
2019-08-14,78.8971,79.416,78.6396,79.4106,17287768.0,1.0,0.0
2019-08-15,79.1763,79.9868,79.1467,79.9459,29388275.0,1.0,0.0
2019-08-16,79.5729,79.9682,79.3147,79.807,3523331.0,1.0,0.0
2019-08-19,80.2657,80.3091,79.5958,79.6614,5295226.0,1.0,0.0
2019-08-20,79.5784,80.0685,79.5003,80.0499,21999627.0,1.0,0.0
2019-08-21,80.474,80.5614,79.8959,80.1312,40739826.0,1.0,0.0
2019-08-22,80.2009,80.6259,79.9955,80.0507,2441175.0,1.0,0.0
2019-08-23,80.5161,80.6808,80.4988,80.6182,3633651.0,1.0,0.0
2019-08-26,80.9305,81.068,79.6628,79.888,14012680.0,1.0,0.0
2019-08-27,79.9373,80.0598,79.7042,79.796,25570303.0,1.0,0.0
2019-08-28,79.9556,80.2,79.6557,79.668,3783698.0,1.0,0.0
2019-08-29,79.2634,79.5692,79.1894,79.46,41449289.0,1.0,0.0
2019-08-30,79.4982,79.9258,78.7567,79.1983,30238285.0,1.0,0.0
2019-09-03,79.2331,79.7964,79.0724,79.3529,13210175.0,1.0,0.0
2019-09-04,79.3193,79.4983,78.5844,78.6596,9878688.0,1.0,0.0
2019-09-05,78.2242,78.4477,77.7314,78.0655,44479239.0,1.0,0.0
2019-09-06,78.5709,78.6057,78.3649,78.4442,44260582.0,1.0,0.0
2019-09-09,78.6719,79.2545,78.446,79.1443,30801718.0,1.0,0.0
2019-09-10,79.7856,79.789,79.406,79.4538,11075674.0,1.0,0.0
2019-09-11,79.9368,80.0471,79.5708,79.9773,23897081.0,1.0,0.0
2019-09-12,80.7014,80.8613,80.4502,80.8108,44416922.0,1.0,0.0
2019-09-13,81.171,81.3792,80.9494,80.9669,44111269.0,1.0,0.0
2019-09-16,81.018,81.9866,80.3589,81.6099,27428225.0,1.0,0.0
2019-09-17,81.2349,81.2835,80.3393,80.5433,8407789.0,1.0,0.0
2019-09-18,80.513,80.5611,80.106,80.3027,22598025.0,1.0,0.0
2019-09-19,80.3301,80.4278,79.7562,79.8233,2886286.0,1.0,0.0
2019-09-20,79.7962,80.4984,79.701,80.2011,20011449.0,1.0,0.0
2019-09-23,79.819,80.6226,79.4547,80.469,31368585.0,1.0,0.0
2019-09-24,80.7725,81.4759,80.5852,80.9266,33331069.0,1.0,0.0
2019-09-25,80.8318,81.1925,80.6958,81.1675,13632520.0,1.0,0.0
2019-09-26,81.5915,81.762,81.3327,81.4948,23859645.0,1.0,0.0
2019-09-27,81.1356,81.4583,80.9267,81.0413,2177393.0,1.0,0.0
2019-09-30,81.088,81.413,80.6939,81.2334,28522322.0,1.0,0.0
2019-10-01,81.3612,81.4595,81.0834,81.3927,29560897.0,1.0,0.0
2019-10-02,82.0511,82.8325,81.9024,82.6118,45371620.0,1.0,0.0
2019-10-03,82.854,82.9956,82.6429,82.9354,17976843.0,1.0,0.0
2019-10-04,83.3188,83.4707,82.9915,83.1859,29750604.0,1.0,0.0
2019-10-07,83.5134,84.6406,83.3406,84.6292,39554927.0,1.0,0.0
2019-10-08,84.055,84.5305,83.9903,84.1393,23601248.0,1.0,0.0
2019-10-09,84.2926,84.6104,83.7002,83.723,8995553.0,1.0,0.0
2019-10-10,82.8926,83.6712,82.6977,83.3359,23524549.0,1.0,0.0
2019-10-11,83.2248,84.4109,83.1806,84.1309,6843224.0,1.0,0.0
2019-10-14,84.343,85.0474,84.2672,84.8454,9944743.0,1.0,0.0
2019-10-15,84.7486,84.8621,84.481,84.6025,46158730.0,1.0,0.0
2019-10-16,84.8414,84.9319,84.1654,84.3042,18691278.0,1.0,0.0
2019-10-17,83.7802,84.243,83.4535,84.0443,48036213.0,1.0,0.0
2019-10-18,84.4467,84.5485,83.5089,83.7349,37234575.0,1.0,0.0
2019-10-21,83.6755,84.1395,83.4909,83.9132,44731002.0,1.0,0.0
2019-10-22,83.593,84.0463,82.7706,83.0177,24044258.0,1.0,0.0
2019-10-23,83.1298,83.5761,82.8014,83.2908,33433236.0,1.0,0.0
2019-10-24,83.1917,83.5773,82.2121,82.8788,21506235.0,1.0,0.0
2019-10-25,83.025,83.0881,82.5194,82.5651,3841180.0,1.0,0.0
2019-10-28,82.1939,83.4919,81.9574,83.3162,6959980.0,1.0,0.0
2019-10-29,83.0061,83.0193,81.7879,82.1057,35334890.0,1.0,0.0
2019-10-30,81.7995,82.1283,81.5255,82.0511,36820201.0,1.0,0.0
2019-10-31,81.9947,82.3033,81.8095,81.9578,24212434.0,1.0,0.0
2019-11-01,81.701,81.8055,81.5658,81.6899,32552361.0,1.0,0.0
2019-11-04,82.1307,82.3723,82.0101,82.0778,26394625.0,1.0,0.0
2019-11-05,81.7607,82.119,81.4524,81.8928,4704711.0,1.0,0.0
2019-11-06,81.8819,82.3742,81.478,81.9812,16991207.0,1.0,0.0
2019-11-07,82.1152,82.4463,81.9618,82.3745,42194674.0,1.0,0.0
2019-11-08,82.4427,82.8018,82.0185,82.1472,38742168.0,1.0,0.0
2019-11-11,82.3246,82.629,82.2137,82.3336,7258268.0,1.0,0.0
2019-11-12,82.2622,82.3292,81.9511,82.2621,15119091.0,1.0,0.0
2019-11-13,82.3795,84.0633,82.2528,84.0387,36517967.0,1.0,0.0
2019-11-14,84.2494,84.8448,84.1284,84.6375,8711245.0,1.0,0.0
2019-11-15,84.9038,85.0801,84.8056,84.807,3701995.0,1.0,0.0
2019-11-18,84.9972,85.1055,84.4733,84.6719,34704402.0,1.0,0.0
2019-11-19,84.8984,86.2079,84.7124,86.0492,3147234.0,1.0,0.0
2019-11-20,86.2016,87.0203,86.1615,86.9264,32129732.0,1.0,0.0
2019-11-21,87.2157,87.2903,86.2416,86.382,26474894.0,1.0,0.0
2019-11-22,85.548,85.9514,84.461,84.629,34296510.0,1.0,0.0
2019-11-25,84.6997,85.6597,84.6572,85.5315,40800666.0,1.0,0.0
2019-11-26,85.3648,85.5829,85.0846,85.2053,49623027.0,1.0,0.0
2019-11-27,85.2526,85.9399,85.2296,85.9308,34061944.0,1.0,0.0
2019-11-29,85.9608,86.3629,84.4385,84.7334,46523470.0,1.0,0.0
2019-12-02,85.2181,85.2374,83.9824,83.9973,42324591.0,1.0,0.0
2019-12-03,83.8875,83.9648,83.3446,83.6891,23040275.0,1.0,0.0
2019-12-04,83.0019,83.0246,82.0949,82.1327,45826593.0,1.0,0.0
2019-12-05,82.2388,82.4791,81.0373,81.299,22166976.0,1.0,0.0
2019-12-06,81.2106,81.7032,80.1149,80.1844,18790701.0,1.0,0.0
2019-12-09,80.3078,80.3936,79.704,79.8647,29310120.0,1.0,0.0
2019-12-10,79.0234,80.3976,78.6811,80.268,10302712.0,1.0,0.0
2019-12-11,80.0838,80.3452,79.9149,79.9251,14926857.0,1.0,0.0
2019-12-12,80.2164,80.8054,80.2138,80.7427,1129963.0,1.0,0.0
2019-12-13,81.2963,81.6362,80.5145,80.8313,39311672.0,1.0,0.0
2019-12-16,80.7405,81.0461,80.3365,80.8337,11395203.0,1.0,0.0
2019-12-17,79.5889,79.8665,79.4844,79.6564,39314811.0,1.0,0.0
2019-12-18,79.3233,79.4278,78.9138,79.1134,16774256.0,1.0,0.0
2019-12-19,77.7634,78.1581,77.6987,78.0699,11211478.0,1.0,0.0
2019-12-20,78.4401,78.8026,78.2922,78.6917,1334064.0,1.0,0.0
2019-12-23,77.8633,78.1981,77.2317,77.5277,21252107.0,1.0,0.0
2019-12-24,78.2003,78.8646,78.093,78.7103,48075373.0,1.0,0.0
2019-12-26,76.8295,76.9178,76.1959,76.3528,8510538.0,1.0,0.0
2019-12-27,75.8944,76.3539,75.2423,75.3047,13745538.0,1.0,0.0
2019-12-30,76.3032,77.3649,76.1304,77.2923,37455820.0,1.0,0.0
2019-12-31,77.481,77.7822,76.2703,76.4548,42896152.0,1.0,0.0
2020-01-02,76.3286,77.3426,76.2582,77.1911,36445539.0,1.0,0.0
2020-01-03,77.1156,77.3197,76.6995,76.8029,46840380.0,1.0,0.0
2020-01-06,76.4121,76.6355,75.5254,75.6797,13909598.0,1.0,0.0
2020-01-07,74.986,75.9891,74.7335,75.869,34476138.0,1.0,0.0
2020-01-08,76.5858,76.7838,76.461,76.7758,7640490.0,1.0,0.0
2020-01-09,77.0878,77.2094,76.9863,77.0222,11109780.0,1.0,0.0
2020-01-10,77.0282,78.5585,77.021,77.9547,14683647.0,1.0,0.0
2020-01-13,78.5336,78.9356,78.403,78.6205,19047642.0,1.0,0.0
2020-01-14,78.2828,78.8618,78.1503,78.3349,29672941.0,1.0,0.0
2020-01-15,78.7872,79.4073,78.7354,79.3178,45974232.0,1.0,0.0
2020-01-16,79.3175,79.3185,79.159,79.2604,10685781.0,1.0,0.0
2020-01-17,78.8686,79.8748,78.6327,79.7608,40198941.0,1.0,0.0
2020-01-21,79.9236,80.1104,79.2761,79.499,35893733.0,1.0,0.0
2020-01-22,78.9529,80.4388,78.8205,80.0238,44297120.0,1.0,0.0
2020-01-23,79.4094,80.6402,79.2318,80.3576,46436359.0,1.0,0.0
2020-01-24,78.2761,78.3045,77.7707,77.8353,45440484.0,1.0,0.0
2020-01-27,75.7499,76.6075,75.7304,76.5451,20648215.0,1.0,0.0
2020-01-28,76.2237,76.4986,76.0866,76.1905,21195168.0,1.0,0.0
2020-01-29,76.5798,76.6481,76.0724,76.1865,14124800.0,1.0,0.0
2020-01-30,75.7379,75.868,75.2964,75.3915,1775234.0,1.0,0.0
2020-01-31,74.8231,76.1739,74.8175,75.9255,19170124.0,1.0,0.0
2020-02-03,76.0688,76.1737,75.4216,75.4767,10899863.0,1.0,0.0
2020-02-04,74.6941,74.7679,73.5125,73.5457,26369508.0,1.0,0.0
2020-02-05,73.7479,74.4408,73.6147,74.0995,9355122.0,1.0,0.0
2020-02-06,74.3594,74.6061,73.6828,73.7294,24975831.0,1.0,0.0
2020-02-07,73.8145,73.8904,73.107,73.2103,12324224.0,1.0,0.0
2020-02-10,73.8111,74.3535,73.5015,74.2265,35392711.0,1.0,0.0
2020-02-11,73.7511,73.7663,72.6581,72.9006,1416336.0,1.0,0.0
2020-02-12,72.3396,72.7195,72.1405,72.6119,15269338.0,1.0,0.0
2020-02-13,72.6549,72.8317,72.1626,72.2464,11092109.0,1.0,0.0
2020-02-14,72.8226,73.0477,72.5338,72.671,37771243.0,1.0,0.0
2020-02-18,72.4392,72.4539,72.0656,72.0761,32300547.0,1.0,0.0
2020-02-19,72.1635,73.1673,71.9829,73.0272,34943032.0,1.0,0.0
2020-02-20,73.5407,73.6872,73.2084,73.3684,4439031.0,1.0,0.0
2020-02-21,72.4043,72.6789,72.1152,72.6581,36148793.0,1.0,0.0
2020-02-24,72.2064,72.2658,71.4617,71.5317,12099800.0,1.0,0.0
2020-02-25,71.9025,72.214,71.7834,72.0263,13847144.0,1.0,0.0
2020-02-26,72.0615,72.1877,71.9981,72.1641,3463469.0,1.0,0.0
2020-02-27,72.1903,72.6773,71.9668,72.3411,30794619.0,1.0,0.0
2020-02-28,71.6532,72.0757,71.3747,72.0134,19496400.0,1.0,0.0
2020-03-02,72.8622,73.9331,72.6395,73.7754,32961034.0,1.0,0.0
2020-03-03,73.2846,73.6821,72.7662,72.8219,18713625.0,1.0,0.0
2020-03-04,72.838,73.2917,72.5602,73.0481,31858887.0,1.0,0.0
2020-03-05,73.5152,74.0288,73.3678,73.7624,32244778.0,1.0,0.0
2020-03-06,73.2851,74.185,72.9734,73.9923,35764945.0,1.0,0.0
2020-03-09,73.6739,73.9141,72.5045,72.7381,26194387.0,1.0,0.0
2020-03-10,72.7054,73.1173,72.6623,72.9757,29974374.0,1.0,0.0
2020-03-11,73.0955,73.1957,72.6542,72.8514,17200025.0,1.0,0.0
2020-03-12,71.7783,71.9833,71.4631,71.7195,41183709.0,1.0,0.0
2020-03-13,71.5244,71.5569,71.4369,71.5047,27480929.0,1.0,0.0
2020-03-16,70.0431,71.1485,69.998,71.1089,38632099.0,1.0,0.0
2020-03-17,71.3304,71.589,70.7309,71.0397,1713471.0,1.0,0.0
2020-03-18,71.4806,71.6244,71.4339,71.605,2026760.0,1.0,0.0
2020-03-19,71.9449,72.4875,71.539,72.4431,6435355.0,1.0,0.0
2020-03-20,72.2802,72.6317,71.4091,71.4741,25750254.0,1.0,0.0
2020-03-23,72.2982,73.0861,72.2954,72.899,26681976.0,1.0,0.0
2020-03-24,74.2416,75.1288,73.8031,74.8034,46510828.0,1.0,0.0
2020-03-25,74.3464,74.4681,73.7179,73.9519,7901539.0,1.0,0.0
2020-03-26,73.7843,74.3574,72.9037,73.0345,43314589.0,1.0,0.0
2020-03-27,73.7907,74.3569,73.6025,74.1356,19536175.0,1.0,0.0
2020-03-30,73.7979,73.8137,73.3565,73.6416,20061494.0,1.0,0.0
2020-03-31,73.9305,74.0203,72.9584,72.9762,16846168.0,1.0,0.0
2020-04-01,72.8941,72.9098,72.3975,72.5526,14163776.0,1.0,0.0
2020-04-02,72.8207,73.379,72.7284,73.1109,44862112.0,1.0,0.0
2020-04-03,73.1912,74.23,72.8879,73.877,11055836.0,1.0,0.0
2020-04-06,73.3,74.2556,73.2674,73.9573,47521184.0,1.0,0.0
2020-04-07,73.9497,74.1037,73.2985,73.4468,28447227.0,1.0,0.0
2020-04-08,72.2255,72.2613,70.7091,71.2539,35233616.0,1.0,0.0
2020-04-09,70.9795,71.1269,70.8295,71.0006,46679436.0,1.0,0.0
2020-04-13,71.605,72.2949,71.5838,72.0061,37788515.0,1.0,0.0
2020-04-14,72.3013,73.1591,71.9839,72.8421,49481486.0,1.0,0.0
2020-04-15,71.8642,72.4001,70.0637,70.3238,43020648.0,1.0,0.0
2020-04-16,70.3638,70.5693,70.2731,70.5281,4646069.0,1.0,0.0
2020-04-17,70.5684,71.0787,70.1917,71.0675,30175650.0,1.0,0.0
2020-04-20,70.4024,70.5678,70.3634,70.4507,29459701.0,1.0,0.0
2020-04-21,70.6403,71.2236,70.4796,70.7555,24591525.0,1.0,0.0
2020-04-22,70.7564,71.0553,70.6297,70.8471,29885616.0,1.0,0.0
2020-04-23,70.87,71.6826,70.7356,71.5187,42519067.0,1.0,0.0
2020-04-24,70.9886,71.2506,70.8958,71.2206,37402356.0,1.0,0.0
2020-04-27,71.3762,71.5141,71.2544,71.5,47108686.0,1.0,0.0
2020-04-28,71.6782,71.798,71.0491,71.1832,43446052.0,1.0,0.0
2020-04-29,70.8208,71.9417,70.7081,71.7053,15952074.0,1.0,0.0
2020-04-30,70.8704,71.1765,70.8453,71.1259,30550984.0,1.0,0.0
2020-05-01,71.0409,71.1574,70.4857,70.7212,32576965.0,1.0,0.0
2020-05-04,70.3769,70.8999,70.2482,70.7892,31136358.0,1.0,0.0
2020-05-05,70.585,70.6043,70.1123,70.1355,46291066.0,1.0,0.0
2020-05-06,70.3823,71.1496,70.1754,71.068,22068884.0,1.0,0.0
2020-05-07,70.9165,72.3915,70.697,72.3739,1151584.0,1.0,0.0
2020-05-08,72.4712,72.5003,72.1017,72.3561,17287492.0,1.0,0.0
2020-05-11,73.0797,74.3989,72.7902,74.1665,13721437.0,1.0,0.0
2020-05-12,73.8893,74.9672,73.8558,74.9257,4184089.0,1.0,0.0
2020-05-13,75.3515,76.1982,75.2827,75.8763,8790157.0,1.0,0.0
2020-05-14,76.5468,76.8662,76.4661,76.814,8973825.0,1.0,0.0
2020-05-15,76.4037,76.8937,75.9541,76.2897,7222664.0,1.0,0.0
2020-05-18,75.6517,76.0065,75.3306,75.6968,4947162.0,1.0,0.0
2020-05-19,75.984,76.0518,75.6899,75.7335,37073612.0,1.0,0.0
2020-05-20,75.7272,76.0105,74.7793,75.2717,6980935.0,1.0,0.0
2020-05-21,75.8433,75.9201,75.2013,75.4827,7836869.0,1.0,0.0
2020-05-22,75.7315,75.8609,74.7711,74.8533,44457504.0,1.0,0.0
2020-05-26,74.8546,75.0543,73.9118,74.2892,31363090.0,1.0,0.0
2020-05-27,74.1608,74.5308,73.673,73.6774,37846503.0,1.0,0.0
2020-05-28,73.6203,74.0648,73.4304,73.8912,3876289.0,1.0,0.0
2020-05-29,72.8507,73.1924,72.8083,73.1091,30529584.0,1.0,0.0
2020-06-01,72.9437,73.2644,72.8794,73.156,8790707.0,1.0,0.0
2020-06-02,72.9532,73.0693,72.8182,72.8817,11337532.0,1.0,0.0
2020-06-03,72.7498,72.9244,72.0483,72.1462,29470784.0,1.0,0.0
2020-06-04,71.8361,72.1117,71.7908,71.9781,48299061.0,1.0,0.0
2020-06-05,72.0313,72.2016,71.7772,71.8405,48614739.0,1.0,0.0
2020-06-08,71.7048,71.9214,71.2075,71.4565,9091949.0,1.0,0.0
2020-06-09,71.2052,71.3233,69.6132,69.6676,7694937.0,1.0,0.0
2020-06-10,69.8283,69.9795,68.833,69.1251,48965659.0,1.0,0.0
2020-06-11,69.5228,70.0271,69.37,69.9202,5231468.0,1.0,0.0
2020-06-12,70.0927,70.3647,69.9875,70.2243,33198797.0,1.0,0.0
2020-06-15,69.6141,70.2111,69.5679,70.0742,13951927.0,1.0,0.0
2020-06-16,69.9534,70.0003,69.2948,69.5375,5015015.0,1.0,0.0
2020-06-17,69.4468,69.597,69.4151,69.5265,29664018.0,1.0,0.0
2020-06-18,70.4316,71.2068,70.3639,70.8578,20231667.0,1.0,0.0
2020-06-19,70.3919,70.4707,70.0601,70.2488,46177955.0,1.0,0.0
2020-06-22,70.4709,70.9784,70.2597,70.768,17577059.0,1.0,0.0
2020-06-23,69.7733,69.937,68.7812,68.9092,25993459.0,1.0,0.0
2020-06-24,69.6607,70.3672,69.4928,70.0981,26683549.0,1.0,0.0
2020-06-25,69.7199,69.8396,69.2309,69.5689,11961972.0,1.0,0.0
2020-06-26,69.7732,70.7347,69.545,70.5397,27265244.0,1.0,0.0
2020-06-29,69.8765,70.3241,69.76,70.1361,6543589.0,1.0,0.0
2020-06-30,69.9828,70.0982,69.6368,69.6582,45712952.0,1.0,0.0
2020-07-01,69.4676,69.5621,69.282,69.4748,33872491.0,1.0,0.0
2020-07-02,69.6116,69.689,69.3412,69.5597,36766509.0,1.0,0.0
2020-07-06,69.2721,69.975,69.159,69.8335,49039368.0,1.0,0.0
2020-07-07,69.3517,70.1148,69.2558,69.8169,16353370.0,1.0,0.0
2020-07-08,69.8815,71.6585,69.8127,71.3418,9503120.0,1.0,0.0
2020-07-09,71.0265,71.1006,70.08,70.1983,33216179.0,1.0,0.0
2020-07-10,70.2594,70.4286,68.9964,69.0533,23743346.0,1.0,0.0
2020-07-13,68.4212,68.6337,68.0317,68.1256,2036639.0,1.0,0.0
2020-07-14,68.1035,69.8831,67.9552,69.7225,13814871.0,1.0,0.0
2020-07-15,69.5884,69.6666,68.7828,69.0782,22425144.0,1.0,0.0
2020-07-16,69.4764,70.0087,69.0893,69.1949,39852652.0,1.0,0.0
2020-07-17,68.0917,68.3362,67.1421,67.4191,27376757.0,1.0,0.0
2020-07-20,67.6642,67.7892,66.7518,67.1581,31520394.0,1.0,0.0
2020-07-21,67.0284,67.5715,67.0101,67.1011,22563559.0,1.0,0.0
2020-07-22,67.1946,67.2291,65.895,66.0037,12976042.0,1.0,0.0
2020-07-23,66.2983,67.1524,66.2336,67.1212,16963491.0,1.0,0.0
2020-07-24,67.0172,67.203,65.9214,65.9504,49779878.0,1.0,0.0
2020-07-27,65.573,65.8425,65.4836,65.6911,27021871.0,1.0,0.0
2020-07-28,65.5757,65.6123,64.8788,64.9482,25322998.0,1.0,0.0
2020-07-29,64.7906,64.9601,63.6137,63.648,7630753.0,1.0,0.0
2020-07-30,63.7998,63.8253,63.4312,63.4697,34116031.0,1.0,0.0
2020-07-31,63.2751,64.2217,63.0502,63.8411,34315569.0,1.0,0.0
2020-08-03,64.2018,65.0469,63.972,64.9863,46710856.0,1.0,0.0
2020-08-04,64.9085,65.4556,64.8069,65.0535,20996177.0,1.0,0.0
2020-08-05,65.5081,65.6911,65.4879,65.6204,37772693.0,1.0,0.0
2020-08-06,65.6097,65.6519,64.7127,64.8399,47424153.0,1.0,0.0
2020-08-07,65.2797,65.805,65.2375,65.7225,45628663.0,1.0,0.0
2020-08-10,65.6573,65.8225,65.2015,65.3143,33696481.0,1.0,0.0
2020-08-11,65.2865,65.352,65.0813,65.1161,10620844.0,1.0,0.0
2020-08-12,65.4436,66.1406,65.0859,65.9446,49563318.0,1.0,0.0
2020-08-13,66.0607,66.5408,65.8975,66.5281,37862364.0,1.0,0.0
2020-08-14,66.4681,66.6498,66.1579,66.239,13987523.0,1.0,0.0
2020-08-17,65.9595,66.0861,64.9754,65.1963,19440380.0,1.0,0.0
2020-08-18,65.2247,65.7841,65.1387,65.6565,35643937.0,1.0,0.0
2020-08-19,65.8055,66.1836,65.7672,65.8753,13905225.0,1.0,0.0
2020-08-20,66.0809,66.5909,65.7767,65.797,26231795.0,1.0,0.0
2020-08-21,65.7805,65.814,65.4411,65.6883,26726380.0,1.0,0.0
2020-08-24,65.2927,65.6202,64.6713,64.9733,29235793.0,1.0,0.0
2020-08-25,64.747,64.8041,63.8154,63.8674,18673889.0,1.0,0.0
2020-08-26,64.0105,64.1927,63.8001,63.934,2804303.0,1.0,0.0
2020-08-27,63.8519,64.3398,63.7426,64.2999,22335442.0,1.0,0.0
2020-08-28,64.3112,64.3902,64.2062,64.2241,33982246.0,1.0,0.0
2020-08-31,64.4017,64.5652,64.067,64.1072,47173825.0,1.0,0.0
2020-09-01,64.6561,65.4378,64.5925,65.3624,6524169.0,1.0,0.0
2020-09-02,65.4735,65.5002,65.1224,65.1961,1968442.0,1.0,0.0
2020-09-03,65.1711,65.4629,64.6806,64.8473,16982058.0,1.0,0.0
2020-09-04,64.75,65.0524,64.2015,64.4594,49416632.0,1.0,0.0
2020-09-08,64.3551,64.7953,64.3043,64.6628,37214691.0,1.0,0.0
2020-09-09,64.2083,64.9282,64.177,64.7734,32460612.0,1.0,0.0
2020-09-10,64.7643,64.773,64.6082,64.6844,13304713.0,1.0,0.0
2020-09-11,64.5192,64.5745,64.1384,64.2271,44301943.0,1.0,0.0
2020-09-14,64.4089,64.6882,64.2972,64.5601,30137285.0,1.0,0.0
2020-09-15,65.3018,65.5299,65.0868,65.3771,17861513.0,1.0,0.0
2020-09-16,65.3595,65.4071,64.992,65.0986,1883675.0,1.0,0.0
2020-09-17,65.7135,65.7749,65.6868,65.718,9025009.0,1.0,0.0
2020-09-18,65.2297,65.6439,65.2169,65.5506,45084288.0,1.0,0.0
2020-09-21,65.2085,66.4188,64.9572,66.3604,7187254.0,1.0,0.0
2020-09-22,65.7856,66.0217,65.1911,65.3924,27044012.0,1.0,0.0
2020-09-23,65.4124,65.7884,65.2806,65.5972,21082841.0,1.0,0.0
2020-09-24,66.5684,67.1053,66.5338,66.8149,11532234.0,1.0,0.0
2020-09-25,66.9202,66.996,66.8314,66.9891,19738939.0,1.0,0.0
2020-09-28,67.1287,67.1376,66.7187,66.9126,47644198.0,1.0,0.0
2020-09-29,66.7432,67.6945,66.6231,67.4681,31599851.0,1.0,0.0
2020-09-30,67.6908,67.891,67.1122,67.2083,35907040.0,1.0,0.0
2020-10-01,67.1933,67.3662,66.5688,66.7438,33606401.0,1.0,0.0
2020-10-02,66.8086,66.8826,66.4946,66.6257,29086661.0,1.0,0.0
2020-10-05,66.5033,66.8624,66.4247,66.797,24230174.0,1.0,0.0
2020-10-06,66.9129,67.073,66.0645,66.2191,37390503.0,1.0,0.0
2020-10-07,66.6009,66.7088,66.0165,66.0463,26936149.0,1.0,0.0
2020-10-08,65.9227,66.1456,64.8253,65.1316,3886887.0,1.0,0.0
2020-10-09,65.2394,65.3909,64.971,65.0428,44921218.0,1.0,0.0
2020-10-12,65.5344,65.6806,65.0989,65.323,29910069.0,1.0,0.0
2020-10-13,65.9576,66.0983,65.6016,65.7308,29509205.0,1.0,0.0
2020-10-14,65.9057,66.1821,65.0154,65.2675,37910256.0,1.0,0.0
2020-10-15,65.4234,65.5053,64.8823,65.0332,10743585.0,1.0,0.0
2020-10-16,64.3859,64.6892,64.2571,64.4847,30118724.0,1.0,0.0
2020-10-19,64.8833,65.1885,64.5793,65.1237,10044426.0,1.0,0.0
2020-10-20,65.4838,66.2226,65.2939,66.1072,26252098.0,1.0,0.0
2020-10-21,65.8655,66.2018,65.3203,65.4911,6717307.0,1.0,0.0
2020-10-22,65.9403,66.1547,65.7582,65.7776,23218785.0,1.0,0.0
2020-10-23,65.8601,66.7155,65.5857,66.7086,40067247.0,1.0,0.0
2020-10-26,66.4907,67.0179,66.4765,66.8982,14803064.0,1.0,0.0
2020-10-27,66.7323,67.3656,66.6721,67.3566,47143263.0,1.0,0.0
2020-10-28,67.7507,68.4064,67.6181,68.3804,2052848.0,1.0,0.0
2020-10-29,68.267,68.6522,68.0514,68.389,39892815.0,1.0,0.0
2020-10-30,68.4694,68.5475,68.1872,68.4363,47553236.0,1.0,0.0
2020-11-02,68.5406,68.7598,67.9919,68.113,20010484.0,1.0,0.0
2020-11-03,68.3714,68.4075,67.149,67.3238,46651920.0,1.0,0.0
2020-11-04,66.9772,67.0144,66.9343,66.9586,41650981.0,1.0,0.0
2020-11-05,66.8428,66.8733,66.022,66.0482,19247196.0,1.0,0.0
2020-11-06,65.3929,65.6971,64.8556,65.1673,12433517.0,1.0,0.0
2020-11-09,64.5862,64.5874,64.3082,64.3277,7886562.0,1.0,0.0
2020-11-10,64.9687,65.0691,64.1433,64.237,40290645.0,1.0,0.0
2020-11-11,64.003,64.2984,63.7735,64.1238,48266685.0,1.0,0.0
2020-11-12,64.3377,64.7893,64.2163,64.6326,49451979.0,1.0,0.0
2020-11-13,64.7444,65.323,64.6246,65.2446,16033204.0,1.0,0.0
2020-11-16,65.0591,65.4839,64.8928,64.9802,1290342.0,1.0,0.0
2020-11-17,64.6032,64.9224,64.5513,64.8382,18099336.0,1.0,0.0
2020-11-18,65.0989,65.1241,63.883,64.2039,41348329.0,1.0,0.0
2020-11-19,64.1967,64.4026,63.8279,64.0495,40953913.0,1.0,0.0
2020-11-20,64.5128,64.7138,64.4188,64.5147,10930081.0,1.0,0.0
2020-11-23,64.5985,64.9292,64.5147,64.9098,40593455.0,1.0,0.0
2020-11-24,64.6017,65.3032,64.5725,65.2532,20793460.0,1.0,0.0
2020-11-25,65.3335,65.806,65.1043,65.7578,6373036.0,1.0,0.0
2020-11-27,65.7523,65.9591,65.67,65.8601,32134041.0,1.0,0.0
2020-11-30,65.4707,65.6042,65.3995,65.5873,4712336.0,1.0,0.0
2020-12-01,66.1541,66.1779,66.0611,66.1742,44544950.0,1.0,0.0
2020-12-02,66.1579,66.1953,65.7423,65.7427,45623305.0,1.0,0.0
2020-12-03,65.7824,65.9148,65.0741,65.186,9252578.0,1.0,0.0
2020-12-04,65.3318,65.4238,65.1661,65.4141,12577570.0,1.0,0.0
2020-12-07,67.1113,67.1977,67.0362,67.0533,49617545.0,1.0,0.0
2020-12-08,66.1466,66.7566,66.0355,66.6661,28281181.0,1.0,0.0
2020-12-09,66.6794,66.7174,65.8442,65.9224,29892798.0,1.0,0.0
2020-12-10,65.1816,65.3204,65.1293,65.1505,34032817.0,1.0,0.0
2020-12-11,64.2072,64.8413,64.1789,64.7784,43108686.0,1.0,0.0
2020-12-14,65.2264,65.5195,65.0932,65.3035,46008335.0,1.0,0.0
2020-12-15,65.1509,65.4456,64.6756,64.7879,10134432.0,1.0,0.0
2020-12-16,64.5929,64.6802,63.8935,64.0625,34984295.0,1.0,0.0
2020-12-17,64.8776,64.9943,64.6006,64.7044,28468663.0,1.0,0.0
2020-12-18,65.1662,65.8401,65.1315,65.6222,20032744.0,1.0,0.0
2020-12-21,65.6234,65.6817,65.3042,65.4824,2720963.0,1.0,0.0
2020-12-22,64.4307,64.741,64.0925,64.195,23139376.0,1.0,0.0
2020-12-23,64.5091,64.6067,63.846,63.9897,10185403.0,1.0,0.0
2020-12-24,64.0897,64.3106,63.9799,64.1256,44791162.0,1.0,0.0
2020-12-28,64.2059,64.2915,63.9928,64.0758,23717447.0,1.0,0.0
2020-12-29,63.765,64.4132,63.73,64.0615,35387630.0,1.0,0.0
2020-12-30,64.2359,64.3973,63.3793,63.6233,13127876.0,1.0,0.0
2020-12-31,63.5539,63.895,63.5224,63.8757,19612681.0,1.0,0.0
2021-01-04,63.6832,63.9845,63.62,63.8313,21653341.0,1.0,0.0
2021-01-05,63.7995,63.8945,63.3121,63.4531,9253190.0,1.0,0.0
2021-01-06,62.8941,63.3834,62.8303,63.3816,25126579.0,1.0,0.0
2021-01-07,63.3928,63.4835,63.0509,63.3193,2745641.0,1.0,0.0
2021-01-08,63.4979,64.3589,63.4912,64.3399,39721408.0,1.0,0.0
2021-01-11,63.6798,63.7421,63.5668,63.6937,40675021.0,1.0,0.0
2021-01-12,63.2911,63.9127,63.0352,63.8627,29137218.0,1.0,0.0
2021-01-13,64.0204,64.0938,63.608,63.6168,43910813.0,1.0,0.0
2021-01-14,63.6673,63.7287,63.3575,63.5804,22565817.0,1.0,0.0
2021-01-15,63.1514,64.3806,62.9945,64.1818,48703894.0,1.0,0.0
2021-01-19,64.2754,64.62,64.2489,64.5133,10991955.0,1.0,0.0
2021-01-20,64.4702,64.9014,64.3334,64.8039,7552928.0,1.0,0.0
2021-01-21,64.5185,64.5422,63.6154,63.7214,18559575.0,1.0,0.0
2021-01-22,63.0186,63.2409,62.3464,62.7552,37121393.0,1.0,0.0
2021-01-25,62.817,63.589,62.6577,63.4255,23098262.0,1.0,0.0
2021-01-26,63.5012,64.0207,63.4334,63.986,9900072.0,1.0,0.0
2021-01-27,64.5472,64.5977,64.529,64.5754,26243052.0,1.0,0.0
2021-01-28,65.0109,65.5162,64.9245,65.3792,22491195.0,1.0,0.0
2021-01-29,64.9263,65.2757,64.811,65.2265,29660204.0,1.0,0.0
2021-02-01,65.0315,65.1309,64.2386,64.6192,16336736.0,1.0,0.0
2021-02-02,64.8269,64.8306,64.5792,64.6816,12564450.0,1.0,0.0
2021-02-03,64.7316,64.8569,64.6236,64.7106,4552474.0,1.0,0.0
2021-02-04,64.3479,64.6999,63.765,63.7713,35935066.0,1.0,0.0
2021-02-05,64.1768,64.2523,64.1217,64.2119,19636923.0,1.0,0.0
2021-02-08,63.454,64.0796,63.3702,63.9287,19468447.0,1.0,0.0
2021-02-09,64.4323,65.129,64.3893,65.0132,19928715.0,1.0,0.0
2021-02-10,64.6716,64.9829,63.7754,63.8171,46294647.0,1.0,0.0
2021-02-11,63.337,63.5742,63.2231,63.4991,47245678.0,1.0,0.0
2021-02-12,63.0429,63.3375,62.7081,63.1412,18261806.0,1.0,0.0
2021-02-16,62.7663,63.1513,62.7607,62.8712,4865599.0,1.0,0.0
2021-02-17,62.7227,63.0601,62.5794,62.9484,30859411.0,1.0,0.0
2021-02-18,62.4702,62.5699,62.2724,62.3117,49665856.0,1.0,0.0
2021-02-19,62.5735,62.8605,62.3091,62.66,10597626.0,1.0,0.0
2021-02-22,62.5036,62.9101,62.1898,62.6424,41683891.0,1.0,0.0
2021-02-23,62.4896,62.7947,62.2598,62.2655,45308535.0,1.0,0.0
2021-02-24,62.3825,62.7053,61.4458,61.5896,25524052.0,1.0,0.0
2021-02-25,62.3955,62.5861,62.2966,62.5013,33831785.0,1.0,0.0
2021-02-26,62.0567,62.8521,61.6383,62.6675,22575632.0,1.0,0.0
2021-03-01,62.3987,63.0986,62.3943,62.9489,39108854.0,1.0,0.0
2021-03-02,62.7584,64.0097,62.5826,63.8493,13077851.0,1.0,0.0
2021-03-03,64.1753,64.2247,64.0348,64.1468,16803353.0,1.0,0.0
2021-03-04,64.212,64.2333,64.158,64.2101,37831158.0,1.0,0.0
2021-03-05,64.3693,65.1498,64.2496,64.6732,20734435.0,1.0,0.0
2021-03-08,63.8811,64.19,63.6685,64.0082,30855816.0,1.0,0.0
2021-03-09,64.5102,64.6293,63.8872,64.2151,26062100.0,1.0,0.0
2021-03-10,63.9851,64.2359,63.8323,64.1857,47502553.0,1.0,0.0
2021-03-11,63.6567,63.6629,62.4539,62.4802,33435415.0,1.0,0.0
2021-03-12,62.0257,62.0448,61.8373,61.9194,36423863.0,1.0,0.0
2021-03-15,62.3999,63.2354,62.2912,62.8948,15138216.0,1.0,0.0
2021-03-16,63.3454,63.4684,63.0043,63.1415,46822032.0,1.0,0.0
2021-03-17,63.1949,64.4495,63.1012,64.2355,38171569.0,1.0,0.0
2021-03-18,64.3783,64.3943,64.1492,64.3011,13183641.0,1.0,0.0
2021-03-19,63.7872,63.8987,63.7547,63.7957,16876598.0,1.0,0.0
2021-03-22,64.6912,64.972,64.6551,64.7925,10209154.0,1.0,0.0
2021-03-23,64.2733,64.4434,64.0077,64.0759,35113965.0,1.0,0.0
2021-03-24,64.0601,65.0364,63.9612,64.9343,15865602.0,1.0,0.0
2021-03-25,64.7772,64.8999,64.6997,64.8781,44137543.0,1.0,0.0
2021-03-26,64.2904,64.4299,64.0214,64.1737,23790191.0,1.0,0.0
2021-03-29,63.903,64.0455,63.2553,63.2982,35902384.0,1.0,0.0
2021-03-30,64.308,65.1634,64.2377,65.0726,39389818.0,1.0,0.0
2021-03-31,66.3432,66.9171,66.281,66.6961,1385905.0,1.0,0.0
2021-04-01,66.6062,67.49,66.5794,67.1762,1977796.0,1.0,0.0
2021-04-05,67.5181,67.8453,67.394,67.5438,39862985.0,1.0,0.0
2021-04-06,68.0885,68.4128,67.7701,68.319,40284133.0,1.0,0.0
2021-04-07,68.8971,69.0481,68.2944,68.3934,38272178.0,1.0,0.0
2021-04-08,68.7008,69.3359,68.682,69.1926,45953054.0,1.0,0.0
2021-04-09,69.439,69.5519,69.3384,69.533,30780821.0,1.0,0.0
2021-04-12,71.3625,71.9516,71.3162,71.6771,47558051.0,1.0,0.0
2021-04-13,72.0081,72.2166,70.9634,71.1193,2951165.0,1.0,0.0
2021-04-14,71.249,71.333,71.0347,71.2724,48441411.0,1.0,0.0
2021-04-15,71.3493,71.4729,71.1693,71.472,17673533.0,1.0,0.0
2021-04-16,71.8944,72.6791,71.8934,72.342,24226783.0,1.0,0.0
2021-04-19,72.6349,72.954,72.4453,72.8972,46487591.0,1.0,0.0
2021-04-20,72.7297,72.7903,72.2212,72.3156,25379044.0,1.0,0.0
2021-04-21,72.4945,72.9546,72.4045,72.8119,48835561.0,1.0,0.0
2021-04-22,73.5761,73.6835,73.2291,73.2596,33021347.0,1.0,0.0
2021-04-23,73.5386,73.9889,73.4675,73.7869,39595225.0,1.0,0.0
2021-04-26,73.1519,73.3754,72.078,72.1916,27642149.0,1.0,0.0
2021-04-27,72.5602,72.9211,72.3486,72.8555,17223459.0,1.0,0.0
2021-04-28,73.1018,73.1092,71.8709,72.198,1017613.0,1.0,0.0
2021-04-29,72.6631,72.7078,72.0218,72.0456,4804385.0,1.0,0.0
2021-04-30,71.1902,71.2266,71.0104,71.0501,46329248.0,1.0,0.0
2021-05-03,68.6547,68.8681,68.4491,68.8529,5255264.0,1.0,0.0
2021-05-04,67.6,67.6968,67.3991,67.688,11051982.0,1.0,0.0
2021-05-05,67.6411,67.8945,67.1364,67.2152,36949490.0,1.0,0.0
2021-05-06,67.0634,67.3984,66.8641,67.1186,41401599.0,1.0,0.0
2021-05-07,67.1288,67.4224,66.2618,66.6115,44357732.0,1.0,0.0
2021-05-10,67.8076,69.0468,67.3932,68.7612,24467144.0,1.0,0.0
2021-05-11,68.4727,69.0654,68.2219,68.7643,46232976.0,1.0,0.0
2021-05-12,70.2802,71.0036,70.1585,70.958,18422405.0,1.0,0.0
2021-05-13,70.3418,71.0246,70.1375,70.6976,8134779.0,1.0,0.0
2021-05-14,70.4585,70.4646,70.0868,70.2203,13175676.0,1.0,0.0
2021-05-17,71.1548,71.4579,70.5595,70.8746,22115601.0,1.0,0.0
2021-05-18,71.7577,71.8821,71.4102,71.8009,30646465.0,1.0,0.0
2021-05-19,71.4108,71.4655,70.731,70.7334,37659849.0,1.0,0.0
2021-05-20,70.5834,70.5834,70.2343,70.3346,25910528.0,1.0,0.0
2021-05-21,70.258,70.3042,69.7384,70.1829,22012997.0,1.0,0.0
2021-05-24,69.0261,69.2683,68.8682,68.9326,9465234.0,1.0,0.0
2021-05-25,69.9604,70.3632,69.9398,70.2209,24858049.0,1.0,0.0
2021-05-26,71.5121,71.8174,70.9062,70.9268,30180414.0,1.0,0.0
2021-05-27,70.1239,70.3105,69.7977,69.9703,45733701.0,1.0,0.0
2021-05-28,70.2503,70.5772,70.1179,70.4044,19914213.0,1.0,0.0
2021-06-01,70.101,70.5064,69.9554,70.4459,43373821.0,1.0,0.0
2021-06-02,70.4768,70.7804,70.1961,70.2078,32737619.0,1.0,0.0
2021-06-03,69.1989,70.1776,69.138,69.9082,46443488.0,1.0,0.0
2021-06-04,69.6818,70.0988,69.5327,70.0903,8235572.0,1.0,0.0
2021-06-07,70.5335,71.3206,70.4697,71.1778,13443342.0,1.0,0.0
2021-06-08,71.2343,71.4585,70.1398,70.2337,8027913.0,1.0,0.0
2021-06-09,69.9552,70.1661,69.9371,70.0551,20503879.0,1.0,0.0
2021-06-10,69.6915,69.7311,69.4125,69.4174,8278983.0,1.0,0.0
2021-06-11,70.1487,70.1804,69.7665,69.9408,29416776.0,1.0,0.0
2021-06-14,70.6641,70.7734,70.2803,70.4319,3009059.0,1.0,0.0
2021-06-15,71.1041,72.0472,70.5426,71.7286,5372935.0,1.0,0.0
2021-06-16,71.5956,72.9021,71.3414,72.7701,25078610.0,1.0,0.0
2021-06-17,73.8867,73.9884,73.4971,73.4976,35254225.0,1.0,0.0
2021-06-18,74.1391,74.4131,73.7668,74.3644,22286614.0,1.0,0.0
2021-06-21,73.6793,73.8098,73.2007,73.5422,27205775.0,1.0,0.0
2021-06-22,73.0173,73.0306,72.7263,72.9077,34245568.0,1.0,0.0
2021-06-23,71.9187,72.1078,71.4045,71.6354,39059369.0,1.0,0.0
2021-06-24,71.658,71.7459,71.4593,71.5741,12600169.0,1.0,0.0
2021-06-25,73.7048,74.1607,73.6321,73.9485,44376181.0,1.0,0.0
2021-06-28,73.1833,73.4875,73.0226,73.3813,37359356.0,1.0,0.0
2021-06-29,72.1861,72.7006,72.0066,72.618,5001794.0,1.0,0.0
2021-06-30,73.3798,73.9135,72.99,73.5164,12582060.0,1.0,0.0
2021-07-01,73.4737,73.8043,73.4093,73.7259,7434307.0,1.0,0.0
2021-07-02,73.409,73.6811,73.3951,73.4536,6190373.0,1.0,0.0
2021-07-06,74.8987,75.2635,74.8762,75.118,46767652.0,1.0,0.0
2021-07-07,75.0485,75.0597,74.8497,74.9585,14926129.0,1.0,0.0
2021-07-08,75.7227,75.9959,74.3075,74.9467,40085598.0,1.0,0.0
2021-07-09,74.1053,74.4213,73.7889,74.1761,5633033.0,1.0,0.0
2021-07-12,75.609,76.252,75.5577,75.9156,5064298.0,1.0,0.0
2021-07-13,75.3573,76.1106,75.2646,75.868,42983753.0,1.0,0.0
2021-07-14,76.8345,76.9855,76.5393,76.9096,23469726.0,1.0,0.0
2021-07-15,77.0957,77.2802,76.8986,77.0912,6839831.0,1.0,0.0
2021-07-16,76.5485,76.8387,75.7402,76.1198,31489584.0,1.0,0.0
2021-07-19,78.3147,78.4633,77.1139,77.926,21481435.0,1.0,0.0
2021-07-20,78.3806,78.7326,78.1811,78.394,32766287.0,1.0,0.0
2021-07-21,77.8894,78.1911,77.8836,78.1213,26201603.0,1.0,0.0
2021-07-22,78.7227,80.0988,78.531,79.8597,43295773.0,1.0,0.0
2021-07-23,78.6422,79.4497,78.4285,79.0862,46826945.0,1.0,0.0
2021-07-26,79.942,80.2576,79.4582,79.5483,2507600.0,1.0,0.0
2021-07-27,79.2859,79.5338,79.2656,79.2784,22820428.0,1.0,0.0
2021-07-28,78.5562,79.0165,78.3332,78.7737,43583099.0,1.0,0.0
2021-07-29,78.4097,78.4734,77.7931,77.9189,30402149.0,1.0,0.0
2021-07-30,77.2991,77.6934,76.9239,77.4484,42725254.0,1.0,0.0
2021-08-02,78.4619,78.8654,78.2106,78.6818,48858845.0,1.0,0.0
2021-08-03,78.5971,78.7103,78.4873,78.5178,25152057.0,1.0,0.0
2021-08-04,77.9487,79.0177,77.7924,78.5596,10217742.0,1.0,0.0
2021-08-05,78.284,78.3806,77.3885,77.6633,4270506.0,1.0,0.0
2021-08-06,76.72,77.0308,76.3426,76.9994,6909717.0,1.0,0.0
2021-08-09,74.1404,75.0058,73.9557,74.8032,35124670.0,1.0,0.0
2021-08-10,74.3807,74.8622,74.2096,74.7182,36976669.0,1.0,0.0
2021-08-11,74.964,75.119,74.9306,75.0068,31591989.0,1.0,0.0
2021-08-12,74.4376,74.8087,73.9017,74.0005,18999678.0,1.0,0.0
2021-08-13,73.6277,73.8123,73.1849,73.543,19142653.0,1.0,0.0
2021-08-16,73.3362,73.3977,73.1006,73.3275,42291040.0,1.0,0.0
2021-08-17,74.6779,75.012,74.4793,74.577,43026195.0,1.0,0.0
2021-08-18,74.518,74.9023,74.1739,74.4958,3743738.0,1.0,0.0
2021-08-19,74.5443,74.5927,73.1668,73.2322,46391730.0,1.0,0.0
2021-08-20,74.4228,74.5648,74.2355,74.5396,46225411.0,1.0,0.0
2021-08-23,73.0718,73.3236,72.9529,73.1775,14304597.0,1.0,0.0
2021-08-24,72.2762,72.529,72.2672,72.3923,11018047.0,1.0,0.0
2021-08-25,71.7231,71.8314,71.3102,71.5374,43409561.0,1.0,0.0
2021-08-26,71.7897,72.2827,71.3914,72.2054,49225440.0,1.0,0.0
2021-08-27,71.6038,72.104,71.4868,71.5902,27105649.0,1.0,0.0
2021-08-30,70.5385,70.6337,70.1138,70.2163,8136749.0,1.0,0.0
2021-08-31,70.4896,71.0137,70.3152,70.6764,48212339.0,1.0,0.0
2021-09-01,71.0082,71.4611,70.88,71.3888,49486846.0,1.0,0.0
2021-09-02,70.5746,71.0966,70.4491,71.0159,33401058.0,1.0,0.0
2021-09-03,70.7951,71.3665,70.762,71.3448,34141755.0,1.0,0.0
2021-09-07,71.8848,72.2415,71.7532,71.7652,31873279.0,1.0,0.0
2021-09-08,71.7917,72.087,71.6996,72.0346,34971631.0,1.0,0.0
2021-09-09,72.3614,72.9952,72.1635,72.7785,20066376.0,1.0,0.0
2021-09-10,72.1757,72.3109,71.7872,71.8876,15082984.0,1.0,0.0
2021-09-13,72.0425,72.4145,71.3409,71.3579,9208284.0,1.0,0.0
2021-09-14,71.766,72.1335,71.6205,71.9434,38480838.0,1.0,0.0
2021-09-15,72.3589,72.6394,71.4801,71.7073,41697396.0,1.0,0.0
2021-09-16,71.3952,71.9386,70.901,70.9513,43592628.0,1.0,0.0
2021-09-17,70.9374,71.3522,70.5733,71.0621,11028352.0,1.0,0.0
2021-09-20,71.4518,71.9656,71.1531,71.691,12086349.0,1.0,0.0
2021-09-21,71.8256,72.2586,71.7718,71.9545,18808365.0,1.0,0.0
2021-09-22,71.6647,71.7781,71.0658,71.2132,13262173.0,1.0,0.0
2021-09-23,71.6187,72.1741,71.4946,71.993,33667268.0,1.0,0.0
2021-09-24,71.9388,72.4024,71.7474,72.2891,16169913.0,1.0,0.0
2021-09-27,71.3842,71.5252,71.1116,71.177,32159120.0,1.0,0.0
2021-09-28,71.4026,71.4318,70.5989,70.7326,1172263.0,1.0,0.0
2021-09-29,70.7842,71.1647,70.4064,70.5267,43234111.0,1.0,0.0
2021-09-30,69.3613,69.4494,69.2416,69.3328,22274910.0,1.0,0.0
2021-10-01,69.3081,69.7239,69.2507,69.5211,34915265.0,1.0,0.0
2021-10-04,69.2824,69.3794,68.5412,68.6149,26467979.0,1.0,0.0
2021-10-05,68.9759,69.0221,67.9759,68.0259,20391397.0,1.0,0.0
2021-10-06,67.9022,67.9805,67.3526,67.4613,21244406.0,1.0,0.0
2021-10-07,67.1931,67.6515,67.188,67.5908,8541529.0,1.0,0.0
2021-10-08,67.4762,67.7326,66.0501,66.2201,11134718.0,1.0,0.0
2021-10-11,65.9596,66.3306,65.7331,65.8527,44440427.0,1.0,0.0
2021-10-12,66.3571,66.4664,65.9846,66.2608,12030119.0,1.0,0.0
2021-10-13,66.3558,66.6004,66.134,66.4111,31103561.0,1.0,0.0
2021-10-14,66.181,66.9731,66.0062,66.7767,3545345.0,1.0,0.0
2021-10-15,66.9798,67.1533,66.3746,66.7469,39482209.0,1.0,0.0
2021-10-18,66.4188,66.6091,66.3153,66.3604,22441974.0,1.0,0.0
2021-10-19,66.688,67.1248,66.014,66.3892,48143951.0,1.0,0.0
2021-10-20,66.2778,67.3888,66.2431,67.0137,30991270.0,1.0,0.0
2021-10-21,67.0942,67.3359,65.9351,66.0586,35939649.0,1.0,0.0
2021-10-22,66.035,66.2301,65.4595,65.5096,31367460.0,1.0,0.0
2021-10-25,64.7157,64.8625,64.143,64.1574,48497727.0,1.0,0.0
2021-10-26,63.5418,64.1542,63.4949,63.9034,49477449.0,1.0,0.0
2021-10-27,64.0084,64.1681,63.8081,63.8374,10355483.0,1.0,0.0
2021-10-28,63.7608,63.9189,63.389,63.8384,49371032.0,1.0,0.0
2021-10-29,63.7763,63.9292,63.7442,63.888,21592345.0,1.0,0.0
2021-11-01,63.3219,63.4847,62.7441,62.7923,12534898.0,1.0,0.0
2021-11-02,62.3429,63.5916,62.1812,63.4168,17816050.0,1.0,0.0
2021-11-03,63.7586,64.5143,63.6178,64.4445,16589027.0,1.0,0.0
2021-11-04,64.4548,64.7247,64.3287,64.584,24173077.0,1.0,0.0
2021-11-05,64.6061,64.7941,64.3129,64.5269,14866571.0,1.0,0.0
2021-11-08,65.4362,65.6272,65.4219,65.5476,9876108.0,1.0,0.0
2021-11-09,65.5728,65.5845,64.7727,64.7839,41937817.0,1.0,0.0
2021-11-10,65.1611,65.468,65.0717,65.3564,12897243.0,1.0,0.0
2021-11-11,65.1376,65.7466,65.0868,65.6492,48624818.0,1.0,0.0
2021-11-12,65.8684,65.995,65.3579,65.9575,46461531.0,1.0,0.0
2021-11-15,66.175,66.5884,66.044,66.4697,42655657.0,1.0,0.0
2021-11-16,66.2595,66.4313,66.2369,66.4089,41957008.0,1.0,0.0
2021-11-17,66.515,67.1009,66.4323,66.912,23117212.0,1.0,0.0
2021-11-18,66.9637,67.008,65.9079,66.0871,8951422.0,1.0,0.0
2021-11-19,66.6439,66.8547,66.2311,66.795,29500673.0,1.0,0.0
2021-11-22,66.8082,68.0723,66.7545,68.067,42857422.0,1.0,0.0
2021-11-23,67.601,67.9075,67.4906,67.739,6709762.0,1.0,0.0
2021-11-24,67.4647,67.8024,67.0212,67.4102,46194693.0,1.0,0.0
2021-11-26,67.1456,67.3258,66.7665,66.7826,8854533.0,1.0,0.0
2021-11-29,67.1423,67.4398,66.0987,66.1062,29742974.0,1.0,0.0
2021-11-30,66.0652,66.5614,65.9653,66.3623,13981352.0,1.0,0.0
2021-12-01,66.9771,67.8566,66.8626,67.8428,3844749.0,1.0,0.0
2021-12-02,68.0982,68.8844,67.8509,68.6539,18716340.0,1.0,0.0
2021-12-03,68.2854,68.3301,67.562,67.768,37569553.0,1.0,0.0
2021-12-06,67.957,68.1966,67.5927,67.7322,28455228.0,1.0,0.0
2021-12-07,67.8984,67.9276,67.5339,67.6566,49375115.0,1.0,0.0
2021-12-08,67.9708,68.0543,67.7553,67.8442,35711224.0,1.0,0.0
2021-12-09,67.6784,67.7009,66.9612,66.9929,2188291.0,1.0,0.0
2021-12-10,67.1583,67.2218,66.2868,66.4496,5237526.0,1.0,0.0
2021-12-13,66.6837,67.166,66.6152,67.0079,40697136.0,1.0,0.0
2021-12-14,67.3581,67.3991,66.9101,67.1308,40168298.0,1.0,0.0
2021-12-15,67.4181,67.9159,67.0066,67.1059,12071771.0,1.0,0.0
2021-12-16,67.0087,67.0691,66.4976,66.7095,43234381.0,1.0,0.0
2021-12-17,66.6111,66.7707,66.0879,66.4663,21627628.0,1.0,0.0
2021-12-20,66.2084,66.3437,65.6979,65.7539,12780555.0,1.0,0.0
2021-12-21,65.8306,65.8831,65.6489,65.7694,25793296.0,1.0,0.0
2021-12-22,65.7244,66.2435,65.6431,66.1762,21794231.0,1.0,0.0
2021-12-23,66.1989,66.3976,66.0551,66.1049,27563412.0,1.0,0.0
2021-12-27,66.1021,66.7099,66.0504,66.4201,13415522.0,1.0,0.0
2021-12-28,66.5567,66.9378,66.53,66.7323,32128203.0,1.0,0.0
2021-12-29,66.6764,66.9144,66.2375,66.4707,45978044.0,1.0,0.0
2021-12-30,66.6179,66.7722,65.4814,65.6746,5689192.0,1.0,0.0
2021-12-31,65.4242,65.5694,64.8434,64.9794,30297653.0,1.0,0.0
2022-01-03,64.8723,65.0831,64.6611,64.7515,18143203.0,1.0,0.0
2022-01-04,64.9861,65.0128,64.7882,64.9596,33025180.0,1.0,0.0
2022-01-05,65.0542,65.243,64.3289,64.479,49119084.0,1.0,0.0
2022-01-06,64.6107,64.7177,64.4368,64.7068,40503201.0,1.0,0.0
2022-01-07,64.9927,64.9984,64.6992,64.7838,25192375.0,1.0,0.0
2022-01-10,65.1694,65.1864,64.5119,64.7106,11080900.0,1.0,0.0
2022-01-11,64.6665,64.7878,64.4104,64.4392,26616681.0,1.0,0.0
2022-01-12,64.7611,65.0941,64.4371,64.7204,10663459.0,1.0,0.0
2022-01-13,64.6393,64.6694,64.2263,64.2427,1297536.0,1.0,0.0
2022-01-14,64.4511,65.0266,64.2658,64.5393,21287948.0,1.0,0.0
2022-01-18,64.2519,64.3258,63.9677,64.1212,38102634.0,1.0,0.0
2022-01-19,63.776,63.9414,63.6703,63.7194,25275471.0,1.0,0.0
2022-01-20,63.7027,64.8385,63.6521,64.7635,32229244.0,1.0,0.0
2022-01-21,64.9264,65.6915,64.9208,65.2591,9362097.0,1.0,0.0
2022-01-24,64.9972,65.5159,64.8151,65.4693,3884813.0,1.0,0.0
2022-01-25,65.387,65.483,64.3788,64.5502,18489362.0,1.0,0.0
2022-01-26,64.2408,64.3593,63.6479,63.675,49701913.0,1.0,0.0
2022-01-27,63.9056,64.1627,63.7347,64.1072,41616303.0,1.0,0.0
2022-01-28,63.6105,63.8682,63.3159,63.4091,21229890.0,1.0,0.0
2022-01-31,63.4888,63.6083,62.5573,62.7042,36619215.0,1.0,0.0
2022-02-01,62.8052,63.0427,62.7324,62.9147,37576393.0,1.0,0.0
2022-02-02,63.1819,63.4894,62.9629,63.0905,29574114.0,1.0,0.0
2022-02-03,62.7568,63.0406,62.6235,63.0249,28028664.0,1.0,0.0
2022-02-04,62.7918,62.8231,62.4493,62.4577,19692152.0,1.0,0.0
2022-02-07,62.5038,62.6172,62.0197,62.1242,26925538.0,1.0,0.0
2022-02-08,61.9032,62.0409,61.8178,61.8843,49549633.0,1.0,0.0
2022-02-09,61.9463,62.1525,61.2739,61.364,23577587.0,1.0,0.0
2022-02-10,61.1251,61.5301,61.0848,61.5085,47437984.0,1.0,0.0
2022-02-11,61.261,61.3171,61.1581,61.2509,2488529.0,1.0,0.0
2022-02-14,61.863,62.5041,61.748,62.205,21905792.0,1.0,0.0
2022-02-15,61.3652,61.3974,59.8978,60.3118,32652932.0,1.0,0.0
2022-02-16,60.5539,61.1111,60.5408,60.9484,41202902.0,1.0,0.0
2022-02-17,61.0592,61.1994,60.8476,61.0383,9742526.0,1.0,0.0
2022-02-18,61.0441,61.0977,60.3368,60.4737,24618370.0,1.0,0.0
2022-02-22,60.0143,60.173,59.5471,59.574,19214565.0,1.0,0.0
2022-02-23,59.5855,60.2501,59.4441,60.1168,20981670.0,1.0,0.0
2022-02-24,60.146,61.1333,60.0983,60.9294,47588959.0,1.0,0.0
2022-02-25,61.2318,61.4081,60.6071,60.7656,6634570.0,1.0,0.0
2022-02-28,60.0272,60.2719,59.9827,60.0864,32282047.0,1.0,0.0
2022-03-01,60.0675,60.2996,59.8789,59.8793,41848893.0,1.0,0.0
2022-03-02,60.7021,60.8915,60.3979,60.7942,42118896.0,1.0,0.0
2022-03-03,61.1451,61.3599,60.9274,60.9762,27723505.0,1.0,0.0
2022-03-04,62.0488,62.5451,61.8636,62.4604,2836564.0,1.0,0.0
2022-03-07,62.3624,62.4497,61.7388,61.819,8088835.0,1.0,0.0
2022-03-08,61.6824,61.7867,61.3565,61.4243,25568083.0,1.0,0.0
2022-03-09,62.0546,62.1672,61.0444,61.1804,44284129.0,1.0,0.0
2022-03-10,60.561,61.2352,60.4619,61.1697,3154485.0,1.0,0.0
2022-03-11,61.4718,61.7623,60.5517,60.9208,10584598.0,1.0,0.0
2022-03-14,61.3902,61.4531,60.6676,60.7467,37522884.0,1.0,0.0
2022-03-15,59.7159,60.162,59.5585,60.1331,43151521.0,1.0,0.0
2022-03-16,59.2426,59.5524,58.9309,59.1834,24886559.0,1.0,0.0
2022-03-17,58.8673,59.0815,58.7426,59.07,25533368.0,1.0,0.0
2022-03-18,59.0006,59.1299,58.8004,58.8379,6164646.0,1.0,0.0
2022-03-21,59.4263,59.7924,59.061,59.4193,14934982.0,1.0,0.0
2022-03-22,59.2991,59.43,58.9838,59.3418,25110305.0,1.0,0.0
2022-03-23,59.7466,60.088,59.5661,59.9809,26691431.0,1.0,0.0
2022-03-24,60.3893,60.7266,60.2541,60.6077,40045736.0,1.0,0.0
2022-03-25,60.4236,61.2972,60.3574,61.2572,30836405.0,1.0,0.0
2022-03-28,61.6126,61.95,61.4401,61.945,45675716.0,1.0,0.0
2022-03-29,61.2384,62.0759,61.143,62.063,32789065.0,1.0,0.0
2022-03-30,61.8162,62.9813,61.6881,62.9507,13619904.0,1.0,0.0
2022-03-31,62.4398,62.7933,62.3164,62.6882,3225417.0,1.0,0.0
2022-04-01,62.6463,62.734,62.3887,62.5419,25322252.0,1.0,0.0
2022-04-04,61.1713,61.5467,60.8917,61.5358,11116284.0,1.0,0.0
2022-04-05,61.5262,62.8828,61.3716,62.8536,11159227.0,1.0,0.0
2022-04-06,62.5354,63.2435,62.4219,63.0335,21289092.0,1.0,0.0
2022-04-07,63.6521,63.9763,63.384,63.7801,20279146.0,1.0,0.0
2022-04-08,64.6772,64.7624,64.4844,64.5052,32317004.0,1.0,0.0
2022-04-11,64.4301,65.411,64.0224,65.096,16225522.0,1.0,0.0
2022-04-12,65.0203,66.0387,64.7467,65.8764,26043033.0,1.0,0.0
2022-04-13,65.9739,66.7076,65.9251,66.4842,41210105.0,1.0,0.0
2022-04-14,66.5679,66.8433,66.5225,66.7526,45178460.0,1.0,0.0
2022-04-18,66.4205,66.7962,66.3888,66.534,22949877.0,1.0,0.0
2022-04-19,66.9091,66.9123,66.3386,66.3961,49846761.0,1.0,0.0
2022-04-20,66.3574,66.7025,66.1117,66.1986,33117822.0,1.0,0.0
2022-04-21,66.5348,67.4212,66.3926,67.4028,49332781.0,1.0,0.0
2022-04-22,67.7645,67.897,67.3999,67.4052,23218700.0,1.0,0.0
2022-04-25,66.7647,67.001,66.3552,66.4615,16198950.0,1.0,0.0
2022-04-26,66.268,66.5086,65.5518,65.6782,47745047.0,1.0,0.0
2022-04-27,66.2045,66.469,65.9573,66.2342,23438598.0,1.0,0.0
2022-04-28,65.4936,65.4939,65.1053,65.384,34831692.0,1.0,0.0
2022-04-29,64.703,65.0635,64.5858,64.8919,40311600.0,1.0,0.0
2022-05-02,64.2934,64.3241,64.2815,64.3031,9102682.0,1.0,0.0
2022-05-03,64.0086,64.0679,63.2454,63.2721,25877365.0,1.0,0.0
2022-05-04,63.6366,63.7621,63.5851,63.7387,14889523.0,1.0,0.0
2022-05-05,64.1581,64.2229,63.9122,64.1186,45652112.0,1.0,0.0
2022-05-06,63.1509,63.6573,63.0056,63.501,32915243.0,1.0,0.0
2022-05-09,64.3743,64.4686,63.9031,63.9959,26766909.0,1.0,0.0
2022-05-10,63.6886,63.861,63.2668,63.2779,9952743.0,1.0,0.0
2022-05-11,63.3459,63.3585,62.9482,63.0405,31465661.0,1.0,0.0
2022-05-12,62.8764,63.4139,62.8516,63.3501,31739944.0,1.0,0.0
2022-05-13,62.999,63.1288,61.8514,61.9412,41739889.0,1.0,0.0
2022-05-16,61.594,61.8813,60.5108,60.5138,11376870.0,1.0,0.0
2022-05-17,61.0368,61.1393,60.5101,60.7909,9521889.0,1.0,0.0
2022-05-18,61.3624,61.3852,60.4144,60.8138,10803507.0,1.0,0.0
2022-05-19,60.7445,61.393,60.6806,61.0228,39329117.0,1.0,0.0
2022-05-20,60.5174,61.1763,60.501,61.1445,38804313.0,1.0,0.0
2022-05-23,61.2869,61.8265,61.163,61.7132,31813515.0,1.0,0.0
2022-05-24,62.1062,62.1406,61.0849,61.2704,18126759.0,1.0,0.0
2022-05-25,61.0478,61.5502,61.0402,61.2607,23091862.0,1.0,0.0
2022-05-26,61.5239,61.5915,61.251,61.4718,36709723.0,1.0,0.0
2022-05-27,61.6134,61.7395,61.3694,61.5348,31362236.0,1.0,0.0
2022-05-31,61.1071,61.3164,60.2691,60.5286,27367797.0,1.0,0.0
2022-06-01,60.626,60.9497,60.5179,60.9341,22751595.0,1.0,0.0
2022-06-02,61.348,61.6511,61.2762,61.3602,26691644.0,1.0,0.0
2022-06-03,61.4379,61.5081,61.1734,61.1778,40496280.0,1.0,0.0
2022-06-06,61.8916,62.4835,61.8508,62.3769,6776782.0,1.0,0.0
2022-06-07,62.0954,62.529,61.837,62.4641,9221044.0,1.0,0.0
2022-06-08,62.3766,62.3937,61.7845,61.834,24138010.0,1.0,0.0
2022-06-09,61.466,61.7879,61.3739,61.5035,9657102.0,1.0,0.0
2022-06-10,61.8506,62.0989,61.672,62.0692,15279065.0,1.0,0.0
2022-06-13,62.7192,63.226,62.5249,63.0376,21380545.0,1.0,0.0
2022-06-14,63.4968,63.5735,63.2277,63.2328,5247923.0,1.0,0.0
2022-06-15,63.2237,63.2465,62.995,63.0938,39857351.0,1.0,0.0
2022-06-16,63.7565,63.7936,63.3653,63.4118,11740040.0,1.0,0.0
2022-06-17,63.8047,64.3238,63.791,64.0813,48786429.0,1.0,0.0
2022-06-21,63.678,63.757,63.2975,63.4769,34840278.0,1.0,0.0
2022-06-22,63.4627,64.8051,63.3581,64.4495,30104369.0,1.0,0.0
2022-06-23,64.2892,64.4973,64.1162,64.1536,9349746.0,1.0,0.0
2022-06-24,64.3808,65.3525,64.3037,65.0891,9575568.0,1.0,0.0
2022-06-27,64.9421,65.0136,63.8723,64.0118,38737639.0,1.0,0.0
2022-06-28,64.0312,64.3553,63.7081,64.042,38423618.0,1.0,0.0
2022-06-29,64.2952,64.8798,64.2494,64.6934,9654062.0,1.0,0.0
2022-06-30,64.8689,65.1769,64.6891,65.0045,12870656.0,1.0,0.0
2022-07-01,65.3203,66.5179,65.278,66.2138,38125059.0,1.0,0.0
2022-07-05,65.8226,66.4509,65.5713,66.3503,11228200.0,1.0,0.0
2022-07-06,66.1189,66.1347,65.5172,65.666,12733202.0,1.0,0.0
2022-07-07,65.8201,66.1978,65.8174,66.1203,5474738.0,1.0,0.0
2022-07-08,65.6444,65.8955,65.535,65.84,22520981.0,1.0,0.0
2022-07-11,66.0867,66.287,66.0179,66.2364,3070295.0,1.0,0.0
2022-07-12,65.9195,66.2215,65.1208,65.2534,31836569.0,1.0,0.0
2022-07-13,64.9602,65.2553,64.8773,65.0791,27089829.0,1.0,0.0
2022-07-14,65.4828,65.5214,65.2792,65.3188,35123586.0,1.0,0.0
2022-07-15,65.1955,65.4049,64.6898,64.7409,6070775.0,1.0,0.0
2022-07-18,64.8725,65.1885,64.6838,65.056,13094560.0,1.0,0.0
2022-07-19,65.0498,65.2198,64.7325,64.929,18609375.0,1.0,0.0
2022-07-20,64.9569,65.0164,64.3758,64.466,22306487.0,1.0,0.0
2022-07-21,64.8132,64.9406,64.6513,64.9352,46801502.0,1.0,0.0
2022-07-22,64.7939,65.3516,64.714,65.3179,36902498.0,1.0,0.0
2022-07-25,64.8364,65.0531,64.3899,64.3968,25965540.0,1.0,0.0
2022-07-26,63.8563,63.9617,63.68,63.8029,12445751.0,1.0,0.0
2022-07-27,63.9832,64.6805,63.9028,64.5043,33566277.0,1.0,0.0
2022-07-28,65.0894,65.2972,64.7072,64.9429,7431672.0,1.0,0.0
2022-07-29,64.3304,64.7753,64.1909,64.2244,18144430.0,1.0,0.0
2022-08-01,63.8473,64.4304,63.8253,64.421,1119792.0,1.0,0.0
2022-08-02,64.6024,64.6759,64.4905,64.5001,5220683.0,1.0,0.0
2022-08-03,65.1696,65.2586,64.8715,65.0008,4542539.0,1.0,0.0
2022-08-04,65.3899,65.6767,64.7652,64.9703,22880623.0,1.0,0.0
2022-08-05,64.7176,65.3547,64.7066,65.338,20668499.0,1.0,0.0
2022-08-08,65.4558,66.8079,65.237,66.4767,14160208.0,1.0,0.0
2022-08-09,66.7058,66.7635,66.1402,66.3731,20808647.0,1.0,0.0
2022-08-10,66.7973,66.8827,66.3859,66.6039,1784239.0,1.0,0.0
2022-08-11,67.341,67.6605,67.327,67.5271,10968720.0,1.0,0.0
2022-08-12,68.1947,68.3612,67.8095,67.8905,21055266.0,1.0,0.0
2022-08-15,67.8693,67.9951,67.1394,67.5907,21362914.0,1.0,0.0
2022-08-16,67.4819,67.6782,67.3878,67.5757,28628294.0,1.0,0.0
2022-08-17,67.7796,68.0997,67.2857,67.3501,46492812.0,1.0,0.0
2022-08-18,67.8014,68.3419,67.749,68.1035,35842277.0,1.0,0.0
2022-08-19,67.3128,67.6794,67.1035,67.338,47152226.0,1.0,0.0
2022-08-22,67.4531,67.7295,66.3352,66.4303,40796343.0,1.0,0.0
2022-08-23,64.7563,65.0641,64.7371,65.0321,37657870.0,1.0,0.0
2022-08-24,64.8091,65.028,64.0372,64.0781,29798299.0,1.0,0.0
2022-08-25,63.4121,63.6771,63.2158,63.2462,33701392.0,1.0,0.0
2022-08-26,62.7065,62.7102,62.2654,62.4175,35249230.0,1.0,0.0
2022-08-29,62.811,63.7125,62.7521,63.4945,40142954.0,1.0,0.0
2022-08-30,63.8427,63.9627,63.6918,63.9419,18474019.0,1.0,0.0
2022-08-31,63.2776,63.3681,62.5715,62.6086,1549406.0,1.0,0.0
2022-09-01,62.5129,63.276,62.5015,63.1049,32301560.0,1.0,0.0
2022-09-02,61.977,62.1772,60.8971,61.1927,12066348.0,1.0,0.0
2022-09-06,61.3326,61.5058,61.2615,61.4111,42343105.0,1.0,0.0
2022-09-07,61.3002,61.66,61.2511,61.5962,45308414.0,1.0,0.0
2022-09-08,61.733,62.1323,61.7225,62.0848,39855529.0,1.0,0.0
2022-09-09,62.5455,62.5835,62.2526,62.4573,44011651.0,1.0,0.0
2022-09-12,63.2482,63.2813,62.1196,62.3662,8030669.0,1.0,0.0
2022-09-13,62.0066,62.1295,61.9078,62.0582,25173983.0,1.0,0.0
2022-09-14,62.5358,62.5472,61.567,61.6699,38025836.0,1.0,0.0
2022-09-15,61.6729,61.9604,61.2948,61.9028,23834086.0,1.0,0.0
2022-09-16,61.5295,61.8929,60.9344,60.9835,18006192.0,1.0,0.0
2022-09-19,61.5479,61.9936,61.4912,61.8136,12091316.0,1.0,0.0
2022-09-20,62.0389,62.2474,61.1888,61.5269,23095979.0,1.0,0.0
2022-09-21,61.7857,62.1131,61.364,61.5085,22425503.0,1.0,0.0
2022-09-22,62.2661,63.0798,62.2197,63.0289,46367967.0,1.0,0.0
2022-09-23,62.979,63.2564,62.4667,62.4985,41369855.0,1.0,0.0
2022-09-26,63.6002,64.3863,63.4924,64.1082,17334433.0,1.0,0.0
2022-09-27,64.3106,64.4184,63.5923,63.8319,21753757.0,1.0,0.0
2022-09-28,63.7103,63.742,63.6674,63.6828,35806195.0,1.0,0.0
2022-09-29,62.9842,63.2848,62.3158,62.3704,23634053.0,1.0,0.0
2022-09-30,63.1591,63.1881,62.7711,62.9785,12083097.0,1.0,0.0
2022-10-03,63.4374,63.846,63.2722,63.8397,14728395.0,1.0,0.0
2022-10-04,64.0959,64.2546,63.8303,63.9648,16783652.0,1.0,0.0
2022-10-05,63.7046,64.6913,63.3762,64.4418,1232999.0,1.0,0.0
2022-10-06,64.979,65.6316,64.8527,65.5303,36140411.0,1.0,0.0
2022-10-07,65.6904,66.1586,65.6212,66.1173,11061855.0,1.0,0.0
2022-10-10,65.2335,65.2405,64.7959,65.097,10023660.0,1.0,0.0
2022-10-11,65.1915,65.3086,65.0999,65.2291,25028586.0,1.0,0.0
2022-10-12,64.4211,65.6318,64.3862,65.5324,29881208.0,1.0,0.0
2022-10-13,64.9018,65.1229,63.8364,64.0436,18621615.0,1.0,0.0
2022-10-14,63.4072,64.0204,63.3808,63.6146,3338491.0,1.0,0.0
2022-10-17,63.4739,63.5112,62.6809,63.1492,23857898.0,1.0,0.0
2022-10-18,64.0707,64.1042,63.9,64.0503,40116241.0,1.0,0.0
2022-10-19,63.3174,63.3709,63.308,63.328,10573591.0,1.0,0.0
2022-10-20,63.4749,63.7203,63.3494,63.4672,29510949.0,1.0,0.0
2022-10-21,63.1619,63.3455,63.0583,63.3024,4713931.0,1.0,0.0
2022-10-24,63.5582,64.0385,62.8578,62.9805,19350360.0,1.0,0.0
2022-10-25,62.7193,63.6726,62.5519,63.654,8907521.0,1.0,0.0
2022-10-26,64.1202,64.6184,63.8365,64.0621,7829005.0,1.0,0.0
2022-10-27,63.7872,63.8598,62.9057,63.1676,14459923.0,1.0,0.0
2022-10-28,62.3052,62.4019,61.2076,61.2757,32562334.0,1.0,0.0
2022-10-31,61.6961,61.932,61.6818,61.8164,34872177.0,1.0,0.0
2022-11-01,62.3059,62.7853,62.2641,62.4961,47633149.0,1.0,0.0
2022-11-02,61.6823,62.3474,61.6084,62.0927,16213044.0,1.0,0.0
2022-11-03,62.421,62.577,60.7209,61.054,15521385.0,1.0,0.0
2022-11-04,61.5466,61.5887,61.1204,61.3411,2564323.0,1.0,0.0
2022-11-07,61.661,62.105,61.2325,62.0764,39447263.0,1.0,0.0
2022-11-08,61.8061,61.9805,61.5684,61.7056,10617931.0,1.0,0.0
2022-11-09,61.7791,62.5724,61.6156,62.4229,34465786.0,1.0,0.0
2022-11-10,62.533,63.0751,62.4677,62.9863,35510130.0,1.0,0.0
2022-11-11,62.7599,62.9248,62.4462,62.7563,6395227.0,1.0,0.0
2022-11-14,62.7634,63.0116,62.6882,62.9071,34686333.0,1.0,0.0
2022-11-15,63.0645,63.6768,62.7366,63.4814,41825678.0,1.0,0.0
2022-11-16,63.419,63.5698,63.4065,63.5443,16793250.0,1.0,0.0
2022-11-17,63.4323,63.5104,63.3047,63.4591,13962440.0,1.0,0.0
2022-11-18,63.2836,63.4105,63.2692,63.2909,46759163.0,1.0,0.0
2022-11-21,63.4683,63.599,62.8273,62.839,34643338.0,1.0,0.0
2022-11-22,62.5571,62.9015,62.3525,62.7732,13183813.0,1.0,0.0
2022-11-23,62.8886,62.9638,62.6655,62.8668,19356695.0,1.0,0.0
2022-11-25,62.9173,63.0323,62.0754,62.1257,32452288.0,1.0,0.0
2022-11-28,62.2127,62.3419,61.7576,62.0038,2710455.0,1.0,0.0
2022-11-29,61.9019,62.1077,61.2695,61.4931,16280842.0,1.0,0.0
2022-11-30,61.5141,62.0573,61.475,61.8606,13889068.0,1.0,0.0
2022-12-01,61.6127,61.8698,61.278,61.7872,18751196.0,1.0,0.0
2022-12-02,62.0778,62.2766,61.8162,61.9608,23029028.0,1.0,0.0
2022-12-05,61.9189,61.9502,61.2695,61.359,48079367.0,1.0,0.0
2022-12-06,61.3463,61.3545,60.8163,61.0762,49809638.0,1.0,0.0
2022-12-07,61.4207,61.5685,61.2027,61.414,5930281.0,1.0,0.0
2022-12-08,61.5918,61.6548,61.0357,61.1632,37362499.0,1.0,0.0
2022-12-09,61.4053,62.2744,61.2584,62.1505,39549111.0,1.0,0.0
2022-12-12,61.6788,61.9126,61.2113,61.3743,30558952.0,1.0,0.0
2022-12-13,61.0564,61.0681,60.9925,61.0095,28658630.0,1.0,0.0
2022-12-14,60.9499,61.1894,60.8713,61.1091,4637221.0,1.0,0.0
2022-12-15,60.9012,60.9977,60.5773,60.664,18113078.0,1.0,0.0
2022-12-16,60.1098,60.1462,59.4487,59.5206,4487413.0,1.0,0.0
2022-12-19,59.7321,59.7345,59.3895,59.6441,12383197.0,1.0,0.0
2022-12-20,59.8048,60.4009,59.8026,60.3231,17071154.0,1.0,0.0
2022-12-21,60.2609,60.3786,60.2085,60.2541,3818727.0,1.0,0.0
2022-12-22,59.6284,59.7335,59.4252,59.7258,24794117.0,1.0,0.0
2022-12-23,60.0272,60.5124,59.7372,60.4256,38644963.0,1.0,0.0
2022-12-27,60.3855,60.6467,60.2542,60.2918,9541035.0,1.0,0.0
2022-12-28,60.093,60.1867,59.2033,59.4132,6252613.0,1.0,0.0
2022-12-29,59.8685,59.8781,59.3066,59.4655,12656946.0,1.0,0.0
2022-12-30,59.3616,59.4625,58.0849,58.1569,32655145.0,1.0,0.0
2023-01-03,58.009,58.4705,57.9059,58.2878,14481019.0,1.0,0.0
2023-01-04,58.338,58.8594,58.2137,58.7297,27946043.0,1.0,0.0
2023-01-05,58.6911,59.1739,58.5507,59.1234,18045347.0,1.0,0.0
2023-01-06,59.4436,59.5513,59.2652,59.5242,25217929.0,1.0,0.0
2023-01-09,59.7247,59.7437,59.5406,59.578,5002885.0,1.0,0.0
2023-01-10,59.6989,59.8861,58.8721,59.1525,25364405.0,1.0,0.0
2023-01-11,59.0748,59.6128,58.792,59.5009,36608883.0,1.0,0.0
2023-01-12,59.178,59.5375,59.1363,59.4834,40585803.0,1.0,0.0
2023-01-13,59.3509,59.5478,59.3378,59.4694,40766048.0,1.0,0.0
2023-01-17,59.1587,59.2819,58.7177,58.8485,24432294.0,1.0,0.0
2023-01-18,58.4979,59.2022,58.4485,58.8302,27819405.0,1.0,0.0
2023-01-19,58.9488,59.058,57.6195,57.8488,31697552.0,1.0,0.0
2023-01-20,57.4788,58.2725,57.3647,58.1111,43302230.0,1.0,0.0
2023-01-23,58.4209,58.4738,58.4059,58.4549,22193522.0,1.0,0.0
2023-01-24,58.74,59.1608,58.6603,59.0242,12646589.0,1.0,0.0
2023-01-25,58.7485,59.2164,58.7076,59.0635,39859477.0,1.0,0.0
2023-01-26,59.594,59.7078,59.0204,59.3497,3547217.0,1.0,0.0
2023-01-27,59.4369,59.8054,59.4345,59.8008,11267347.0,1.0,0.0
2023-01-30,60.6504,60.6944,59.7877,59.9947,4417258.0,1.0,0.0
2023-01-31,60.4349,60.4517,60.1636,60.4482,39881449.0,1.0,0.0
2023-02-01,60.0438,60.2106,59.648,59.6757,43668985.0,1.0,0.0
2023-02-02,59.4013,59.5054,58.8669,58.9669,26371347.0,1.0,0.0
2023-02-03,58.881,58.9504,58.2868,58.5514,32011455.0,1.0,0.0
2023-02-06,59.0545,59.401,58.9017,59.306,41197375.0,1.0,0.0
2023-02-07,58.9118,59.1737,58.7181,58.7938,44261250.0,1.0,0.0
2023-02-08,58.7846,58.9794,58.479,58.4856,47927311.0,1.0,0.0
2023-02-09,58.524,58.7339,57.8808,57.9976,26180471.0,1.0,0.0
2023-02-10,58.3324,58.5598,58.166,58.4232,47115460.0,1.0,0.0
2023-02-13,58.1393,58.1809,57.8916,58.0558,18386609.0,1.0,0.0
2023-02-14,57.9239,58.0999,57.1218,57.2777,29602966.0,1.0,0.0
2023-02-15,57.1487,57.8192,57.0166,57.7586,15473944.0,1.0,0.0
2023-02-16,57.6393,57.9998,57.633,57.8912,39392094.0,1.0,0.0
2023-02-17,57.8614,57.8739,57.6162,57.8256,48363308.0,1.0,0.0
2023-02-21,57.4319,57.5974,57.4232,57.4758,14046283.0,1.0,0.0
2023-02-22,57.7104,58.3979,57.5818,58.326,48315577.0,1.0,0.0
2023-02-23,58.519,58.5995,57.676,57.7469,27656017.0,1.0,0.0
2023-02-24,57.3432,58.0116,57.2344,57.9003,17768988.0,1.0,0.0
2023-02-27,57.3811,57.5322,57.1099,57.2236,36679937.0,1.0,0.0
2023-02-28,57.4899,57.7216,57.4253,57.5903,9985490.0,1.0,0.0
2023-03-01,57.3848,57.7774,57.2054,57.6035,13910527.0,1.0,0.0
2023-03-02,57.9527,57.9965,57.6103,57.705,34889265.0,1.0,0.0
2023-03-03,57.7149,57.9114,57.6888,57.7878,37643163.0,1.0,0.0
2023-03-06,57.5833,57.5873,57.3785,57.5535,34466611.0,1.0,0.0
2023-03-07,58.0624,58.2207,57.4875,57.5604,34478424.0,1.0,0.0
2023-03-08,57.4077,57.442,57.139,57.288,43356911.0,1.0,0.0
2023-03-09,57.5444,57.8578,57.388,57.4425,4429993.0,1.0,0.0
2023-03-10,57.4731,57.8107,57.3311,57.7558,27209194.0,1.0,0.0
2023-03-13,58.0561,58.0774,57.2813,57.5513,44853031.0,1.0,0.0
2023-03-14,57.974,58.1728,57.4131,57.4766,13954104.0,1.0,0.0
2023-03-15,57.4497,57.4684,57.1844,57.3423,5766697.0,1.0,0.0
2023-03-16,57.2781,57.4987,56.7333,56.9849,40178162.0,1.0,0.0
2023-03-17,56.8572,57.6289,56.546,57.5917,42783775.0,1.0,0.0
2023-03-20,57.4964,58.0472,56.7565,56.8241,16586764.0,1.0,0.0
2023-03-21,56.9669,57.0332,56.5407,56.8717,27125149.0,1.0,0.0
2023-03-22,56.6611,56.9547,56.4566,56.909,11930573.0,1.0,0.0
2023-03-23,57.2198,57.2238,56.7575,56.7798,22448983.0,1.0,0.0
2023-03-24,56.4463,56.6682,56.1393,56.1694,16035124.0,1.0,0.0
2023-03-27,56.0829,56.1449,55.1224,55.2362,22870859.0,1.0,0.0
2023-03-28,54.9127,55.3417,54.8588,55.1769,37537653.0,1.0,0.0
2023-03-29,54.5239,54.9968,54.4413,54.9222,9670999.0,1.0,0.0
2023-03-30,54.3552,54.5418,54.1008,54.2669,3300677.0,1.0,0.0
2023-03-31,54.4982,54.6164,54.3092,54.3675,2213887.0,1.0,0.0
2023-04-03,55.0342,55.1241,54.4571,54.6666,10211592.0,1.0,0.0
2023-04-04,54.7102,54.9351,54.0099,54.2306,13287479.0,1.0,0.0
2023-04-05,54.4148,54.7855,54.3049,54.7562,3835374.0,1.0,0.0
2023-04-06,54.9751,54.9783,54.8587,54.9023,45670422.0,1.0,0.0
2023-04-10,54.4733,54.7467,54.3715,54.6913,6809831.0,1.0,0.0
2023-04-11,55.0485,55.2526,54.8171,54.8261,38554291.0,1.0,0.0
2023-04-12,54.8623,54.8937,54.3863,54.5523,14501286.0,1.0,0.0
2023-04-13,54.4133,54.9311,54.3839,54.7283,20200387.0,1.0,0.0
2023-04-14,54.7299,54.8403,54.3693,54.3935,14465312.0,1.0,0.0
2023-04-17,54.0437,55.1126,54.0233,54.7394,5322274.0,1.0,0.0
2023-04-18,54.9544,55.4029,54.6895,55.2403,19229882.0,1.0,0.0
2023-04-19,55.1456,55.9812,55.1386,55.8797,28807100.0,1.0,0.0
2023-04-20,55.8191,56.0434,55.6279,55.976,35808919.0,1.0,0.0
2023-04-21,55.5452,55.6377,55.0233,55.0516,6059737.0,1.0,0.0
2023-04-24,54.7901,54.9156,54.4976,54.6407,46293383.0,1.0,0.0
2023-04-25,54.6399,54.8775,54.6395,54.6676,15481151.0,1.0,0.0
2023-04-26,54.4935,55.0521,54.347,54.9534,48106829.0,1.0,0.0
2023-04-27,54.9677,55.7868,54.5406,55.6327,25189236.0,1.0,0.0
2023-04-28,55.5297,55.6689,55.4865,55.5136,48061888.0,1.0,0.0
2023-05-01,56.3172,56.3881,55.833,56.1088,30611024.0,1.0,0.0
2023-05-02,57.2928,57.6737,57.0736,57.4771,4197850.0,1.0,0.0
2023-05-03,56.5082,56.7905,56.5067,56.7268,5504506.0,1.0,0.0
2023-05-04,56.2316,56.4499,56.0037,56.2528,39800384.0,1.0,0.0
2023-05-05,55.7913,56.953,55.6869,56.8232,27176110.0,1.0,0.0
2023-05-08,56.4895,56.6708,56.3185,56.3817,20396792.0,1.0,0.0
2023-05-09,56.3804,56.4374,56.0998,56.3805,44304873.0,1.0,0.0
2023-05-10,56.0606,56.0906,55.3582,55.6494,44371571.0,1.0,0.0
2023-05-11,56.1459,56.2125,56.0097,56.0454,31613032.0,1.0,0.0
2023-05-12,55.7153,55.7857,55.4474,55.5694,35003309.0,1.0,0.0
2023-05-15,52.3581,52.4398,52.0458,52.2678,9418050.0,1.0,0.0
2023-05-16,50.699,50.7456,50.3217,50.3881,44018757.0,1.0,0.0
2023-05-17,49.4259,49.6049,49.4054,49.5105,13362184.0,1.0,0.0
2023-05-18,49.8972,50.0284,49.7412,49.8054,28854744.0,1.0,0.0
2023-05-19,49.2916,49.3022,48.92,49.0456,23350204.0,1.0,0.0
2023-05-22,49.0064,49.12,48.4374,48.732,40679954.0,1.0,0.0
2023-05-23,48.9366,49.0426,48.8818,48.892,27044931.0,1.0,0.0
2023-05-24,48.6159,48.7494,48.231,48.4109,22471509.0,1.0,0.0
2023-05-25,47.4697,47.593,47.1601,47.1619,18911215.0,1.0,0.0
2023-05-26,47.4776,47.6091,47.2318,47.3617,2208212.0,1.0,0.0
2023-05-30,48.1511,48.2589,47.937,48.1342,10869674.0,1.0,0.0
2023-05-31,47.6765,47.902,46.4082,46.5802,20370829.0,1.0,0.0
2023-06-01,46.4256,46.4694,45.8637,45.9145,40000538.0,1.0,0.0
2023-06-02,45.8732,46.061,45.7789,45.9765,11855189.0,1.0,0.0
2023-06-05,45.073,45.3993,44.8754,45.3016,42188253.0,1.0,0.0
2023-06-06,44.8725,44.9482,44.5234,44.5969,25528969.0,1.0,0.0
2023-06-07,44.3728,44.5138,44.3474,44.4175,16250092.0,1.0,0.0
2023-06-08,43.9834,44.1589,43.5953,43.6471,8453457.0,1.0,0.0
2023-06-09,43.8137,44.3574,43.7294,44.2808,8153299.0,1.0,0.0
2023-06-12,43.8364,43.847,43.527,43.5602,36629625.0,1.0,0.0
2023-06-13,43.6377,43.7148,43.1732,43.4416,1610599.0,1.0,0.0
2023-06-14,43.5452,43.6822,43.379,43.6603,30448480.0,1.0,0.0
2023-06-15,43.8545,44.0611,43.6452,43.6474,5178394.0,1.0,0.0
2023-06-16,44.0984,44.1825,43.964,44.133,29005995.0,1.0,0.0
2023-06-20,45.0408,45.1011,44.9033,44.9162,45186495.0,1.0,0.0
2023-06-21,45.3834,45.4641,45.0765,45.2279,2866215.0,1.0,0.0
2023-06-22,45.6675,46.3503,45.5712,46.0715,13406486.0,1.0,0.0
2023-06-23,44.2352,44.2439,43.7752,43.8138,30336697.0,1.0,0.0
2023-06-26,43.4999,43.5825,43.4419,43.5475,3581766.0,1.0,0.0
2023-06-27,43.6538,44.1419,43.5306,43.9502,39635068.0,1.0,0.0
2023-06-28,44.3723,44.7188,44.2224,44.6328,17615008.0,1.0,0.0
2023-06-29,45.9979,46.6988,45.8828,46.5792,37975805.0,1.0,0.0
2023-06-30,45.7007,45.9871,45.603,45.9409,42733812.0,1.0,0.0
2023-07-03,46.0555,46.0634,45.4599,45.7214,26977587.0,1.0,0.0
2023-07-05,45.7169,46.088,45.5856,46.0734,25613594.0,1.0,0.0
2023-07-06,46.5505,46.7433,46.3232,46.6395,35753975.0,1.0,0.0
2023-07-07,46.5664,46.8356,46.5621,46.7544,16957515.0,1.0,0.0
2023-07-10,46.8799,47.0377,46.8377,47.0254,15882429.0,1.0,0.0
2023-07-11,47.4377,47.6282,47.1674,47.2518,8088739.0,1.0,0.0
2023-07-12,46.0176,46.1685,45.9634,46.1338,15844247.0,1.0,0.0
2023-07-13,47.1614,47.6778,47.014,47.6562,24222800.0,1.0,0.0
2023-07-14,47.4248,47.5344,47.2056,47.2352,45687223.0,1.0,0.0
2023-07-17,47.6415,48.3964,47.6363,48.2519,24961460.0,1.0,0.0
2023-07-18,48.9841,49.2251,48.9259,49.1348,43680121.0,1.0,0.0
2023-07-19,48.1174,48.1556,47.7017,47.8955,38964064.0,1.0,0.0
2023-07-20,48.0698,48.6784,48.0623,48.5626,29078887.0,1.0,0.0
2023-07-21,49.2791,49.3326,49.0177,49.0293,32808360.0,1.0,0.0
2023-07-24,48.5686,48.7999,48.5154,48.7887,19382633.0,1.0,0.0
2023-07-25,48.9028,49.2028,48.6045,49.0105,29161621.0,1.0,0.0
2023-07-26,48.6549,48.8711,48.053,48.0675,5613423.0,1.0,0.0
2023-07-27,48.5286,48.9106,48.4963,48.8833,28093852.0,1.0,0.0
2023-07-28,48.4533,48.4826,48.2403,48.246,9071003.0,1.0,0.0
2023-07-31,48.5989,48.8615,48.1939,48.2172,11650630.0,1.0,0.0
2023-08-01,47.6146,47.631,47.5208,47.5848,6478619.0,1.0,0.0
2023-08-02,47.2237,47.24,46.7083,46.8528,15656953.0,1.0,0.0
2023-08-03,47.1768,47.4383,47.0397,47.4302,38668430.0,1.0,0.0
2023-08-04,47.3191,47.941,47.3123,47.8926,42844676.0,1.0,0.0
2023-08-07,47.101,47.2047,46.6481,46.7437,20966626.0,1.0,0.0
2023-08-08,45.8027,46.2775,45.6583,46.2734,46099829.0,1.0,0.0
2023-08-09,45.5723,45.6586,45.3479,45.5944,16330771.0,1.0,0.0
2023-08-10,45.1806,45.5504,45.1156,45.478,1860442.0,1.0,0.0
2023-08-11,45.7893,46.3609,45.4957,46.3289,45228803.0,1.0,0.0
2023-08-14,46.6662,46.7334,46.4988,46.6047,26118767.0,1.0,0.0
2023-08-15,46.3913,47.329,46.298,47.2671,18001714.0,1.0,0.0
2023-08-16,47.3672,47.6302,46.7234,46.8582,27626838.0,1.0,0.0
2023-08-17,47.1055,47.1312,46.8665,46.8954,4149853.0,1.0,0.0
2023-08-18,47.047,47.0538,47.0015,47.0069,28947510.0,1.0,0.0
2023-08-21,47.3567,47.4373,47.2207,47.3889,24653502.0,1.0,0.0
2023-08-22,47.4176,47.4763,47.3425,47.3648,19757778.0,1.0,0.0
2023-08-23,48.0474,48.2021,47.7524,47.9018,46365930.0,1.0,0.0
2023-08-24,47.8565,47.9808,47.0722,47.1665,3448976.0,1.0,0.0
2023-08-25,47.6577,48.4952,47.4838,48.3948,33644420.0,1.0,0.0
2023-08-28,48.363,48.3654,47.9204,47.9527,5189423.0,1.0,0.0
2023-08-29,47.932,48.0768,47.3329,47.4158,45691301.0,1.0,0.0
2023-08-30,47.5214,48.258,47.1838,48.2395,6163162.0,1.0,0.0
2023-08-31,48.1617,48.2451,47.9285,48.0148,13027736.0,1.0,0.0
2023-09-01,49.0008,49.012,48.8245,48.9356,20792967.0,1.0,0.0
2023-09-05,48.4528,48.5314,48.1668,48.2029,45657973.0,1.0,0.0
2023-09-06,49.1938,49.2637,48.7128,48.7735,9933493.0,1.0,0.0
2023-09-07,48.8425,49.6672,48.766,49.5483,29456657.0,1.0,0.0
2023-09-08,49.329,49.4183,49.0267,49.127,16616690.0,1.0,0.0
2023-09-11,48.7203,48.9129,48.5869,48.6124,39253099.0,1.0,0.0
2023-09-12,48.5357,48.8286,48.373,48.7036,14212812.0,1.0,0.0
2023-09-13,48.9641,49.4402,48.8182,49.2684,8804877.0,1.0,0.0
2023-09-14,49.3109,49.5931,49.2444,49.4065,2260239.0,1.0,0.0
2023-09-15,49.6517,49.6944,49.2299,49.2994,27156884.0,1.0,0.0
2023-09-18,48.9365,49.0224,48.5443,48.582,39495959.0,1.0,0.0
2023-09-19,48.3761,48.5428,48.0919,48.1905,14428748.0,1.0,0.0
2023-09-20,48.1843,48.3476,47.3244,47.3659,40998869.0,1.0,0.0
2023-09-21,47.3257,47.8458,47.238,47.6881,30643621.0,1.0,0.0
2023-09-22,47.1585,47.4711,47.0304,47.3879,31850162.0,1.0,0.0
2023-09-25,47.5346,47.7534,46.6826,46.8517,20935072.0,1.0,0.0
2023-09-26,46.9384,46.9457,46.4049,46.6117,47177171.0,1.0,0.0
2023-09-27,46.6179,47.2845,46.617,47.261,20410758.0,1.0,0.0
2023-09-28,47.5011,47.889,47.3148,47.6427,4614126.0,1.0,0.0
2023-09-29,47.2866,47.2963,47.1278,47.2554,43060901.0,1.0,0.0
2023-10-02,47.6104,47.7908,47.465,47.7903,42012404.0,1.0,0.0
2023-10-03,47.9147,48.0542,47.8796,47.8916,11048934.0,1.0,0.0
2023-10-04,48.0179,48.1978,48.0024,48.1323,43574668.0,1.0,0.0
2023-10-05,48.0685,48.4212,48.0426,48.3365,2041342.0,1.0,0.0
2023-10-06,48.4882,49.1749,48.4467,48.9728,15376340.0,1.0,0.0
2023-10-09,48.729,48.7605,48.6021,48.7026,48927759.0,1.0,0.0
2023-10-10,48.6034,48.8782,48.57,48.7588,11951424.0,1.0,0.0
2023-10-11,48.9764,49.6001,48.9274,49.5443,12059473.0,1.0,0.0
2023-10-12,49.39,49.4245,48.6775,48.881,46160238.0,1.0,0.0
2023-10-13,48.5898,48.8645,48.3053,48.7439,36835308.0,1.0,0.0
2023-10-16,48.7552,48.7645,48.5438,48.5683,33670930.0,1.0,0.0
2023-10-17,48.5186,48.559,48.3847,48.5269,3999642.0,1.0,0.0
2023-10-18,48.6155,48.8214,48.5989,48.7077,12709783.0,1.0,0.0
2023-10-19,49.1004,49.2492,48.8252,49.0274,48610915.0,1.0,0.0
2023-10-20,48.5908,49.2965,48.5141,49.0531,49484904.0,1.0,0.0
2023-10-23,49.6361,50.1928,49.5098,50.1437,39615850.0,1.0,0.0
2023-10-24,50.0902,50.4518,50.0807,50.3771,23744904.0,1.0,0.0
2023-10-25,49.6366,50.0004,49.6364,49.9627,34891302.0,1.0,0.0
2023-10-26,49.3179,49.4207,49.0784,49.0963,35056509.0,1.0,0.0
2023-10-27,48.8479,48.9574,48.6027,48.7402,14724367.0,1.0,0.0
2023-10-30,49.1028,49.5181,49.0959,49.4873,46201262.0,1.0,0.0
2023-10-31,49.6824,50.3739,49.4883,50.3473,21148621.0,1.0,0.0
2023-11-01,50.4968,50.6566,50.4816,50.5069,9802266.0,1.0,0.0
2023-11-02,49.5911,49.6607,49.0432,49.2618,49237833.0,1.0,0.0
2023-11-03,49.4392,49.5887,49.3605,49.5327,15555868.0,1.0,0.0
2023-11-06,50.54,50.7874,49.9189,50.0648,21334137.0,1.0,0.0
2023-11-07,49.7008,49.7249,49.5511,49.717,37258556.0,1.0,0.0
2023-11-08,49.5488,49.6022,49.1781,49.2539,20843737.0,1.0,0.0
2023-11-09,49.463,49.6349,49.3653,49.4994,30312741.0,1.0,0.0
2023-11-10,49.8181,49.9127,49.8118,49.8331,5347983.0,1.0,0.0
2023-11-13,49.2636,49.4004,49.0551,49.1923,8785498.0,1.0,0.0
2023-11-14,49.0702,49.3675,49.0111,49.2514,2257735.0,1.0,0.0
2023-11-15,49.7575,50.0005,49.4685,49.5291,10936778.0,1.0,0.0
2023-11-16,49.5398,49.6404,49.3526,49.5874,4676045.0,1.0,0.0
2023-11-17,49.9263,50.3686,49.6635,50.3676,36329507.0,1.0,0.0
2023-11-20,49.5319,49.7883,48.808,48.9585,4488596.0,1.0,0.0
2023-11-21,48.7402,49.1214,48.7147,48.9633,3927634.0,1.0,0.0
2023-11-22,48.7263,48.8096,48.5321,48.5371,21221783.0,1.0,0.0
2023-11-24,48.8578,49.2068,48.5285,49.184,42547214.0,1.0,0.0
2023-11-27,49.5509,49.6099,48.824,48.9287,38543316.0,1.0,0.0
2023-11-28,49.2632,49.3877,49.1149,49.243,27955416.0,1.0,0.0
2023-11-29,49.5168,49.6437,49.3775,49.6154,48121953.0,1.0,0.0
2023-11-30,49.6403,49.7011,49.5322,49.6835,34001688.0,1.0,0.0
2023-12-01,49.2129,49.3484,48.9177,49.018,31138111.0,1.0,0.0
2023-12-04,48.5155,48.7887,48.4138,48.6126,45578077.0,1.0,0.0
2023-12-05,47.9228,47.9521,47.4652,47.8347,28441527.0,1.0,0.0
2023-12-06,47.649,47.8837,47.0796,47.1159,12010477.0,1.0,0.0
2023-12-07,46.903,47.5548,46.776,47.4108,32193869.0,1.0,0.0
2023-12-08,47.6898,47.7688,47.1781,47.2858,35868850.0,1.0,0.0
2023-12-11,47.7039,48.5788,47.666,48.5379,33916422.0,1.0,0.0
2023-12-12,48.9887,49.0979,48.353,48.5528,19625733.0,1.0,0.0
2023-12-13,48.7021,48.8111,48.5063,48.7388,24648295.0,1.0,0.0
2023-12-14,49.0441,49.8392,48.8445,49.5496,47098431.0,1.0,0.0
2023-12-15,49.5069,49.5572,49.3793,49.429,18822281.0,1.0,0.0
2023-12-18,49.5604,49.5952,49.0992,49.1063,29729679.0,1.0,0.0
2023-12-19,48.155,48.29,48.0175,48.2861,45448409.0,1.0,0.0
2023-12-20,48.0543,48.1014,47.5488,47.5847,18300436.0,1.0,0.0
2023-12-21,47.3425,47.3708,47.0671,47.1531,47784450.0,1.0,0.0
2023-12-22,46.5101,46.6162,46.1844,46.2122,42639782.0,1.0,0.0
2023-12-26,46.2214,46.3876,46.071,46.3427,27277420.0,1.0,0.0
2023-12-27,46.8577,47.2716,46.7534,47.2584,48399207.0,1.0,0.0
2023-12-28,47.3636,47.5162,47.2821,47.4452,35728112.0,1.0,0.0
2023-12-29,47.7136,48.1913,47.6725,47.941,5038320.0,1.0,0.0
