date,open,high,low,close,volume,split_ratio,dividend
2016-01-04,199.3776,201.3912,199.3333,201.2572,9269124.0,1.0,0.0
2016-01-05,200.6863,201.6386,200.3533,201.0756,37536161.0,1.0,0.0
2016-01-06,199.754,200.135,198.318,198.4836,22730722.0,1.0,0.0
2016-01-07,198.9289,200.0255,198.8199,199.4259,40856941.0,1.0,0.0
2016-01-08,197.5872,197.7454,196.6698,197.1976,39265146.0,1.0,0.0
2016-01-11,197.6753,197.8992,197.285,197.705,15052678.0,1.0,0.0
2016-01-12,196.9116,198.4635,196.8656,197.7229,27587469.0,1.0,0.0
2016-01-13,198.321,198.4503,198.2273,198.4389,41600386.0,1.0,0.0
2016-01-14,197.5262,197.5637,197.31,197.4896,31234568.0,1.0,0.0
2016-01-15,198.4044,198.7338,196.5969,197.1767,48269690.0,1.0,0.0
2016-01-19,197.1088,197.1961,196.322,196.5029,46875576.0,1.0,0.0
2016-01-20,194.2189,194.3546,192.1714,192.7003,9306396.0,1.0,0.0
2016-01-21,192.2015,192.2934,190.3519,190.3817,29312471.0,1.0,0.0
2016-01-22,190.6358,190.747,190.4646,190.6755,41546690.0,1.0,0.0
2016-01-25,189.4681,190.2305,189.3774,190.03,45197776.0,1.0,0.0
2016-01-26,190.269,190.6644,189.7311,189.8715,28557100.0,1.0,0.0
2016-01-27,189.6049,189.853,188.5856,189.2423,3344646.0,1.0,0.0
2016-01-28,188.5794,189.0065,187.9867,188.3614,42367738.0,1.0,0.0
2016-01-29,186.8254,187.2225,186.4424,186.7062,27647624.0,1.0,0.0
2016-02-01,187.568,187.9073,187.0924,187.844,43490161.0,1.0,0.0
2016-02-02,188.8968,190.5561,187.7352,189.982,3671613.0,1.0,0.0
2016-02-03,191.3997,191.4749,189.7133,190.0935,11427932.0,1.0,0.0
2016-02-04,190.5583,191.4754,190.3815,191.3184,12831824.0,1.0,0.0
2016-02-05,191.7455,193.0839,191.721,192.851,3757724.0,1.0,0.0
2016-02-08,193.6545,194.0522,191.1718,192.1363,11807773.0,1.0,0.0
2016-02-09,192.3962,192.5629,191.3545,191.3828,27198102.0,1.0,0.0
2016-02-10,190.7759,191.5312,190.1529,190.5004,47738981.0,1.0,1.1
2016-02-11,189.9372,190.1543,188.6024,188.7631,18248879.0,1.0,0.0
2016-02-12,188.847,189.4053,188.1921,189.0798,26989093.0,1.0,0.0
2016-02-16,189.6456,190.0586,189.3589,190.0488,4160770.0,1.0,0.0
2016-02-17,189.5028,190.1281,188.7303,188.94,24860038.0,1.0,0.0
2016-02-18,189.2376,189.4503,185.8071,186.6527,43434879.0,1.0,0.0
2016-02-19,186.7114,186.9261,185.6075,186.0979,29634643.0,1.0,0.0
2016-02-22,186.5613,186.7683,184.7529,185.1575,44826750.0,1.0,0.0
2016-02-23,185.114,187.0283,184.7632,186.5353,19680409.0,1.0,0.0
2016-02-24,186.2483,186.255,184.3028,184.7715,14936777.0,1.0,0.0
2016-02-25,184.6915,184.8941,184.6689,184.8262,6247196.0,1.0,0.0
2016-02-26,185.5313,186.2673,185.1891,186.2025,5344827.0,1.0,0.0
2016-02-29,185.1459,185.1678,184.1154,184.3684,49825508.0,1.0,0.0
2016-03-01,182.8072,183.1884,182.3268,182.3558,45244766.0,1.0,0.0
2016-03-02,182.4466,183.4044,181.8268,181.8486,23045386.0,1.0,0.0
2016-03-03,180.7262,180.9385,179.976,180.0284,39366067.0,1.0,0.0
2016-03-04,180.4344,181.3203,179.8741,181.1505,49979224.0,1.0,0.0
2016-03-07,180.9962,182.2653,180.9311,182.2058,24472176.0,1.0,0.0
2016-03-08,182.9341,183.113,182.324,182.3535,24498155.0,1.0,0.0
2016-03-09,183.0502,183.1547,182.8613,182.8626,24502867.0,1.0,0.0
2016-03-10,181.8685,181.8975,180.4394,180.9339,31087330.0,1.0,0.0
2016-03-11,181.6364,183.3356,181.1949,183.1434,4925653.0,1.0,0.0
2016-03-14,183.9241,184.7694,182.7373,183.2061,40079761.0,1.0,0.0
2016-03-15,182.4054,184.842,182.1294,184.1187,35107180.0,1.0,0.0
2016-03-16,183.6401,184.1054,182.2239,182.3086,20428790.0,1.0,0.0
2016-03-17,181.6045,181.9765,181.2845,181.6539,12039433.0,1.0,0.0
2016-03-18,181.162,182.7383,180.9932,182.6861,34474456.0,1.0,0.0
2016-03-21,182.4534,182.7187,180.2655,181.0615,38766679.0,1.0,0.0
2016-03-22,181.4588,182.8155,180.9473,182.3587,39435252.0,1.0,0.0
2016-03-23,182.6318,183.5597,182.5936,183.0999,10578379.0,1.0,0.0
2016-03-24,183.0461,184.1039,182.8986,183.9388,11257866.0,1.0,0.0
2016-03-28,186.1923,186.8937,186.082,186.3396,7526624.0,1.0,0.0
2016-03-29,186.7188,186.7281,186.0928,186.4443,12808034.0,1.0,0.0
2016-03-30,186.5796,187.678,186.2365,187.409,8478383.0,1.0,0.0
2016-03-31,187.1436,187.2228,185.79,186.547,28333170.0,1.0,0.0
2016-04-01,186.8918,188.4691,186.7581,188.2389,15237369.0,1.0,0.0
2016-04-04,188.1593,188.851,187.5121,188.1257,46702349.0,1.0,0.0
2016-04-05,188.357,188.7954,187.5611,187.9021,37320047.0,1.0,0.0
2016-04-06,187.8461,187.9818,186.8734,187.4042,1081709.0,1.0,0.0
2016-04-07,187.9551,188.1499,187.5638,187.7651,29123053.0,1.0,0.0
2016-04-08,187.812,188.1341,185.2004,185.7796,32148985.0,1.0,0.0
2016-04-11,185.8251,185.8535,184.7221,185.0053,7455704.0,1.0,0.0
2016-04-12,185.216,186.3949,185.1063,186.0829,2966224.0,1.0,0.0
2016-04-13,186.86,187.1693,186.2831,186.5468,32220839.0,1.0,0.0
2016-04-14,187.3275,188.7105,187.0545,188.4213,10966235.0,1.0,0.0
2016-04-15,188.455,189.2183,188.1831,189.16,44864585.0,1.0,0.0
2016-04-18,189.8304,190.6218,189.132,190.0978,27245403.0,1.0,0.0
2016-04-19,189.8214,191.5531,188.7057,191.2122,42404278.0,1.0,0.0
2016-04-20,191.6559,191.9945,190.2577,190.7962,18763820.0,1.0,0.0
2016-04-21,190.4569,191.0633,188.3179,188.9641,25294235.0,1.0,0.0
2016-04-22,188.7395,189.3161,188.49,188.8301,41969469.0,1.0,0.0
2016-04-25,188.664,188.8429,186.9492,187.481,37821459.0,1.0,0.0
2016-04-26,188.2271,188.3491,187.0921,187.2319,41048065.0,1.0,0.0
2016-04-27,187.1546,187.8092,187.0837,187.7986,15839871.0,1.0,0.0
2016-04-28,188.985,189.3455,188.6659,189.2228,8084718.0,1.0,0.0
2016-04-29,188.6574,189.0536,187.6863,188.0263,20460407.0,1.0,0.0
2016-05-02,187.2338,188.3859,187.0093,187.9637,1403314.0,1.0,0.0
2016-05-03,187.5165,187.7363,186.1913,186.7041,46574993.0,1.0,0.0
2016-05-04,185.8316,187.4912,185.807,186.6493,10213447.0,1.0,0.0
2016-05-05,186.9312,188.0233,186.6348,187.638,47430575.0,1.0,0.0
2016-05-06,187.5022,187.7461,186.624,186.763,20884567.0,1.0,0.0
2016-05-09,188.0312,188.1823,187.4291,187.8551,5290734.0,1.0,0.0
2016-05-10,187.434,187.5981,186.2723,186.5766,4631313.0,1.0,0.0
2016-05-11,185.3886,186.0615,183.4154,183.5589,26387441.0,1.0,1.1
2016-05-12,183.0276,184.4128,182.9645,184.0799,29349575.0,1.0,0.0
2016-05-13,183.6109,183.6366,182.503,183.0409,46665034.0,1.0,0.0
2016-05-16,182.7506,182.9584,182.076,182.207,45942967.0,1.0,0.0
2016-05-17,181.665,182.2788,181.002,181.8656,28454515.0,1.0,0.0
2016-05-18,181.8804,182.3199,181.568,182.2479,26246438.0,1.0,0.0
2016-05-19,181.808,182.0579,178.3389,178.6777,14647817.0,1.0,0.0
2016-05-20,178.6323,179.0751,178.4557,178.8944,4768745.0,1.0,0.0
2016-05-23,178.4483,178.6656,178.2176,178.653,43347283.0,1.0,0.0
2016-05-24,178.8978,179.4551,178.4651,178.7649,8571355.0,1.0,0.0
2016-05-25,178.5763,178.7251,178.1992,178.5121,47867696.0,1.0,0.0
2016-05-26,178.6147,178.7113,177.7171,177.7227,21495388.0,1.0,0.0
2016-05-27,177.4332,177.8661,176.4145,177.1321,31512782.0,1.0,0.0
2016-05-31,177.4735,177.7423,176.1316,176.3239,7086154.0,1.0,0.0
2016-06-01,175.7387,177.1514,175.3292,176.6233,2277093.0,1.0,0.0
2016-06-02,176.5752,177.128,176.3705,176.7866,1899575.0,1.0,0.0
2016-06-03,175.9702,175.9892,175.2532,175.4403,18197293.0,1.0,0.0
2016-06-06,175.735,175.9191,174.4844,174.9576,29577154.0,1.0,0.0
2016-06-07,174.6,175.6568,173.6984,174.9274,49665727.0,1.0,0.0
2016-06-08,174.7006,175.7215,174.1533,175.5093,33136650.0,1.0,0.0
2016-06-09,176.1237,177.7588,175.7113,177.2537,33326340.0,1.0,0.0
2016-06-10,177.0899,177.2005,176.8827,177.1471,5420559.0,1.0,0.0
2016-06-13,177.9393,178.3196,177.5379,177.7741,32761088.0,1.0,0.0
2016-06-14,177.7589,178.0607,177.1983,177.2267,15852599.0,1.0,0.0
2016-06-15,176.4496,177.9267,176.3944,177.574,7151399.0,1.0,0.0
2016-06-16,178.138,178.7475,175.7673,175.934,8976759.0,1.0,0.0
2016-06-17,175.9996,177.3045,175.747,176.9114,5951337.0,1.0,0.0
2016-06-20,176.5884,176.954,175.7086,175.9984,36230461.0,1.0,0.0
2016-06-21,175.9736,176.5158,175.9246,176.4897,49093038.0,1.0,0.0
2016-06-22,175.4718,176.0517,175.1806,175.7759,35177409.0,1.0,0.0
2016-06-23,176.5145,176.5802,175.2155,175.8769,12270565.0,1.0,0.0
2016-06-24,176.46,177.1672,175.7162,175.7402,5593551.0,1.0,0.0
2016-06-27,176.2957,176.7649,175.1515,175.4907,34594522.0,1.0,0.0
2016-06-28,176.0687,176.197,175.871,176.0056,40614613.0,1.0,0.0
2016-06-29,175.8346,175.9457,175.1701,175.3613,46693133.0,1.0,0.0
2016-06-30,175.8107,175.8383,175.064,175.1389,11622589.0,1.0,0.0
2016-07-01,174.7001,175.0732,173.4733,174.0112,49329812.0,1.0,0.0
2016-07-05,174.9012,176.2387,174.7713,175.767,16461749.0,1.0,0.0
2016-07-06,176.4133,177.3394,176.1292,176.7102,17370696.0,1.0,0.0
2016-07-07,175.6965,175.7803,175.2377,175.6852,26800747.0,1.0,0.0
2016-07-08,175.0537,175.2733,174.2627,174.3838,3158998.0,1.0,0.0
2016-07-11,173.8634,175.3395,173.1884,174.9856,10605416.0,1.0,0.0
2016-07-12,175.0016,175.0867,174.4382,174.6466,32296108.0,1.0,0.0
2016-07-13,175.9996,176.3603,175.1798,176.1366,19236056.0,1.0,0.0
2016-07-14,175.406,176.2758,175.1629,175.8933,36108061.0,1.0,0.0
2016-07-15,174.7303,175.1097,174.5754,175.0646,49347918.0,1.0,0.0
2016-07-18,174.8346,175.141,173.4259,173.7074,16121081.0,1.0,0.0
2016-07-19,173.2544,173.6409,173.0585,173.1918,31854747.0,1.0,0.0
2016-07-20,172.2261,172.7862,171.7934,172.3321,25924980.0,1.0,0.0
2016-07-21,170.5114,171.8295,170.4552,170.9794,8182224.0,1.0,0.0
2016-07-22,171.2621,171.5244,170.556,170.7486,48088373.0,1.0,0.0
2016-07-25,171.6183,171.7851,170.6335,171.0016,13648023.0,1.0,0.0
2016-07-26,170.5231,170.5313,168.85,169.2606,31246431.0,1.0,0.0
2016-07-27,168.1665,168.855,166.7324,166.9611,39961468.0,1.0,0.0
2016-07-28,166.9003,168.0784,166.8036,168.0741,19599318.0,1.0,0.0
2016-07-29,166.9703,167.8242,166.44,167.4733,40447127.0,1.0,0.0
2016-08-01,167.7756,168.0277,166.4269,166.6609,18454621.0,1.0,0.0
2016-08-02,165.7447,165.8946,165.5615,165.8865,44312063.0,1.0,0.0
2016-08-03,166.7388,166.9042,166.6566,166.8006,40690188.0,1.0,0.0
2016-08-04,166.5313,166.5972,166.2056,166.3061,26065239.0,1.0,0.0
2016-08-05,165.1558,165.6173,164.9249,165.6039,22179937.0,1.0,0.0
2016-08-08,165.3364,166.5015,164.9845,166.1693,37101225.0,1.0,0.0
2016-08-09,169.0985,169.4831,168.0028,168.3252,49772119.0,1.0,0.0
2016-08-10,165.041,165.1088,163.6679,163.7279,2808897.0,1.0,1.1
2016-08-11,165.4325,165.4976,164.7084,164.7295,1875153.0,1.0,0.0
2016-08-12,164.3928,164.5467,163.6765,164.0864,22855551.0,1.0,0.0
2016-08-15,163.6406,163.8997,163.6176,163.7758,49933675.0,1.0,0.0
2016-08-16,161.6553,161.8702,161.5531,161.8214,44215569.0,1.0,0.0
2016-08-17,160.7562,160.8545,159.2256,159.4626,4014725.0,1.0,0.0
2016-08-18,159.471,161.0087,159.307,160.8293,39033028.0,1.0,0.0
2016-08-19,160.6741,160.7433,159.2346,159.6212,14961288.0,1.0,0.0
2016-08-22,159.1077,159.2129,156.8944,157.1828,49365769.0,1.0,0.0
2016-08-23,158.774,158.8457,158.4441,158.6624,1880791.0,1.0,0.0
2016-08-24,158.6112,158.7307,157.7264,158.0138,42754929.0,1.0,0.0
2016-08-25,159.8463,160.211,159.615,159.8983,47559811.0,1.0,0.0
2016-08-26,160.7111,161.2147,160.5452,161.1108,36984410.0,1.0,0.0
2016-08-29,162.4373,162.5776,161.7893,162.1216,36261033.0,1.0,0.0
2016-08-30,162.2706,164.5108,162.2475,164.4517,1809100.0,1.0,0.0
2016-08-31,164.481,165.7499,164.1861,165.0526,11485670.0,1.0,0.0
2016-09-01,165.6793,166.3487,165.4304,166.2565,23361934.0,1.0,0.0
2016-09-02,167.771,168.1072,166.6998,166.9956,35554940.0,1.0,0.0
2016-09-06,167.7457,167.8713,165.8202,166.492,25844346.0,1.0,0.0
2016-09-07,166.0501,167.6352,165.8083,167.5837,19848968.0,1.0,0.0
2016-09-08,169.3592,169.5977,169.0179,169.3895,39576198.0,1.0,0.0
2016-09-09,168.258,169.5219,168.1901,169.3447,40735064.0,1.0,0.0
2016-09-12,171.93,172.2111,171.69,171.8688,33077598.0,1.0,0.0
2016-09-13,174.0995,175.0909,173.7733,174.7095,20120130.0,1.0,0.0
2016-09-14,175.8491,176.6398,175.7775,176.3028,9428460.0,1.0,0.0
2016-09-15,176.4991,176.7356,175.9609,176.0482,18149998.0,1.0,0.0
2016-09-16,176.3119,176.5646,175.0399,175.4935,14819794.0,1.0,0.0
2016-09-19,174.8376,175.4158,174.656,175.4051,44702091.0,1.0,0.0
2016-09-20,175.5595,175.661,174.5737,174.716,11785454.0,1.0,0.0
2016-09-21,175.4826,175.4874,172.5363,172.986,4526295.0,1.0,0.0
2016-09-22,172.9884,173.1104,172.7231,172.8622,26751008.0,1.0,0.0
2016-09-23,172.2758,172.5251,171.682,171.8183,2777964.0,1.0,0.0
2016-09-26,170.6118,170.8166,169.7572,170.1299,7108240.0,1.0,0.0
2016-09-27,170.0624,170.4891,169.2592,170.4405,22241412.0,1.0,0.0
2016-09-28,171.416,171.707,170.9389,171.0404,48749180.0,1.0,0.0
2016-09-29,171.0568,171.2536,170.3989,170.8894,28510779.0,1.0,0.0
2016-09-30,170.821,171.9717,170.7208,171.3857,45457263.0,1.0,0.0
2016-10-03,171.3437,172.0595,171.1463,171.7171,23430588.0,1.0,0.0
2016-10-04,171.7353,172.3841,170.7345,170.8267,36354130.0,1.0,0.0
2016-10-05,170.6584,170.9439,168.6853,169.5434,21234008.0,1.0,0.0
2016-10-06,170.0655,171.2181,169.3963,171.1801,49970995.0,1.0,0.0
2016-10-07,170.7042,171.3455,170.4769,170.9413,12358702.0,1.0,0.0
2016-10-10,170.3963,171.9337,170.209,171.7113,28895549.0,1.0,0.0
2016-10-11,172.2622,172.7754,172.0235,172.3018,23176777.0,1.0,0.0
2016-10-12,173.1936,174.4006,172.8475,174.3288,9123681.0,1.0,0.0
2016-10-13,175.1563,175.4128,175.0361,175.3331,22869284.0,1.0,0.0
2016-10-14,175.8641,175.9488,174.6185,174.7492,34484289.0,1.0,0.0
2016-10-17,174.5913,174.9005,173.0081,173.3209,31291558.0,1.0,0.0
2016-10-18,173.1802,173.8907,172.9544,173.7286,12490584.0,1.0,0.0
2016-10-19,174.0805,174.3055,173.5931,173.6602,13915085.0,1.0,0.0
2016-10-20,174.5022,175.3619,174.3928,175.0277,36703898.0,1.0,0.0
2016-10-21,174.8633,174.9471,173.2288,173.5483,35245906.0,1.0,0.0
2016-10-24,173.0833,173.4056,172.9091,173.2696,10833796.0,1.0,0.0
2016-10-25,174.1964,175.9309,173.9207,175.8829,35255938.0,1.0,0.0
2016-10-26,176.172,176.681,176.0022,176.0899,9079089.0,1.0,0.0
2016-10-27,177.2919,179.0826,177.2853,179.0629,3944325.0,1.0,0.0
2016-10-28,179.3394,181.4212,178.8021,181.3065,47248923.0,1.0,0.0
2016-10-31,180.8223,181.2827,180.7259,180.9091,41667505.0,1.0,0.0
2016-11-01,180.2721,183.4417,179.9071,183.368,45046272.0,1.0,0.0
2016-11-02,184.0564,184.3106,182.4612,183.0209,1623636.0,1.0,0.0
2016-11-03,182.1812,182.9802,182.1728,182.7041,41160760.0,1.0,0.0
2016-11-04,182.5083,183.0929,182.2586,182.649,41086875.0,1.0,0.0
2016-11-07,182.3932,183.1934,182.2342,182.8471,49929353.0,1.0,0.0
2016-11-08,183.1764,183.9781,182.8592,183.9348,36397220.0,1.0,0.0
2016-11-09,182.3971,182.4128,180.8272,181.2473,25879759.0,1.0,1.1
2016-11-10,181.3991,181.9019,181.1117,181.8475,13286009.0,1.0,0.0
2016-11-11,181.8656,183.3849,181.2748,182.8344,45171140.0,1.0,0.0
2016-11-14,182.8795,185.1098,182.4642,184.744,2554021.0,1.0,0.0
2016-11-15,185.1563,185.2455,183.993,184.2288,45514591.0,1.0,0.0
2016-11-16,184.071,184.516,183.8528,183.967,42818663.0,1.0,0.0
2016-11-17,183.7204,183.7487,181.8018,182.3228,38870119.0,1.0,0.0
2016-11-18,181.8318,184.3682,181.4186,184.1555,35188165.0,1.0,0.0
2016-11-21,184.212,184.403,182.7407,183.3518,39007856.0,1.0,0.0
2016-11-22,183.5767,185.8499,183.3016,185.4203,48192191.0,1.0,0.0
2016-11-23,184.7779,186.4504,184.5886,185.9157,26546855.0,1.0,0.0
2016-11-25,185.2409,185.4988,183.9517,184.4092,11538701.0,1.0,0.0
2016-11-28,184.2511,184.5366,183.3197,183.5782,28348119.0,1.0,0.0
2016-11-29,183.1622,183.4625,183.1065,183.3357,7394065.0,1.0,0.0
2016-11-30,184.1689,184.3397,183.089,183.3641,43816664.0,1.0,0.0
2016-12-01,183.6958,185.1653,183.2897,184.9077,40493523.0,1.0,0.0
2016-12-02,184.684,187.6754,184.5777,186.7823,19530061.0,1.0,0.0
2016-12-05,186.4277,186.9172,185.8259,186.8146,5395736.0,1.0,0.0
2016-12-06,186.864,187.7486,186.8085,187.3282,44578403.0,1.0,0.0
2016-12-07,186.8727,187.9672,186.5343,187.8872,31082908.0,1.0,0.0
2016-12-08,188.5175,188.8563,186.8482,187.5606,37540238.0,1.0,0.0
2016-12-09,187.4977,188.0488,187.4124,187.8153,45909439.0,1.0,0.0
2016-12-12,188.56,189.618,188.438,189.3949,36272787.0,1.0,0.0
2016-12-13,189.7974,190.2989,188.7671,189.1422,10213780.0,1.0,0.0
2016-12-14,187.6269,190.2565,187.4941,190.2188,26957704.0,1.0,0.0
2016-12-15,189.0326,189.146,188.3326,188.6958,29553056.0,1.0,0.0
2016-12-16,187.923,188.136,187.6636,188.0557,36258727.0,1.0,0.0
2016-12-19,188.234,188.6968,188.1133,188.2601,3827295.0,1.0,0.0
2016-12-20,191.6313,191.9539,190.8411,190.9965,3540771.0,1.0,0.0
2016-12-21,191.1973,191.6985,190.0415,190.2078,28215839.0,1.0,0.0
2016-12-22,190.6287,191.3007,187.4901,187.6932,34370820.0,1.0,0.0
2016-12-23,189.3593,190.5523,189.3173,190.2121,6929969.0,1.0,0.0
2016-12-27,191.269,191.7015,189.6933,190.4527,36098648.0,1.0,0.0
2016-12-28,189.3553,190.743,189.2145,190.2049,4407779.0,1.0,0.0
2016-12-29,189.029,189.8663,188.6374,189.4389,39483602.0,1.0,0.0
2016-12-30,189.897,190.0902,189.3128,189.965,27556860.0,1.0,0.0
2017-01-03,190.5015,191.7387,189.9921,191.2833,16949795.0,1.0,0.0
2017-01-04,189.501,189.5201,188.7792,188.9032,12485534.0,1.0,0.0
2017-01-05,188.4213,190.95,187.9947,190.9301,8981057.0,1.0,0.0
2017-01-06,191.2589,192.4054,190.7576,192.3902,10590188.0,1.0,0.0
2017-01-09,193.4047,193.8006,192.8344,193.228,34739515.0,1.0,0.0
2017-01-10,194.9156,195.4163,193.5759,193.8472,19211153.0,1.0,0.0
2017-01-11,196.8622,198.929,196.4967,198.8384,49566721.0,1.0,0.0
2017-01-12,199.3359,200.4826,199.1929,199.7424,33888584.0,1.0,0.0
2017-01-13,199.5787,199.8225,198.8793,199.1683,24065173.0,1.0,0.0
2017-01-17,199.5766,199.8861,198.0696,198.4387,41618142.0,1.0,0.0
2017-01-18,197.577,198.0981,196.5403,196.6146,18401367.0,1.0,0.0
2017-01-19,196.1932,197.3903,196.1241,196.7913,48184613.0,1.0,0.0
2017-01-20,198.3653,200.6406,197.6508,199.9453,10020689.0,1.0,0.0
2017-01-23,203.6813,203.7599,202.1175,202.3098,47993893.0,1.0,0.0
2017-01-24,200.9228,203.2162,200.4709,202.7018,18082378.0,1.0,0.0
2017-01-25,206.0532,206.5663,205.252,205.4267,48432331.0,1.0,0.0
2017-01-26,207.7393,207.8405,206.6129,206.8511,29227613.0,1.0,0.0
2017-01-27,207.9383,209.123,207.8314,208.847,4644120.0,1.0,0.0
2017-01-30,207.5729,207.9441,207.3708,207.5423,30502109.0,1.0,0.0
2017-01-31,205.4341,205.5731,204.9261,205.2382,25842422.0,1.0,0.0
2017-02-01,205.0063,205.4512,201.9302,202.542,35725740.0,1.0,0.0
2017-02-02,202.0691,202.5647,201.5169,201.5599,29194682.0,1.0,0.0
2017-02-03,202.9077,203.0921,201.4383,202.0503,7494749.0,1.0,0.0
2017-02-06,204.9248,205.1242,204.5575,204.9948,5950905.0,1.0,0.0
2017-02-07,206.2641,206.8106,204.8476,205.0414,10871428.0,1.0,0.0
2017-02-08,203.02,203.646,201.8509,202.4178,36732565.0,1.0,1.1
2017-02-09,201.6192,202.2758,201.3214,202.2092,8441062.0,1.0,0.0
2017-02-10,202.62,203.4333,202.5336,203.3622,31924132.0,1.0,0.0
2017-02-13,203.3756,203.4215,202.3905,203.0038,11174525.0,1.0,0.0
2017-02-14,203.341,203.4526,202.0675,203.0235,34335195.0,1.0,0.0
2017-02-15,202.8077,202.9088,202.4911,202.5953,24388102.0,1.0,0.0
2017-02-16,200.6512,200.9322,199.1141,199.8419,46446216.0,1.0,0.0
2017-02-17,200.4423,200.883,200.04,200.1803,20893780.0,1.0,0.0
2017-02-21,201.2995,201.5334,199.6138,199.6296,22115438.0,1.0,0.0
2017-02-22,198.4857,199.2469,197.878,198.049,26184232.0,1.0,0.0
2017-02-23,196.8891,197.1683,195.6433,196.0277,44212335.0,1.0,0.0
2017-02-24,197.1262,197.6003,196.1725,196.6628,12721698.0,1.0,0.0
2017-02-27,199.928,202.1596,199.4409,201.4125,12636109.0,1.0,0.0
2017-02-28,199.736,201.2501,199.424,200.772,24067811.0,1.0,0.0
2017-03-01,201.2861,201.9369,200.3952,200.6306,28358330.0,1.0,0.0
2017-03-02,199.4054,199.9497,199.0478,199.0887,24573400.0,1.0,0.0
2017-03-03,197.464,197.728,195.2143,195.3687,33150166.0,1.0,0.0
2017-03-06,195.8558,196.2311,194.6408,195.091,22207730.0,1.0,0.0
2017-03-07,195.3873,195.5594,194.1151,194.4251,13394163.0,1.0,0.0
2017-03-08,194.7269,195.0707,194.1348,194.7041,45356790.0,1.0,0.0
2017-03-09,195.1947,196.1836,195.064,195.9787,41194931.0,1.0,0.0
2017-03-10,196.0167,196.1704,195.2337,195.2688,3633509.0,1.0,0.0
2017-03-13,193.9387,196.109,193.7729,196.0696,40752624.0,1.0,0.0
2017-03-14,196.5724,196.8498,196.097,196.4423,32233304.0,1.0,0.0
2017-03-15,196.8573,196.9001,195.3346,195.8176,45224421.0,1.0,0.0
2017-03-16,195.5055,195.5203,195.1862,195.4737,13629983.0,1.0,0.0
2017-03-17,197.1898,197.4113,195.0355,195.2726,9039558.0,1.0,0.0
2017-03-20,193.9453,196.6015,193.5029,195.9093,40532490.0,1.0,0.0
2017-03-21,193.9661,194.2752,190.8376,190.9183,24568666.0,1.0,0.0
2017-03-22,189.0685,190.5074,188.9162,190.1529,39958622.0,1.0,0.0
2017-03-23,187.8388,189.5929,187.6674,189.4625,46579441.0,1.0,0.0
2017-03-24,189.7555,189.7678,188.3365,188.545,15186232.0,1.0,0.0
2017-03-27,187.5912,187.9459,186.4275,186.4312,41271393.0,1.0,0.0
2017-03-28,186.482,186.7284,185.1787,185.5636,10855612.0,1.0,0.0
2017-03-29,185.4084,186.9053,185.2847,186.838,16795155.0,1.0,0.0
2017-03-30,187.2495,187.886,185.2065,185.7896,12551101.0,1.0,0.0
2017-03-31,185.6068,185.8084,184.4031,184.4857,48619008.0,1.0,0.0
2017-04-03,184.1605,185.9982,184.131,185.2736,10014982.0,1.0,0.0
2017-04-04,185.0496,185.3166,184.5724,184.7423,46363875.0,1.0,0.0
2017-04-05,185.1687,187.034,184.8745,186.9884,11259967.0,1.0,0.0
2017-04-06,186.2661,186.6442,186.1599,186.1852,16804075.0,1.0,0.0
2017-04-07,186.8422,187.1946,186.4745,186.5176,44800773.0,1.0,0.0
2017-04-10,184.7798,184.8293,183.6587,184.2943,27760118.0,1.0,0.0
2017-04-11,185.1989,187.1441,184.8528,186.857,46669478.0,1.0,0.0
2017-04-12,186.0775,186.4047,185.939,186.3372,5442777.0,1.0,0.0
2017-04-13,184.836,185.2031,184.742,184.8692,25749868.0,1.0,0.0
2017-04-17,185.2769,188.7015,185.0937,188.4176,29783778.0,1.0,0.0
2017-04-18,187.9319,188.4269,187.5888,187.759,35814231.0,1.0,0.0
2017-04-19,185.932,187.9306,185.8824,187.1912,40008145.0,1.0,0.0
2017-04-20,184.4868,184.9891,184.1765,184.6961,7058809.0,1.0,0.0
2017-04-21,183.9572,186.4539,183.3884,186.0826,7006894.0,1.0,0.0
2017-04-24,185.9263,188.1074,185.8971,187.3374,40996908.0,1.0,0.0
2017-04-25,187.7049,188.0875,186.4598,186.5673,1464652.0,1.0,0.0
2017-04-26,187.1413,187.2582,186.9896,187.186,14412468.0,1.0,0.0
2017-04-27,185.6107,185.8967,184.7857,184.9635,2200500.0,1.0,0.0
2017-04-28,185.0328,185.708,184.0109,184.3511,34344213.0,1.0,0.0
2017-05-01,184.5194,184.8009,184.47,184.7064,18731940.0,1.0,0.0
2017-05-02,184.674,184.7093,184.1008,184.3037,26381025.0,1.0,0.0
2017-05-03,183.8298,183.8301,183.5212,183.7229,4662885.0,1.0,0.0
2017-05-04,183.5083,183.7228,181.7756,182.0576,19174688.0,1.0,0.0
2017-05-05,182.3901,182.605,182.2804,182.5585,47287932.0,1.0,0.0
2017-05-08,183.1756,183.5516,181.2893,181.5262,12132638.0,1.0,0.0
2017-05-09,181.3326,181.5733,180.9711,181.4014,25481630.0,1.0,0.0
2017-05-10,179.7336,180.3853,179.5539,179.8308,43044497.0,1.0,1.1
2017-05-11,179.0414,179.3579,177.0607,177.2139,38308935.0,1.0,0.0
2017-05-12,177.2826,177.2907,176.7779,176.8783,5659041.0,1.0,0.0
2017-05-15,176.7671,177.0772,175.1996,175.3655,27022661.0,1.0,0.0
2017-05-16,175.4295,176.5543,175.0525,175.8954,2723447.0,1.0,0.0
2017-05-17,175.1819,175.3473,173.5429,174.1684,3323373.0,1.0,0.0
2017-05-18,175.0167,175.1148,173.7006,173.9735,21092335.0,1.0,0.0
2017-05-19,172.7967,175.0375,172.3571,174.1429,23995972.0,1.0,0.0
2017-05-22,174.2709,174.3645,173.0289,173.2005,25227619.0,1.0,0.0
2017-05-23,173.6629,174.0082,173.1014,173.6095,18122837.0,1.0,0.0
2017-05-24,174.3377,174.5401,173.5967,174.1729,37210417.0,1.0,0.0
2017-05-25,173.4952,174.7163,173.2913,174.5752,48923269.0,1.0,0.0
2017-05-26,174.4185,175.9454,174.3693,175.4768,11038530.0,1.0,0.0
2017-05-30,178.6377,178.9461,177.0832,177.416,5806351.0,1.0,0.0
2017-05-31,177.8216,178.0709,176.6223,176.8207,22926417.0,1.0,0.0
2017-06-01,179.9449,182.2971,179.7188,181.4258,10023131.0,1.0,0.0
2017-06-02,183.4113,184.4972,183.2597,184.2772,32119321.0,1.0,0.0
2017-06-05,184.3738,185.2828,183.9923,185.1428,33366051.0,1.0,0.0
2017-06-06,182.4976,182.9108,181.9942,182.7295,47201975.0,1.0,0.0
2017-06-07,183.7489,183.7785,180.8125,181.4528,15697366.0,1.0,0.0
2017-06-08,181.4057,181.5268,179.3429,180.0317,17180768.0,1.0,0.0
2017-06-09,181.8978,182.1272,180.1134,180.213,39728810.0,1.0,0.0
2017-06-12,177.5756,177.7596,175.2716,175.8104,31824738.0,1.0,0.0
2017-06-13,172.0518,172.6277,171.9011,172.1848,19207197.0,1.0,0.0
2017-06-14,174.5802,175.8359,174.5025,175.5719,26273413.0,1.0,0.0
2017-06-15,171.0622,171.8272,170.7765,171.4344,42360249.0,1.0,0.0
2017-06-16,173.6528,174.1961,173.1611,173.556,40281101.0,1.0,0.0
2017-06-19,170.56,171.9295,170.3488,171.8938,12406526.0,1.0,0.0
2017-06-20,173.5782,173.7263,172.7996,173.2484,7795496.0,1.0,0.0
2017-06-21,175.8454,176.1383,174.9021,175.5138,19856950.0,1.0,0.0
2017-06-22,172.678,175.4795,172.1767,174.371,44723704.0,1.0,0.0
2017-06-23,177.4457,178.2241,177.0419,177.9746,34452476.0,1.0,0.0
2017-06-26,175.1821,175.4296,172.9455,173.0125,16960625.0,1.0,0.0
2017-06-27,173.6566,174.8566,173.3502,174.733,30676075.0,1.0,0.0
2017-06-28,175.9174,176.96,175.8994,176.7942,47538614.0,1.0,0.0
2017-06-29,179.945,180.1988,178.4184,179.0788,44236540.0,1.0,0.0
2017-06-30,178.9205,179.0341,178.0157,178.4225,21888391.0,1.0,0.0
2017-07-03,176.4444,177.0253,176.3607,176.7044,45781801.0,1.0,0.0
2017-07-05,178.5407,180.7566,178.2309,180.3093,7125895.0,1.0,0.0
2017-07-06,180.61,181.6609,179.6366,179.8967,44012266.0,1.0,0.0
2017-07-07,182.09,183.0885,182.0238,182.7785,38400003.0,1.0,0.0
2017-07-10,183.3691,185.2103,183.0002,185.2002,46580541.0,1.0,0.0
2017-07-11,181.1867,181.4625,179.6148,180.3222,33976065.0,1.0,0.0
2017-07-12,178.7696,178.9057,177.7663,178.2903,1960296.0,1.0,0.0
2017-07-13,177.9447,178.0338,176.6544,176.8465,4357821.0,1.0,0.0
2017-07-14,177.9639,178.1303,176.7409,177.1077,14862733.0,1.0,0.0
2017-07-17,178.7484,179.0378,178.6835,178.9041,29311941.0,1.0,0.0
2017-07-18,176.6976,177.771,176.5321,176.8366,22341055.0,1.0,0.0
2017-07-19,177.8368,178.4855,176.6159,176.6829,16933390.0,1.0,0.0
2017-07-20,179.1516,180.9793,178.8569,180.7005,48310363.0,1.0,0.0
2017-07-21,180.5349,181.3978,179.9865,180.3008,11298170.0,1.0,0.0
2017-07-24,180.3958,180.6153,180.1136,180.4063,6746969.0,1.0,0.0
2017-07-25,179.8441,180.8249,179.834,180.7514,39353649.0,1.0,0.0
2017-07-26,181.5604,182.4937,180.8414,181.9851,49444299.0,1.0,0.0
2017-07-27,181.9019,182.3472,181.6333,182.2418,37964240.0,1.0,0.0
2017-07-28,182.0714,182.5839,181.4749,181.8376,23551105.0,1.0,0.0
2017-07-31,181.9498,182.4936,181.4453,181.5338,13676706.0,1.0,0.0
2017-08-01,183.2201,185.4845,183.1711,185.2551,12833520.0,1.0,0.0
2017-08-02,186.8893,187.2253,185.3055,185.5453,20937531.0,1.0,0.0
2017-08-03,184.8806,184.8836,184.4738,184.7436,19310264.0,1.0,0.0
2017-08-04,183.9054,185.6434,183.8843,185.0698,40480012.0,1.0,0.0
2017-08-07,186.654,186.7985,185.7896,185.9698,10521783.0,1.0,0.0
2017-08-08,185.8066,186.3769,185.3393,185.6037,45734665.0,1.0,0.0
2017-08-09,185.4291,189.1984,185.4034,188.4247,49135579.0,1.0,1.1
2017-08-10,188.7779,191.1311,188.6134,191.0634,27037253.0,1.0,0.0
2017-08-11,190.3605,191.3754,190.0894,191.0587,48629396.0,1.0,0.0
2017-08-14,186.7808,187.8605,186.3951,187.2542,42789609.0,1.0,0.0
2017-08-15,187.8007,188.4419,187.1139,187.1654,36768620.0,1.0,0.0
2017-08-16,186.7091,188.2186,186.3209,187.5472,23452014.0,1.0,0.0
2017-08-17,187.4905,188.7605,187.2204,188.6077,45088190.0,1.0,0.0
2017-08-18,188.9406,189.0481,187.3155,187.6671,22043002.0,1.0,0.0
2017-08-21,188.8871,189.5549,188.7809,189.2803,43784111.0,1.0,0.0
2017-08-22,190.1385,190.5053,188.7222,188.9318,43482088.0,1.0,0.0
2017-08-23,187.2543,188.1359,186.8302,187.7223,22834293.0,1.0,0.0
2017-08-24,187.8392,188.1203,187.5629,188.0172,22088801.0,1.0,0.0
2017-08-25,190.2628,190.3126,189.8972,190.1211,28129875.0,1.0,0.0
2017-08-28,185.302,185.7393,184.5636,184.8384,14745290.0,1.0,0.0
2017-08-29,184.6445,185.4716,183.9774,184.7428,42075197.0,1.0,0.0
2017-08-30,186.7861,187.005,185.858,186.0921,22382938.0,1.0,0.0
2017-08-31,185.8323,185.9093,183.1021,183.6465,48821850.0,1.0,0.0
2017-09-01,187.8148,187.8676,185.7689,186.4021,21371648.0,1.0,0.0
2017-09-05,187.8954,188.4226,185.534,185.7239,7510447.0,1.0,0.0
2017-09-06,187.1131,187.5208,187.0482,187.0591,40608644.0,1.0,0.0
2017-09-07,185.5503,186.1628,185.2238,185.7257,35496580.0,1.0,0.0
2017-09-08,186.026,187.5359,185.5903,187.4069,13490260.0,1.0,0.0
2017-09-11,185.2221,185.4974,184.5783,184.8055,12061728.0,1.0,0.0
2017-09-12,184.8513,186.8275,183.934,186.5672,17474498.0,1.0,0.0
2017-09-13,187.5269,187.943,185.7738,186.6196,23259841.0,1.0,0.0
2017-09-14,185.3236,185.902,183.8361,184.6019,33898628.0,1.0,0.0
2017-09-15,185.168,186.6525,184.3963,186.0677,28760568.0,1.0,0.0
2017-09-18,187.1547,187.2668,186.6096,186.7535,7160289.0,1.0,0.0
2017-09-19,183.7619,184.7303,183.4502,184.6004,18634532.0,1.0,0.0
2017-09-20,183.2261,183.5431,182.0739,182.0898,19488475.0,1.0,0.0
2017-09-21,181.2238,182.689,181.1442,181.7695,39515883.0,1.0,0.0
2017-09-22,182.8954,183.0823,182.1429,182.2636,23737312.0,1.0,0.0
2017-09-25,180.5661,181.4043,180.2257,181.085,31140061.0,1.0,0.0
2017-09-26,182.1889,182.6662,181.591,181.934,27752183.0,1.0,0.0
2017-09-27,181.9272,182.1288,181.8508,182.0936,41506465.0,1.0,0.0
2017-09-28,177.3486,177.5197,175.78,176.2745,10968649.0,1.0,0.0
2017-09-29,175.0599,175.07,174.7079,174.7232,22952674.0,1.0,0.0
2017-10-02,174.7057,174.7717,174.3068,174.3614,31329673.0,1.0,0.0
2017-10-03,174.2754,175.3616,174.0903,174.3083,5385929.0,1.0,0.0
2017-10-04,175.0526,175.9168,174.9821,175.6307,34689242.0,1.0,0.0
2017-10-05,174.4487,174.8574,173.982,173.9839,12640178.0,1.0,0.0
2017-10-06,173.3857,173.7233,172.8387,173.5453,23235966.0,1.0,0.0
2017-10-09,174.4946,174.4995,172.0441,172.3628,43299301.0,1.0,0.0
2017-10-10,172.1647,172.7298,171.5582,171.57,30203131.0,1.0,0.0
2017-10-11,171.1686,171.4029,169.6587,169.9274,6446792.0,1.0,0.0
2017-10-12,170.113,170.1571,169.5429,169.5982,18814859.0,1.0,0.0
2017-10-13,170.1467,170.1616,169.7739,169.9813,12213423.0,1.0,0.0
2017-10-16,171.115,171.2213,170.2127,170.3188,16785944.0,1.0,0.0
2017-10-17,169.6544,169.9087,168.8428,169.1534,48204966.0,1.0,0.0
2017-10-18,169.2457,170.8015,168.9881,170.6876,40941020.0,1.0,0.0
2017-10-19,170.6226,171.1717,169.349,169.8491,28773709.0,1.0,0.0
2017-10-20,169.6882,171.1225,169.3464,170.8535,16483619.0,1.0,0.0
2017-10-23,170.6322,171.8872,170.6119,171.6034,48821873.0,1.0,0.0
2017-10-24,171.3661,171.6199,169.8058,169.8653,5382837.0,1.0,0.0
2017-10-25,169.8544,170.2093,169.2823,169.4504,36271404.0,1.0,0.0
2017-10-26,170.1917,170.4623,169.9569,170.3714,23335317.0,1.0,0.0
2017-10-27,170.7401,171.1134,170.517,170.596,45803574.0,1.0,0.0
2017-10-30,170.7402,171.1875,169.9109,169.961,41115071.0,1.0,0.0
2017-10-31,170.4179,170.5592,169.8583,170.3977,14058477.0,1.0,0.0
2017-11-01,169.9748,172.4774,169.6808,172.4771,3314112.0,1.0,0.0
2017-11-02,172.2191,172.3405,171.711,171.932,15706927.0,1.0,0.0
2017-11-03,172.0394,173.8053,171.6542,173.4074,34560440.0,1.0,0.0
2017-11-06,174.2982,174.9443,174.2122,174.8749,44433508.0,1.0,0.0
2017-11-07,174.7958,175.6303,174.7644,175.5484,26565908.0,1.0,0.0
2017-11-08,174.1438,174.7043,173.6024,174.5401,40469444.0,1.0,1.1
2017-11-09,174.9774,176.2163,174.3495,176.1692,34380127.0,1.0,0.0
2017-11-10,176.2618,176.5819,175.2356,175.2403,25001741.0,1.0,0.0
2017-11-13,175.9654,176.2446,174.8646,174.9831,23133776.0,1.0,0.0
2017-11-14,175.007,177.0815,174.8817,176.6865,15242775.0,1.0,0.0
2017-11-15,176.3193,176.4171,175.2763,175.6277,10925967.0,1.0,0.0
2017-11-16,175.6211,176.5746,175.5466,176.1713,17674012.0,1.0,0.0
2017-11-17,177.0172,177.657,175.7941,176.0065,32165217.0,1.0,0.0
2017-11-20,176.4114,178.4681,176.3132,177.7598,29944842.0,1.0,0.0
2017-11-21,178.0192,178.1223,177.2901,177.7455,40174514.0,1.0,0.0
2017-11-22,177.0624,178.7209,176.8775,178.688,12316759.0,1.0,0.0
2017-11-24,177.2852,177.3991,176.7744,176.8481,35237517.0,1.0,0.0
2017-11-27,178.0405,179.7526,177.7087,179.4436,6752617.0,1.0,0.0
2017-11-28,180.0862,180.2857,178.6191,178.8288,40934020.0,1.0,0.0
2017-11-29,179.25,179.2928,177.8698,178.1046,45136579.0,1.0,0.0
2017-11-30,178.5174,179.6973,178.188,179.2558,43686081.0,1.0,0.0
2017-12-01,179.2193,180.786,179.0406,180.7335,15068697.0,1.0,0.0
2017-12-04,180.1585,181.2978,179.7798,181.0181,11819164.0,1.0,0.0
2017-12-05,181.7067,182.5276,181.0574,182.3679,1708448.0,1.0,0.0
2017-12-06,182.2779,184.0649,181.956,183.817,47870923.0,1.0,0.0
2017-12-07,184.6759,184.898,184.334,184.639,20221557.0,1.0,0.0
2017-12-08,184.0922,185.9576,183.7134,185.5239,18411684.0,1.0,0.0
2017-12-11,186.7873,188.8478,186.7601,188.2149,45398798.0,1.0,0.0
2017-12-12,188.762,189.8858,188.3644,189.2643,38704281.0,1.0,0.0
2017-12-13,190.5068,191.2799,190.1863,191.1745,46393748.0,1.0,0.0
2017-12-14,191.5685,194.982,191.0049,193.9179,31598809.0,1.0,0.0
2017-12-15,193.0265,193.8693,192.7032,193.7768,13387165.0,1.0,0.0
2017-12-18,193.6063,195.6226,193.4648,194.7248,10896483.0,1.0,0.0
2017-12-19,193.5831,193.8145,193.1017,193.1751,32305649.0,1.0,0.0
2017-12-20,193.4064,193.6222,193.2914,193.4857,44072597.0,1.0,0.0
2017-12-21,193.2903,193.7271,193.0665,193.2777,29283882.0,1.0,0.0
2017-12-22,193.4284,193.9316,193.361,193.6604,33938461.0,1.0,0.0
2017-12-26,193.1607,194.0733,192.6585,193.5612,48016745.0,1.0,0.0
2017-12-27,193.7815,195.507,193.6816,194.9862,28894246.0,1.0,0.0
2017-12-28,194.7828,195.0336,194.443,194.9389,46408733.0,1.0,0.0
2017-12-29,194.7877,195.2965,194.632,195.2921,24754704.0,1.0,0.0
2018-01-02,195.0807,197.7524,194.5478,197.6899,34444089.0,1.0,0.0
2018-01-03,198.1601,198.541,197.0849,197.3788,34809059.0,1.0,0.0
2018-01-04,196.3074,197.8511,196.1817,197.6166,6833178.0,1.0,0.0
2018-01-05,197.6736,198.1298,197.4367,197.6167,38486737.0,1.0,0.0
2018-01-08,197.8294,197.9043,197.2973,197.7215,48746991.0,1.0,0.0
2018-01-09,196.9686,197.0536,196.7693,197.0069,19565923.0,1.0,0.0
2018-01-10,197.6245,198.7481,197.2896,198.4605,48424119.0,1.0,0.0
2018-01-11,198.0026,199.3658,197.2235,199.1034,9862310.0,1.0,0.0
2018-01-12,198.4753,198.4956,197.4087,197.9066,22838481.0,1.0,0.0
2018-01-16,196.3555,198.1469,196.305,197.2155,35765641.0,1.0,0.0
2018-01-17,196.6584,196.9213,195.1561,195.5286,24982448.0,1.0,0.0
2018-01-18,195.6292,196.161,195.1356,195.4515,40084389.0,1.0,0.0
2018-01-19,194.2725,195.1848,194.0461,194.607,19318753.0,1.0,0.0
2018-01-22,195.0361,196.8547,194.8297,196.4395,44003120.0,1.0,0.0
2018-01-23,196.8344,197.6394,195.9178,196.1037,12355797.0,1.0,0.0
2018-01-24,196.5062,196.5861,195.5251,195.9887,44869016.0,1.0,0.0
2018-01-25,196.3207,196.6865,196.1738,196.3339,2543810.0,1.0,0.0
2018-01-26,195.7122,196.4607,192.95,193.3563,44886038.0,1.0,0.0
2018-01-29,192.8728,192.932,192.3982,192.4268,42149869.0,1.0,0.0
2018-01-30,192.2339,192.2772,191.6952,191.9082,29949185.0,1.0,0.0
2018-01-31,191.7039,191.8314,190.1926,190.776,30498558.0,1.0,0.0
2018-02-01,190.4559,190.9992,190.2996,190.9787,27612155.0,1.0,0.0
2018-02-02,190.3472,191.9552,190.031,191.6927,22551757.0,1.0,0.0
2018-02-05,191.4505,192.9632,191.3656,192.4638,6502333.0,1.0,0.0
2018-02-06,192.6576,192.785,191.335,191.4288,42488411.0,1.0,0.0
2018-02-07,192.0921,193.2618,191.3363,192.6404,3023781.0,1.0,0.0
2018-02-08,192.6799,193.0486,190.8991,191.6095,43169030.0,1.0,0.0
2018-02-09,191.9685,192.2863,190.3,190.5032,41660105.0,1.0,0.0
2018-02-12,189.9764,190.7567,189.5572,190.6457,12736140.0,1.0,0.0
2018-02-13,191.3118,191.7377,191.184,191.3829,35868865.0,1.0,0.0
2018-02-14,191.2811,191.7418,190.4665,190.9238,41479941.0,1.0,0.0
2018-02-15,189.9634,190.775,188.257,188.576,29922338.0,1.0,0.0
2018-02-16,189.5788,189.8535,189.09,189.4958,32310068.0,1.0,0.0
2018-02-20,189.0014,191.0344,188.8895,190.2319,17194189.0,1.0,0.0
2018-02-21,190.823,191.2331,188.5287,188.8796,30205414.0,1.0,0.0
2018-02-22,188.1921,188.6522,187.7875,188.3306,31355655.0,1.0,0.0
2018-02-23,188.9619,191.4038,188.6014,190.8496,32079744.0,1.0,0.0
2018-02-26,192.3261,193.5269,192.2577,193.064,23785345.0,1.0,0.0
2018-02-27,194.2193,194.6314,193.9159,194.5878,15167501.0,1.0,0.0
2018-02-28,194.334,194.6313,193.1447,193.211,30940743.0,1.0,0.0
2018-03-01,195.1037,196.6111,194.896,196.5004,30210425.0,1.0,0.0
2018-03-02,198.3083,200.224,198.0879,199.878,45074813.0,1.0,0.0
2018-03-05,201.1008,201.3298,200.3483,200.8311,7256496.0,1.0,0.0
2018-03-06,201.2968,201.4234,200.4132,200.9402,28470400.0,1.0,0.0
2018-03-07,199.5244,199.9319,198.3903,198.3949,15890399.0,1.0,0.0
2018-03-08,197.8661,198.1472,196.9961,197.2114,16122464.0,1.0,0.0
2018-03-09,196.5051,197.3631,196.4166,197.2354,13536707.0,1.0,0.0
2018-03-12,197.329,197.5512,194.9681,195.1387,10188816.0,1.0,0.0
2018-03-13,195.1235,195.1967,194.8796,194.9,11574008.0,1.0,0.0
2018-03-14,195.4082,196.4216,195.3711,196.2632,47853244.0,1.0,0.0
2018-03-15,195.3342,195.5967,193.853,194.5781,34092720.0,1.0,0.0
2018-03-16,194.9967,195.0484,194.2567,194.2865,13811204.0,1.0,0.0
2018-03-19,195.9931,196.309,195.6943,195.8507,36096499.0,1.0,0.0
2018-03-20,197.1564,200.3795,196.84,199.9067,11998428.0,1.0,0.0
2018-03-21,199.9777,200.7529,199.9586,200.5171,17632260.0,1.0,0.0
2018-03-22,200.6705,200.9698,199.4591,199.7945,23370786.0,1.0,0.0
2018-03-23,200.0958,200.4711,198.3242,198.5221,4434702.0,1.0,0.0
2018-03-26,197.8662,199.5805,197.6391,198.7485,7135727.0,1.0,0.0
2018-03-27,199.3537,199.5492,198.2642,198.6365,25695618.0,1.0,0.0
2018-03-28,198.7211,199.0998,198.6295,198.7368,36463491.0,1.0,0.0
2018-03-29,199.2528,200.5379,198.7262,200.0436,47735714.0,1.0,0.0
2018-04-02,200.5832,201.6392,199.6918,199.8215,19208544.0,1.0,0.0
2018-04-03,200.7606,201.2758,200.3632,201.2059,47863955.0,1.0,0.0
2018-04-04,201.4216,201.8705,200.7407,201.0625,45085594.0,1.0,0.0
2018-04-05,200.9268,200.9383,199.2097,199.3913,47010704.0,1.0,0.0
2018-04-06,198.8534,202.3995,198.6932,201.8187,23004931.0,1.0,0.0
2018-04-09,201.1094,201.8557,200.5082,201.7682,10236873.0,1.0,0.0
2018-04-10,201.3458,202.2096,200.6512,201.9421,5112956.0,1.0,0.0
2018-04-11,201.2912,201.718,200.8298,200.9904,7885550.0,1.0,0.0
2018-04-12,200.8431,201.0449,198.8957,199.3419,34549728.0,1.0,0.0
2018-04-13,199.2236,199.7425,198.9094,199.0925,15583768.0,1.0,0.0
2018-04-16,199.459,200.062,199.2665,199.6151,44584167.0,1.0,0.0
2018-04-17,199.5784,201.9452,199.3223,201.3896,33500728.0,1.0,0.0
2018-04-18,201.4196,201.6532,200.9216,201.0163,30476401.0,1.0,0.0
2018-04-19,200.2287,200.7694,199.9286,200.2508,32196793.0,1.0,0.0
2018-04-20,199.6474,199.6661,198.8519,198.9396,32932637.0,1.0,0.0
2018-04-23,195.9607,196.1994,195.955,195.9687,5593841.0,1.0,0.0
2018-04-24,196.9553,197.3139,196.5063,196.5627,30492396.0,1.0,0.0
2018-04-25,196.5942,196.8909,196.5146,196.5273,43180907.0,1.0,0.0
2018-04-26,197.1551,197.2737,195.903,196.2103,20681757.0,1.0,0.0
2018-04-27,196.8632,197.4223,196.4258,196.6075,31247914.0,1.0,0.0
2018-04-30,196.6213,197.1266,195.2729,195.8137,30564752.0,1.0,0.0
2018-05-01,197.4695,197.8207,197.1033,197.601,10501633.0,1.0,0.0
2018-05-02,197.292,199.617,196.9766,199.373,4964016.0,1.0,0.0
2018-05-03,199.8567,199.8817,198.7817,199.1469,46809265.0,1.0,0.0
2018-05-04,199.0195,201.0862,198.8737,200.8954,42437785.0,1.0,0.0
2018-05-07,202.188,203.4084,201.9248,202.6912,17404792.0,1.0,0.0
2018-05-08,202.697,204.3448,202.1991,203.9695,21679450.0,1.0,0.0
2018-05-09,203.354,203.8233,202.3729,203.3352,8532410.0,1.0,1.1
2018-05-10,203.238,203.6134,201.3849,201.4411,24291527.0,1.0,0.0
2018-05-11,201.6639,203.7255,201.112,203.4014,19003925.0,1.0,0.0
2018-05-14,203.5468,203.8059,203.2881,203.7732,29540029.0,1.0,0.0
2018-05-15,204.7296,204.9298,203.3182,203.7981,47605993.0,1.0,0.0
2018-05-16,203.8026,204.405,203.5922,204.3365,17639090.0,1.0,0.0
2018-05-17,203.0451,203.3271,202.5674,203.2889,5796204.0,1.0,0.0
2018-05-18,202.8559,202.9776,201.9376,202.1998,47207095.0,1.0,0.0
2018-05-21,204.1085,204.5857,204.064,204.5196,22329249.0,1.0,0.0
2018-05-22,203.5122,205.2938,203.1641,205.0857,2820821.0,1.0,0.0
2018-05-23,205.8487,206.1259,203.685,204.4179,40796397.0,1.0,0.0
2018-05-24,203.0734,203.4108,202.7275,202.8143,11386508.0,1.0,0.0
2018-05-25,203.353,203.8711,202.4944,203.5767,38122942.0,1.0,0.0
2018-05-29,202.6048,204.9798,201.9422,204.4878,40089499.0,1.0,0.0
2018-05-30,204.2109,204.3319,203.4944,203.691,17358623.0,1.0,0.0
2018-05-31,203.0288,203.3304,202.3118,202.3991,41729376.0,1.0,0.0
2018-06-01,202.1987,203.6084,202.111,203.5614,15611507.0,1.0,0.0
2018-06-04,204.9463,205.5097,204.3418,204.7903,42557241.0,1.0,0.0
2018-06-05,204.7201,206.1927,204.102,206.0894,19619073.0,1.0,0.0
2018-06-06,205.9329,206.033,205.4287,205.4291,43959157.0,1.0,0.0
2018-06-07,206.0646,207.6167,206.0219,206.6917,13100303.0,1.0,0.0
2018-06-08,206.2581,207.192,205.2996,207.1111,29736117.0,1.0,0.0
2018-06-11,208.8816,210.4522,208.3016,210.3032,44346451.0,1.0,0.0
2018-06-12,210.655,211.4509,210.3863,210.723,20504010.0,1.0,0.0
2018-06-13,210.6134,211.731,210.511,211.3731,24228342.0,1.0,0.0
2018-06-14,210.7351,210.918,208.732,209.7982,6243670.0,1.0,0.0
2018-06-15,209.9548,211.3088,209.1086,209.1292,2885994.0,1.0,0.0
2018-06-18,209.533,209.6034,208.1551,208.2108,38093718.0,1.0,0.0
2018-06-19,207.9728,208.1212,206.4302,206.8443,42810011.0,1.0,0.0
2018-06-20,207.1356,207.9789,207.0497,207.9752,26163540.0,1.0,0.0
2018-06-21,208.3755,210.159,208.1028,209.6007,34930050.0,1.0,0.0
2018-06-22,210.0317,210.5766,209.6974,210.318,29868360.0,1.0,0.0
2018-06-25,209.7674,210.8339,209.6109,210.6219,20194255.0,1.0,0.0
2018-06-26,209.3811,209.9709,209.3398,209.6627,41280690.0,1.0,0.0
2018-06-27,210.7813,211.1281,208.6022,208.812,45853204.0,1.0,0.0
2018-06-28,208.8943,210.6729,208.6292,210.2582,1448398.0,1.0,0.0
2018-06-29,211.6601,212.7596,211.2768,212.0848,8380269.0,1.0,0.0
2018-07-02,211.457,212.6932,211.4019,212.461,7537968.0,1.0,0.0
2018-07-03,212.0019,213.0781,211.9372,212.6069,41419428.0,1.0,0.0
2018-07-05,211.8974,211.8988,210.8938,210.8947,38188026.0,1.0,0.0
2018-07-06,210.7802,211.0136,209.5597,209.9978,47731854.0,1.0,0.0
2018-07-09,209.196,210.0081,208.9471,209.9398,23439490.0,1.0,0.0
2018-07-10,210.168,211.2902,209.6557,210.937,45549686.0,1.0,0.0
2018-07-11,211.0034,211.459,210.388,211.3316,39102988.0,1.0,0.0
2018-07-12,211.855,211.9193,211.3411,211.4222,23711263.0,1.0,0.0
2018-07-13,211.8147,212.6853,211.435,212.2977,32572092.0,1.0,0.0
2018-07-16,212.0433,213.2511,211.8856,212.81,27880114.0,1.0,0.0
2018-07-17,212.2855,212.8044,211.8635,212.6604,17795950.0,1.0,0.0
2018-07-18,212.1656,212.3514,209.7278,209.9893,48213410.0,1.0,0.0
2018-07-19,207.0404,209.2143,206.2079,208.3696,24779632.0,1.0,0.0
2018-07-20,209.8429,209.9336,209.1091,209.3462,14023642.0,1.0,0.0
2018-07-23,209.5207,210.2038,209.1956,210.1286,49397362.0,1.0,0.0
2018-07-24,211.2513,211.399,209.7967,210.2393,45378213.0,1.0,0.0
2018-07-25,208.6987,208.994,207.2069,207.481,9206725.0,1.0,0.0
2018-07-26,206.8059,207.9181,206.6329,207.0587,38980691.0,1.0,0.0
2018-07-27,207.5127,209.7368,205.9461,208.9826,30892796.0,1.0,0.0
2018-07-30,209.6106,209.6486,208.9672,209.4242,27193541.0,1.0,0.0
2018-07-31,210.1751,210.729,210.0426,210.1876,12085809.0,1.0,0.0
2018-08-01,210.1072,211.3098,209.9721,210.7894,24767881.0,1.0,0.0
2018-08-02,211.597,212.5317,211.3864,212.3006,4657566.0,1.0,0.0
2018-08-03,211.798,212.1581,209.6496,209.7678,38656707.0,1.0,0.0
2018-08-06,210.2518,210.6223,209.9141,209.9649,12913813.0,1.0,0.0
2018-08-07,207.6329,209.2233,207.5384,208.7571,48329877.0,1.0,0.0
2018-08-08,206.5285,208.3805,206.2325,208.1899,16509640.0,1.0,1.1
2018-08-09,207.9678,208.4094,205.7064,206.0855,27784890.0,1.0,0.0
2018-08-10,205.7243,206.718,204.9014,204.9254,26648375.0,1.0,0.0
2018-08-13,203.2025,206.0144,203.1898,205.4751,9690279.0,1.0,0.0
2018-08-14,206.1588,209.0886,205.8285,208.7651,16923977.0,1.0,0.0
2018-08-15,209.1056,209.6672,208.5684,208.9065,41949209.0,1.0,0.0
2018-08-16,208.8211,208.9405,208.4172,208.4752,39175214.0,1.0,0.0
2018-08-17,208.845,209.8434,207.3545,208.0732,3226582.0,1.0,0.0
2018-08-20,208.1108,208.767,206.6081,207.0005,42555304.0,1.0,0.0
2018-08-21,207.316,209.1585,206.7945,208.5003,43544541.0,1.0,0.0
2018-08-22,208.9041,210.5396,208.7823,210.2608,14142395.0,1.0,0.0
2018-08-23,209.6056,210.3794,209.5945,209.7031,36724141.0,1.0,0.0
2018-08-24,210.601,211.6775,210.5533,210.9512,14913051.0,1.0,0.0
2018-08-27,211.0139,212.9204,210.3174,212.9113,34408164.0,1.0,0.0
2018-08-28,213.0617,213.6189,212.304,212.7295,15371794.0,1.0,0.0
2018-08-29,212.69,214.6307,212.4458,213.2491,17525676.0,1.0,0.0
2018-08-30,214.0308,214.2305,211.2417,211.6058,22136463.0,1.0,0.0
2018-08-31,211.3833,212.5021,211.2351,212.4001,24224213.0,1.0,0.0
2018-09-04,211.197,211.5545,210.9506,211.1241,40100569.0,1.0,0.0
2018-09-05,210.7667,211.2464,210.4562,210.6053,25304657.0,1.0,0.0
2018-09-06,212.199,212.5033,211.8555,212.062,11077313.0,1.0,0.0
2018-09-07,213.5139,217.3419,213.4163,216.6532,5459702.0,1.0,0.0
2018-09-10,219.3974,219.7058,218.4997,218.5975,1485559.0,1.0,0.0
2018-09-11,219.5115,221.8714,219.2327,221.6651,12850749.0,1.0,0.0
2018-09-12,221.0264,223.2524,220.7366,222.7538,3165056.0,1.0,0.0
2018-09-13,223.2812,223.4697,221.9505,223.0433,32157466.0,1.0,0.0
2018-09-14,224.7245,225.3605,224.3925,224.7336,39759784.0,1.0,0.0
2018-09-17,226.0184,226.5821,225.999,226.5414,8046799.0,1.0,0.0
2018-09-18,226.9481,227.6489,226.6112,227.3922,3640895.0,1.0,0.0
2018-09-19,226.6095,227.3648,226.0746,227.1586,16845539.0,1.0,0.0
2018-09-20,227.437,227.5805,226.3088,226.3866,15197469.0,1.0,0.0
2018-09-21,227.6951,227.7199,225.4333,225.6492,30165267.0,1.0,0.0
2018-09-24,224.8162,224.9846,223.3029,223.5483,48042260.0,1.0,0.0
2018-09-25,223.9155,224.1595,220.3907,221.049,36291321.0,1.0,0.0
2018-09-26,220.8419,222.6646,220.5165,222.592,47661006.0,1.0,0.0
2018-09-27,223.0335,223.2701,220.6537,221.1369,45297830.0,1.0,0.0
2018-09-28,220.4089,220.8462,218.6315,219.7735,29307744.0,1.0,0.0
2018-10-01,218.8252,221.2617,218.7849,221.1105,29254343.0,1.0,0.0
2018-10-02,220.675,221.899,220.4615,221.6827,4833212.0,1.0,0.0
2018-10-03,222.5378,223.3632,221.8507,221.9595,32418535.0,1.0,0.0
2018-10-04,222.0275,222.8952,221.6955,222.7207,9719831.0,1.0,0.0
2018-10-05,222.4421,222.5175,222.0693,222.1795,19648263.0,1.0,0.0
2018-10-08,221.4188,222.1525,219.6446,220.092,15407480.0,1.0,0.0
2018-10-09,220.9654,222.918,220.7884,222.1215,36155925.0,1.0,0.0
2018-10-10,222.5269,222.9105,219.7857,220.0606,24468845.0,1.0,0.0
2018-10-11,220.7395,220.9787,219.4246,220.2016,11478527.0,1.0,0.0
2018-10-12,221.4693,223.0641,221.108,222.8074,31886208.0,1.0,0.0
2018-10-15,222.8589,224.0083,220.7639,220.8152,22710300.0,1.0,0.0
2018-10-16,220.2728,221.0457,219.8938,220.3028,46768158.0,1.0,0.0
2018-10-17,220.056,220.8425,219.2732,219.2876,38696340.0,1.0,0.0
2018-10-18,219.33,219.6913,217.3725,217.4842,36543356.0,1.0,0.0
2018-10-19,218.7297,219.6947,218.4478,219.0615,32224022.0,1.0,0.0
2018-10-22,220.2607,221.0347,219.3554,220.76,44970805.0,1.0,0.0
2018-10-23,220.79,222.4575,220.6587,222.1959,4115380.0,1.0,0.0
2018-10-24,222.0254,222.1268,220.562,220.8055,25907809.0,1.0,0.0
2018-10-25,219.3359,219.6434,216.1307,216.4867,40099426.0,1.0,0.0
2018-10-26,216.8758,216.986,216.256,216.52,19487185.0,1.0,0.0
2018-10-29,216.7583,217.397,216.2923,216.5266,18666617.0,1.0,0.0
2018-10-30,215.8541,216.7223,215.2186,215.7538,1140385.0,1.0,0.0
2018-10-31,215.5424,215.6517,213.112,214.0789,1260570.0,1.0,0.0
2018-11-01,214.5828,216.5921,214.5777,216.3915,11031803.0,1.0,0.0
2018-11-02,216.4826,216.502,214.2172,214.6525,30096263.0,1.0,0.0
2018-11-05,214.0463,214.6433,212.8488,213.7732,40278625.0,1.0,0.0
2018-11-06,213.4286,214.2392,211.7744,211.9705,18025431.0,1.0,0.0
2018-11-07,211.461,211.7492,209.8736,210.3242,16705248.0,1.0,0.0
2018-11-08,210.2375,211.2536,210.1884,210.5924,23445184.0,1.0,0.0
2018-11-09,209.9476,210.7926,207.821,208.9181,42768428.0,1.0,0.0
2018-11-12,208.3557,208.7236,208.1134,208.3463,41960742.0,1.0,0.0
2018-11-13,208.1905,208.5416,207.4311,207.582,1994624.0,1.0,0.0
2018-11-14,208.3294,208.4169,207.7009,208.2499,11011996.0,1.0,0.0
2018-11-15,208.367,208.693,205.5433,206.1612,7709783.0,1.0,0.0
2018-11-16,206.3043,206.4974,205.092,205.1892,1529049.0,1.0,0.0
2018-11-19,203.8954,206.5394,203.492,205.8631,42148733.0,1.0,0.0
2018-11-20,206.439,206.4495,205.2055,205.6135,5215945.0,1.0,0.0
2018-11-21,206.9386,208.1831,206.551,207.7014,11439219.0,1.0,0.0
2018-11-23,208.5757,209.3989,207.1833,207.423,31250113.0,1.0,0.0
2018-11-26,207.8335,208.0591,205.1549,206.0548,22632552.0,1.0,0.0
2018-11-27,206.0689,206.3225,203.8065,204.3165,32408285.0,1.0,0.0
2018-11-28,203.7543,205.1364,203.1702,204.5988,11505232.0,1.0,0.0
2018-11-29,204.6106,205.1902,203.8582,204.6362,12456335.0,1.0,0.0
2018-11-30,205.6475,206.6176,204.7888,206.4347,5708764.0,1.0,0.0
2018-12-03,206.7631,208.0288,205.9232,207.918,38666010.0,1.0,0.0
2018-12-04,207.59,208.6458,205.2837,205.7552,14193999.0,1.0,0.0
2018-12-06,206.8629,206.9296,204.8307,205.5011,14402235.0,1.0,0.0
2018-12-07,205.0068,205.3011,204.3823,204.5852,10184285.0,1.0,0.0
2018-12-10,204.6846,205.3744,204.3481,204.5951,19588342.0,1.0,0.0
2018-12-11,205.5342,206.0355,204.0791,204.6769,3073433.0,1.0,0.0
2018-12-12,204.5934,204.7511,202.1989,202.2445,31855896.0,1.0,0.0
2018-12-13,202.2481,202.3686,201.9813,202.3534,14553731.0,1.0,0.0
2018-12-14,202.5391,203.6418,202.2088,203.5721,21893311.0,1.0,0.0
2018-12-17,202.2078,203.8381,201.6671,203.154,14812100.0,1.0,0.0
2018-12-18,203.2576,203.9999,202.8027,203.3453,13066714.0,1.0,0.0
2018-12-19,204.7331,207.49,204.2267,207.4114,15898794.0,1.0,0.0
2018-12-20,208.1495,208.9236,207.5162,207.8474,39033363.0,1.0,0.0
2018-12-21,208.0388,210.2256,207.4034,209.3085,27586445.0,1.0,0.0
2018-12-24,209.351,211.0459,208.697,210.5211,23366998.0,1.0,0.0
2018-12-26,210.7126,212.0694,210.4686,211.7515,15961542.0,1.0,0.0
2018-12-27,211.7842,211.9556,211.352,211.7188,9487961.0,1.0,0.0
2018-12-28,208.9786,209.076,207.6218,207.8624,26008944.0,1.0,0.0
2018-12-31,207.5189,208.1611,204.7621,204.9331,17195901.0,1.0,0.0
2019-01-02,204.4017,204.7362,204.2164,204.6758,22956386.0,1.0,0.0
2019-01-03,204.0052,204.7435,203.501,203.7859,36735105.0,1.0,0.0
2019-01-04,203.2815,203.8414,202.3107,202.4882,32909392.0,1.0,0.0
2019-01-07,202.2042,202.5318,200.0374,200.5591,23372994.0,1.0,0.0
2019-01-08,199.8094,199.9317,198.4236,199.0335,8238648.0,1.0,0.0
2019-01-09,197.7208,198.8971,197.7148,198.6235,17010689.0,1.0,0.0
2019-01-10,198.6375,199.745,198.5255,199.33,39818518.0,1.0,0.0
2019-01-11,198.4037,198.576,197.6647,197.9906,40891747.0,1.0,0.0
2019-01-14,197.8429,198.7017,197.4844,198.0813,14954184.0,1.0,0.0
2019-01-15,198.2373,200.5355,197.5996,199.3571,46053708.0,1.0,0.0
2019-01-16,199.7193,200.658,199.57,200.5436,45165382.0,1.0,0.0
2019-01-17,200.7208,200.9897,199.5334,199.8271,33097252.0,1.0,0.0
2019-01-18,199.4656,199.8191,199.2436,199.2438,48080957.0,1.0,0.0
2019-01-22,199.6621,200.5044,199.1787,200.359,46156806.0,1.0,0.0
2019-01-23,200.3794,200.3824,199.6447,199.6858,37106000.0,1.0,0.0
2019-01-24,199.8704,199.9488,199.495,199.8139,29610495.0,1.0,0.0
2019-01-25,200.0699,200.6449,199.7725,200.641,17568590.0,1.0,0.0
2019-01-28,200.9242,201.7734,199.8564,200.7543,35299400.0,1.0,0.0
2019-01-29,201.0903,202.1938,200.325,202.0969,44391255.0,1.0,0.0
2019-01-30,203.2582,203.4132,202.1188,202.4676,23169795.0,1.0,0.0
2019-01-31,201.6834,202.3205,201.2054,201.243,29208747.0,1.0,0.0
2019-02-01,200.3507,200.4397,199.1521,199.1834,32212527.0,1.0,0.0
2019-02-04,199.4183,201.1702,199.2636,201.0997,13922593.0,1.0,0.0
2019-02-05,200.1242,200.4035,198.8229,199.3869,19839330.0,1.0,0.0
2019-02-06,199.8369,201.1109,199.3911,200.8139,16230588.0,1.0,0.0
2019-02-07,200.8837,201.2899,200.1603,201.2111,18445618.0,1.0,0.0
2019-02-08,203.0688,203.5891,202.9106,203.2573,2543517.0,1.0,0.0
2019-02-11,203.3676,203.4551,202.3534,202.6145,49562976.0,1.0,0.0
2019-02-12,202.3634,203.4652,201.9678,203.2802,7991408.0,1.0,0.0
2019-02-13,204.8554,204.9153,203.1374,203.3491,23866869.0,1.0,0.0
2019-02-14,203.1865,205.0728,203.0467,204.7378,10296845.0,1.0,0.0
2019-02-15,202.692,203.5653,202.6105,203.3563,11618606.0,1.0,0.0
2019-02-19,201.6983,203.0948,201.0763,202.3504,7593779.0,1.0,0.0
2019-02-20,202.9042,203.2978,202.8226,203.0936,42274500.0,1.0,0.0
2019-02-21,200.5288,202.3637,200.0962,202.2388,15951988.0,1.0,0.0
2019-02-22,200.789,202.3189,200.278,202.2127,32870997.0,1.0,0.0
2019-02-25,201.317,201.7873,200.2905,200.6554,5556593.0,1.0,0.0
2019-02-26,201.8129,202.9525,201.587,202.3334,2109525.0,1.0,0.0
2019-02-27,202.3353,203.8125,202.1261,203.6641,1643878.0,1.0,0.0
2019-02-28,202.8553,203.1726,202.4476,202.9879,44741257.0,1.0,0.0
2019-03-01,202.0372,205.5522,201.9994,205.5281,3564571.0,1.0,0.0
2019-03-04,205.2068,207.5866,204.9622,207.4209,47005797.0,1.0,0.0
2019-03-05,206.5392,206.6217,205.3746,206.0005,41142308.0,1.0,0.0
2019-03-06,205.9441,206.2716,205.3275,205.5093,21329833.0,1.0,0.0
2019-03-07,204.7632,205.4229,204.4616,204.5376,27247503.0,1.0,0.0
2019-03-08,206.202,206.8225,206.0225,206.5015,42859522.0,1.0,0.0
2019-03-11,206.8403,207.0029,204.5557,204.8846,25814429.0,1.0,0.0
2019-03-12,204.3033,205.196,204.2097,204.901,21931957.0,1.0,0.0
2019-03-13,205.3989,205.5021,204.5376,204.628,46767939.0,1.0,0.0
2019-03-14,204.1488,204.5959,202.1406,202.2413,20982463.0,1.0,0.0
2019-03-15,201.5322,202.5699,201.0426,202.542,21769811.0,1.0,0.0
2019-03-18,205.0549,205.4902,204.3401,204.4344,27081213.0,1.0,0.0
2019-03-19,204.2883,204.404,203.3234,203.7858,47064893.0,1.0,0.0
2019-03-20,205.93,206.1149,205.362,205.6114,5765404.0,1.0,0.0
2019-03-21,205.7277,208.2577,205.407,207.9323,47476384.0,1.0,0.0
2019-03-22,209.1883,210.6552,209.0068,210.3425,14094458.0,1.0,0.0
2019-03-25,212.1705,212.4541,209.9752,210.8096,21462549.0,1.0,0.0
2019-03-26,210.5151,211.8652,210.4684,211.7674,17471658.0,1.0,0.0
2019-03-27,212.1068,212.4619,211.9562,212.0139,21308207.0,1.0,0.0
2019-03-28,211.2588,211.2995,208.51,208.6139,25765689.0,1.0,0.0
2019-03-29,210.0,210.2543,208.7954,209.4241,23175041.0,1.0,0.0
2019-04-01,210.2905,210.8479,208.828,208.8629,43612487.0,1.0,0.0
2019-04-02,209.309,209.8133,207.3461,207.4958,13368213.0,1.0,0.0
2019-04-03,207.2865,208.143,207.1506,208.0991,12124331.0,1.0,0.0
2019-04-04,208.1141,208.7905,206.4417,206.7598,34953096.0,1.0,0.0
2019-04-05,206.5269,206.537,204.8159,204.925,22060895.0,1.0,0.0
2019-04-08,202.1203,202.3082,200.8563,201.0359,27252770.0,1.0,0.0
2019-04-09,201.1794,203.938,201.1281,203.9256,16495421.0,1.0,0.0
2019-04-10,201.0898,201.168,199.0216,199.267,41085433.0,1.0,0.0
2019-04-11,199.9249,201.065,199.495,200.3138,15254998.0,1.0,0.0
2019-04-12,199.6955,200.6208,199.2237,200.3277,40880943.0,1.0,0.0
2019-04-15,201.4167,202.1409,199.3212,199.6943,24835985.0,1.0,0.0
2019-04-16,197.5225,199.0655,197.4997,198.7612,30527274.0,1.0,0.0
2019-04-17,198.2243,198.6555,197.9065,198.4193,12916583.0,1.0,0.0
2019-04-18,195.9386,196.66,194.7358,196.2482,34160263.0,1.0,0.0
2019-04-22,197.98,199.2524,197.7273,198.9946,14109491.0,1.0,0.0
2019-04-23,199.8042,200.2617,199.5917,199.7589,14412546.0,1.0,0.0
2019-04-24,199.669,199.7783,199.3374,199.444,24570697.0,1.0,0.0
2019-04-25,197.8087,200.2123,197.4864,199.9486,11116137.0,1.0,0.0
2019-04-26,199.4297,199.6286,197.0034,197.2954,28250951.0,1.0,0.0
2019-04-29,198.3457,199.3594,198.2501,199.0328,41587949.0,1.0,0.0
2019-04-30,198.0859,199.6274,198.0368,199.3065,49675140.0,1.0,0.0
2019-05-01,199.5703,199.6408,197.3167,197.9281,14084898.0,1.0,0.0
2019-05-02,200.0047,201.4007,199.4405,200.6884,25165838.0,1.0,0.0
2019-05-03,199.794,199.9873,197.93,198.125,20541525.0,1.0,0.0
2019-05-06,198.0401,198.1275,196.7573,197.2343,13506927.0,1.0,0.0
2019-05-07,198.9704,201.0489,198.3617,200.3363,15840481.0,1.0,0.0
2019-05-08,199.6552,199.6752,198.9316,199.0608,21673572.0,1.0,1.1
2019-05-09,198.4867,199.976,198.1414,199.8204,26602120.0,1.0,0.0
2019-05-10,199.7757,200.498,199.331,200.2534,19210814.0,1.0,0.0
2019-05-13,202.6692,202.9459,202.5844,202.929,7988844.0,1.0,0.0
2019-05-14,202.6621,203.0544,202.2493,202.8683,22426545.0,1.0,0.0
2019-05-15,200.6165,202.1382,200.3166,201.9892,7668684.0,1.0,0.0
2019-05-16,201.0555,201.9844,200.6301,201.8411,6578395.0,1.0,0.0
2019-05-17,202.0339,202.7136,201.0991,202.3166,13840197.0,1.0,0.0
2019-05-20,201.6329,201.7292,201.11,201.2876,28243320.0,1.0,0.0
2019-05-21,200.2227,202.158,199.97,201.7417,20557063.0,1.0,0.0
2019-05-22,203.9922,204.3408,203.2794,203.435,10708097.0,1.0,0.0
2019-05-23,205.3001,205.7128,203.1741,203.9568,18183571.0,1.0,0.0
2019-05-24,202.4413,203.0322,202.297,202.8422,2770807.0,1.0,0.0
2019-05-28,203.4761,203.6975,202.0257,202.0289,23432388.0,1.0,0.0
2019-05-29,201.056,202.2093,200.6213,202.1795,19772708.0,1.0,0.0
2019-05-30,202.5188,202.7713,200.9674,201.6042,47292639.0,1.0,0.0
2019-05-31,201.5057,202.0537,201.0885,201.7522,23473951.0,1.0,0.0
2019-06-03,200.4996,201.7057,200.0977,201.3212,40083066.0,1.0,0.0
2019-06-04,201.578,201.6432,200.0581,200.4726,5602889.0,1.0,0.0
2019-06-05,200.8818,201.2079,200.5239,200.6191,14999423.0,1.0,0.0
2019-06-06,200.1866,200.231,199.3675,199.5945,27713230.0,1.0,0.0
2019-06-07,200.1865,200.6497,199.3388,199.6207,12488313.0,1.0,0.0
2019-06-10,199.0947,199.6231,198.8594,199.5638,18788133.0,1.0,0.0
2019-06-11,199.235,199.3773,196.8121,197.1532,34255635.0,1.0,0.0
2019-06-12,197.2376,198.0088,197.1981,197.9025,32205395.0,1.0,0.0
2019-06-13,198.285,199.0818,197.4384,198.9568,35355153.0,1.0,0.0
2019-06-14,198.0739,199.1677,197.8472,198.7134,34846550.0,1.0,0.0
2019-06-17,199.2112,200.4628,198.844,199.9182,4370624.0,1.0,0.0
2019-06-18,201.222,201.4631,200.7108,200.7902,47965135.0,1.0,0.0
2019-06-19,198.5418,198.6791,198.3435,198.5108,5462094.0,1.0,0.0
2019-06-20,199.245,199.9869,198.4484,199.9424,17840409.0,1.0,0.0
2019-06-21,200.1188,200.6963,199.0123,199.4727,7025226.0,1.0,0.0
2019-06-24,199.4731,199.5919,199.0421,199.1002,27623951.0,1.0,0.0
2019-06-25,199.6764,199.8445,198.3411,198.8681,14549223.0,1.0,0.0
2019-06-26,199.1293,199.4493,198.5169,199.4444,22274359.0,1.0,0.0
2019-06-27,198.6574,198.8669,198.3433,198.5109,29972269.0,1.0,0.0
2019-06-28,199.1984,199.63,198.8859,199.576,35900134.0,1.0,0.0
2019-07-01,201.2005,201.2104,200.4878,200.7055,39478768.0,1.0,0.0
2019-07-02,200.7834,202.7517,200.7728,202.5127,42157221.0,1.0,0.0
2019-07-03,202.0857,203.5701,201.759,202.8323,43030346.0,1.0,0.0
2019-07-05,204.3109,204.394,201.0936,201.2402,10939340.0,1.0,0.0
2019-07-08,200.9654,201.3165,198.9556,199.8528,38565357.0,1.0,0.0
2019-07-09,199.9072,200.0515,198.3968,198.9718,49547691.0,1.0,0.0
2019-07-10,198.2652,199.6064,198.0249,199.3069,2947077.0,1.0,0.0
2019-07-11,197.8817,198.6778,197.3526,198.3212,37615643.0,1.0,0.0
2019-07-12,198.3366,198.4646,197.5171,197.735,41572262.0,1.0,0.0
2019-07-15,197.83,198.3926,197.3504,198.1209,44142658.0,1.0,0.0
2019-07-16,198.3585,198.9535,197.5122,197.5412,15942154.0,1.0,0.0
2019-07-17,196.6631,197.0735,196.5224,196.9791,42841584.0,1.0,0.0
2019-07-18,195.8726,196.6108,195.6268,195.9772,10755240.0,1.0,0.0
2019-07-19,199.4042,200.2402,199.1554,199.9979,7571851.0,1.0,0.0
2019-07-22,199.4785,200.7609,199.3732,200.2444,4505737.0,1.0,0.0
2019-07-23,202.1151,202.1371,201.4436,201.7161,24291093.0,1.0,0.0
2019-07-24,201.3221,203.737,200.8972,203.3041,35321737.0,1.0,0.0
2019-07-25,201.611,202.0475,201.4736,202.0122,1866418.0,1.0,0.0
2019-07-26,202.3063,202.4922,201.2115,201.263,15414936.0,1.0,0.0
2019-07-29,203.942,204.2228,202.0474,202.1865,29102541.0,1.0,0.0
2019-07-30,202.38,202.5212,201.8492,201.8807,12437901.0,1.0,0.0
2019-07-31,202.3465,204.4456,202.2716,204.3874,26982094.0,1.0,0.0
2019-08-01,203.981,204.2187,203.2292,203.5897,18529279.0,1.0,0.0
2019-08-02,203.8063,204.663,203.4332,204.2285,17944028.0,1.0,0.0
2019-08-05,202.8435,204.0987,202.283,203.8574,26470281.0,1.0,0.0
2019-08-06,202.9856,203.1239,201.8019,202.5511,11206572.0,1.0,0.0
2019-08-07,201.8534,203.4955,201.7588,202.5942,48919048.0,1.0,0.0
2019-08-08,202.4661,203.0859,201.4107,201.6948,5754156.0,1.0,0.0
2019-08-09,203.4623,204.9577,203.1186,203.8635,34246325.0,1.0,0.0
2019-08-12,202.7916,203.582,202.2267,203.5036,1095651.0,1.0,0.0
2019-08-13,204.4645,205.7375,204.0204,205.2864,14223279.0,1.0,0.0
2019-08-14,207.1833,207.7694,206.8698,207.5012,19832861.0,1.0,0.0
2019-08-15,206.9271,209.1289,206.6951,209.0763,24864920.0,1.0,0.0
2019-08-16,208.0988,209.2508,207.8145,208.6448,29748749.0,1.0,0.0
2019-08-19,207.0459,207.8922,206.8159,207.3366,19029151.0,1.0,0.0
2019-08-20,206.3727,207.5095,205.7817,207.2372,21340295.0,1.0,0.0
2019-08-21,207.5396,207.7636,207.1102,207.2589,41845762.0,1.0,0.0
2019-08-22,207.4316,207.6103,206.4301,206.4965,18052329.0,1.0,0.0
2019-08-23,206.3391,206.7911,206.0913,206.6841,21723157.0,1.0,0.0
2019-08-26,206.6802,207.4846,204.6299,204.8262,23282653.0,1.0,0.0
2019-08-27,203.7285,204.6103,203.6774,204.3527,32400987.0,1.0,0.0
2019-08-28,204.7553,204.9429,204.2719,204.3908,35055145.0,1.0,0.0
2019-08-29,203.154,203.8153,202.5164,203.0875,33945822.0,1.0,0.0
2019-08-30,202.7764,203.0245,202.2877,202.7403,21164054.0,1.0,0.0
2019-09-03,202.6514,204.2154,202.0156,203.9155,7613698.0,1.0,0.0
2019-09-04,204.8436,205.6341,204.256,204.3752,43659164.0,1.0,0.0
2019-09-05,204.7996,205.3425,204.3862,204.6461,3045136.0,1.0,0.0
2019-09-06,207.5568,207.8773,205.8365,206.0675,45549885.0,1.0,0.0
2019-09-09,206.7972,207.1507,206.3405,207.0466,23236372.0,1.0,0.0
2019-09-10,207.0178,209.65,206.9972,209.6271,43322866.0,1.0,0.0
2019-09-11,209.8389,210.1502,208.5307,209.1268,33355946.0,1.0,0.0
2019-09-12,209.8326,210.0493,209.7255,209.7351,21241361.0,1.0,0.0
2019-09-13,210.9438,210.9808,209.7863,210.1934,39735893.0,1.0,0.0
2019-09-16,210.3497,210.5722,207.4938,207.8147,48268259.0,1.0,0.0
2019-09-17,207.2602,207.6194,205.9309,206.0176,9643829.0,1.0,0.0
2019-09-18,205.7453,206.1415,204.2165,204.7166,32497764.0,1.0,0.0
2019-09-19,205.6526,206.4521,203.4853,203.7688,27179850.0,1.0,0.0
2019-09-20,203.3685,203.5429,202.5144,202.7301,22412243.0,1.0,0.0
2019-09-23,201.0245,201.1013,200.7638,200.7746,26498992.0,1.0,0.0
2019-09-24,201.9971,202.1688,200.9926,201.021,21275596.0,1.0,0.0
2019-09-25,199.4935,199.6615,199.3,199.3517,27831035.0,1.0,0.0
2019-09-26,200.1656,200.5554,199.1085,199.4635,2640627.0,1.0,0.0
2019-09-27,200.4305,200.6677,198.768,199.3478,12593762.0,1.0,0.0
2019-09-30,199.688,200.0303,199.3196,199.3244,41208864.0,1.0,0.0
2019-10-01,199.6691,200.359,199.1507,199.5007,39099319.0,1.0,0.0
2019-10-02,200.9996,202.8639,200.7275,202.274,13081817.0,1.0,0.0
2019-10-03,201.8653,202.1093,201.519,201.5825,17905922.0,1.0,0.0
2019-10-04,199.0763,199.2526,198.8945,199.0305,48240370.0,1.0,0.0
2019-10-07,200.7598,202.6095,200.6255,202.4175,10873416.0,1.0,0.0
2019-10-08,200.9876,203.0169,200.8261,201.9616,19681125.0,1.0,0.0
2019-10-09,201.8801,202.3692,201.5785,202.2316,42661105.0,1.0,0.0
2019-10-10,202.3052,202.5655,200.5197,200.8012,27584925.0,1.0,0.0
2019-10-11,199.3446,201.6143,199.0807,201.4938,24405567.0,1.0,0.0
2019-10-14,202.5299,203.3463,202.2844,203.1148,29119316.0,1.0,0.0
2019-10-15,201.9399,203.1479,201.607,202.8636,18580124.0,1.0,0.0
2019-10-16,204.4339,204.6903,203.1832,203.634,15807208.0,1.0,0.0
2019-10-17,203.8679,203.9671,203.7347,203.8767,12295792.0,1.0,0.0
2019-10-18,201.8971,203.3269,201.5939,203.3125,26370271.0,1.0,0.0
2019-10-21,203.3844,203.5028,203.1112,203.4481,16595363.0,1.0,0.0
2019-10-22,204.8724,204.9094,204.1358,204.1476,36984125.0,1.0,0.0
2019-10-23,204.0504,204.6622,203.0572,203.3678,13020256.0,1.0,0.0
2019-10-24,204.3068,204.5053,203.7758,203.981,6372804.0,1.0,0.0
2019-10-25,203.9544,205.3591,203.9148,204.9623,31695062.0,1.0,0.0
2019-10-28,205.3273,206.7286,205.2578,206.527,49716006.0,1.0,0.0
2019-10-29,205.6335,206.8748,205.3374,206.2319,5635878.0,1.0,0.0
2019-10-30,204.7593,206.8888,204.3132,206.1309,22303478.0,1.0,0.0
2019-10-31,206.2728,207.2059,205.916,206.855,26151465.0,1.0,0.0
2019-11-01,208.714,209.1029,208.1225,208.1781,37253727.0,1.0,0.0
2019-11-04,207.9077,208.9498,207.5669,208.4419,23603783.0,1.0,0.0
2019-11-05,207.5452,207.9456,205.0578,206.1409,27907585.0,1.0,0.0
2019-11-06,206.8828,207.4105,206.0756,206.4452,29861883.0,1.0,0.0
2019-11-07,209.7465,209.8152,208.1228,208.7254,46666490.0,1.0,0.0
2019-11-08,209.4912,210.5889,209.369,210.5847,5749506.0,1.0,0.0
2019-11-11,209.4623,211.5297,208.8849,210.4648,21070440.0,1.0,0.0
2019-11-12,210.7801,211.8442,210.749,211.7067,32302915.0,1.0,0.0
2019-11-13,213.4724,215.1065,213.2099,214.729,10183204.0,1.0,0.0
2019-11-14,213.8001,216.0944,213.2281,215.7061,43772152.0,1.0,0.0
2019-11-15,215.0211,216.6778,214.619,216.1448,45925724.0,1.0,0.0
2019-11-18,216.6283,216.6684,214.6295,215.03,32325434.0,1.0,0.0
2019-11-19,216.5502,220.2042,216.5229,219.7798,26436297.0,1.0,0.0
2019-11-20,219.0403,221.916,218.627,221.2968,32294797.0,1.0,0.0
2019-11-21,221.4181,221.5181,219.3698,219.6711,34001164.0,1.0,0.0
2019-11-22,219.8973,220.2158,218.1649,218.3724,8348679.0,1.0,0.0
2019-11-25,215.8012,217.47,215.4704,217.3658,41355880.0,1.0,0.0
2019-11-26,217.2025,217.9989,216.0201,216.2677,23799550.0,1.0,0.0
2019-11-27,217.2103,217.4081,214.9528,215.9401,10781440.0,1.0,0.0
2019-11-29,215.6752,215.9327,215.2265,215.2504,32193462.0,1.0,0.0
2019-12-02,215.4528,215.93,214.1197,214.5323,9980864.0,1.0,0.0
2019-12-03,214.8734,215.7856,214.2436,215.4606,26215652.0,1.0,0.0
2019-12-04,213.2313,214.6109,212.8923,214.1548,13384269.0,1.0,0.0
2019-12-05,214.1422,214.3346,213.4879,213.8136,25736123.0,1.0,0.0
2019-12-06,212.67,214.0815,211.9928,214.0514,16056202.0,1.0,0.0
2019-12-09,213.9637,217.4428,213.7757,217.0506,24995633.0,1.0,0.0
2019-12-10,214.6743,215.0767,214.024,214.0749,17216281.0,1.0,0.0
2019-12-11,213.1943,214.008,212.8577,213.7722,32164794.0,1.0,0.0
2019-12-12,216.3163,218.2023,215.9918,217.971,21271541.0,1.0,0.0
2019-12-13,219.8468,222.6087,219.8303,222.5463,14198934.0,1.0,0.0
2019-12-16,224.2066,224.9063,222.7393,223.453,33252071.0,1.0,0.0
2019-12-17,224.9765,225.4261,224.6089,225.3298,45970285.0,1.0,0.0
2019-12-18,223.6264,224.3856,222.2854,222.4705,46454158.0,1.0,0.0
2019-12-19,220.4488,222.5904,220.0659,222.2078,10449240.0,1.0,0.0
2019-12-20,221.3151,221.8474,220.0714,220.5346,13106387.0,1.0,0.0
2019-12-23,220.9412,223.5619,220.3113,222.9333,45202058.0,1.0,0.0
2019-12-24,224.6002,224.8772,224.1319,224.1823,47308768.0,1.0,0.0
2019-12-26,220.3865,221.0109,220.1914,221.0005,2440262.0,1.0,0.0
2019-12-27,223.3732,225.1833,223.1213,224.6809,36700935.0,1.0,0.0
2019-12-30,224.3841,226.5682,223.8042,226.115,19027479.0,1.0,0.0
2019-12-31,225.7002,226.0373,224.5263,224.5969,39482667.0,1.0,0.0
2020-01-02,225.5239,227.9519,225.3418,227.5551,13927932.0,1.0,0.0
2020-01-03,226.3524,226.5522,225.2476,225.2525,22911462.0,1.0,0.0
2020-01-06,225.1944,225.4955,224.712,225.4514,25759300.0,1.0,0.0
2020-01-07,222.8937,222.9755,221.9488,222.3252,22528472.0,1.0,0.0
2020-01-08,224.778,225.1453,224.3306,224.9387,14975296.0,1.0,0.0
2020-01-09,225.3557,225.716,222.7156,223.8432,34541013.0,1.0,0.0
2020-01-10,224.7527,226.624,224.0435,226.4374,40520048.0,1.0,0.0
2020-01-13,226.1246,227.0451,225.8415,226.7471,27865681.0,1.0,0.0
2020-01-14,227.8583,229.9214,227.7024,229.4543,32985161.0,1.0,0.0
2020-01-15,229.6036,231.0588,229.2236,230.8493,48652970.0,1.0,0.0
2020-01-16,231.3005,232.2198,230.775,231.2044,44189016.0,1.0,0.0
2020-01-17,231.2461,231.8523,230.1866,230.8903,19133339.0,1.0,0.0
2020-01-21,232.205,232.6465,231.1175,231.9596,19438260.0,1.0,0.0
2020-01-22,230.2435,230.3075,228.3095,229.0859,36582182.0,1.0,0.0
2020-01-23,229.1725,229.6673,227.7384,227.7502,39720359.0,1.0,0.0
2020-01-24,228.5263,228.8277,228.4439,228.6548,48239792.0,1.0,0.0
2020-01-27,229.1746,231.0548,229.0784,230.3561,42675228.0,1.0,0.0
2020-01-28,230.2303,230.6838,229.1223,229.1353,9240536.0,1.0,0.0
2020-01-29,227.6723,231.8116,227.3734,230.7524,23557839.0,1.0,0.0
2020-01-30,232.8324,235.0408,232.4278,234.4912,24128656.0,1.0,0.0
2020-01-31,234.3636,234.7296,233.9835,234.0338,14786162.0,1.0,0.0
2020-02-03,233.0451,233.3531,232.2024,232.723,9777354.0,1.0,0.0
2020-02-04,232.0911,233.3627,232.0121,232.9313,43733642.0,1.0,0.0
2020-02-05,232.6339,233.4005,232.3565,233.2755,24161931.0,1.0,0.0
2020-02-06,232.8213,234.3945,232.8129,234.1653,26223859.0,1.0,0.0
2020-02-07,233.154,235.8929,233.074,235.1941,33290859.0,1.0,0.0
2020-02-10,235.757,235.788,235.4863,235.526,29800463.0,1.0,0.0
2020-02-11,236.3664,237.0525,233.6055,234.838,13696064.0,1.0,0.0
2020-02-12,233.5805,235.6687,232.1047,234.5528,27027832.0,1.0,1.1
2020-02-13,235.832,237.4465,235.3181,237.101,1881390.0,1.0,0.0
2020-02-14,236.2975,237.8484,236.1985,237.4457,15896029.0,1.0,0.0
2020-02-18,235.8277,237.2479,235.6197,236.8762,47118294.0,1.0,0.0
2020-02-19,236.9983,237.2211,236.1564,236.2374,32808409.0,1.0,0.0
2020-02-20,235.9869,236.1549,235.0234,235.2447,19552834.0,1.0,0.0
2020-02-21,236.768,237.2023,234.0065,234.8771,7106734.0,1.0,0.0
2020-02-24,234.2875,234.559,234.1187,234.4033,47931156.0,1.0,0.0
2020-02-25,234.9887,236.133,234.9238,235.2163,13894147.0,1.0,0.0
2020-02-26,235.4969,236.6094,234.7509,235.9543,38359053.0,1.0,0.0
2020-02-27,236.4037,236.6234,235.9988,236.2234,11388209.0,1.0,0.0
2020-02-28,237.3424,237.3836,235.2999,235.3753,30790063.0,1.0,0.0
2020-03-02,234.5429,235.5687,234.521,235.4891,6083933.0,1.0,0.0
2020-03-03,234.4241,234.9251,232.7758,233.058,18324568.0,1.0,0.0
2020-03-04,233.5971,233.9158,232.3411,232.4325,13363267.0,1.0,0.0
2020-03-05,232.5515,233.8465,232.2769,233.403,18953119.0,1.0,0.0
2020-03-06,232.2864,232.4839,231.6372,232.2008,44093126.0,1.0,0.0
2020-03-09,232.2248,232.7933,231.267,231.4589,49973167.0,1.0,0.0
2020-03-10,231.9439,232.1493,230.9301,231.1859,7314441.0,1.0,0.0
2020-03-11,230.8825,230.9676,230.6382,230.7626,2733964.0,1.0,0.0
2020-03-12,231.1844,233.5472,230.8946,233.2315,29274682.0,1.0,0.0
2020-03-13,232.4708,232.9856,230.909,231.7611,34545235.0,1.0,0.0
2020-03-16,231.4161,232.8262,231.2827,232.4769,2344718.0,1.0,0.0
2020-03-17,232.3171,234.2223,231.9828,234.114,6046172.0,1.0,0.0
2020-03-18,235.1291,236.447,233.7719,234.196,22192507.0,1.0,0.0
2020-03-19,234.7459,236.609,234.0218,236.1795,3333873.0,1.0,0.0
2020-03-20,236.7242,238.7933,236.6664,237.6956,36562766.0,1.0,0.0
2020-03-23,237.6296,239.1239,237.3628,239.034,9162471.0,1.0,0.0
2020-03-24,238.8484,238.8953,238.4444,238.6675,9074554.0,1.0,0.0
2020-03-25,241.7198,242.4002,238.933,239.2034,49876106.0,1.0,0.0
2020-03-26,238.8936,239.9369,238.4271,239.6315,38190109.0,1.0,0.0
2020-03-27,239.7007,240.5109,239.0763,239.2999,9640528.0,1.0,0.0
2020-03-30,238.1796,239.579,237.9964,239.1288,48708154.0,1.0,0.0
2020-03-31,239.4325,240.8466,238.8431,240.3664,45106836.0,1.0,0.0
2020-04-01,239.2463,239.9451,237.7639,239.2893,47410650.0,1.0,0.0
2020-04-02,238.9931,240.178,238.916,239.6232,14777844.0,1.0,0.0
2020-04-03,238.6807,241.3685,238.1007,240.7707,31697805.0,1.0,0.0
2020-04-06,241.516,241.7876,239.6661,239.785,38527681.0,1.0,0.0
2020-04-07,239.8629,243.2084,239.2217,242.4752,36442535.0,1.0,0.0
2020-04-08,241.9456,243.8249,241.3682,243.7745,5762383.0,1.0,0.0
2020-04-09,242.4895,244.272,242.0956,243.591,43808060.0,1.0,0.0
2020-04-13,243.5395,244.2101,241.6346,242.1492,43754603.0,1.0,0.0
2020-04-14,242.7983,243.4959,241.5808,241.7679,13660914.0,1.0,0.0
2020-04-15,239.9683,240.6894,239.399,239.5572,11891249.0,1.0,0.0
2020-04-16,241.2806,241.6014,240.5555,240.7685,12707976.0,1.0,0.0
2020-04-17,241.0493,241.1839,240.1557,241.1435,5721509.0,1.0,0.0
2020-04-20,240.3175,240.6017,239.7487,240.4677,39582072.0,1.0,0.0
2020-04-21,240.9751,241.0866,239.2732,239.7725,35498141.0,1.0,0.0
2020-04-22,239.5749,240.1115,239.3664,240.0757,44868433.0,1.0,0.0
2020-04-23,239.9723,240.3897,238.9175,239.8657,17645908.0,1.0,0.0
2020-04-24,239.9312,240.3833,239.8446,240.2325,11153990.0,1.0,0.0
2020-04-27,240.2502,240.2725,238.3886,238.8502,7255616.0,1.0,0.0
2020-04-28,239.9434,240.2214,239.7274,240.0754,35460063.0,1.0,0.0
2020-04-29,239.7938,240.3074,239.6188,240.1047,11543518.0,1.0,0.0
2020-04-30,241.0655,241.6808,239.5966,239.9839,17072162.0,1.0,0.0
2020-05-01,240.1589,240.1715,238.1218,238.1698,37950008.0,1.0,0.0
2020-05-04,238.4283,239.8777,237.6641,239.6356,15731565.0,1.0,0.0
2020-05-05,239.1311,240.2545,238.2749,238.8226,38375542.0,1.0,0.0
2020-05-06,238.703,241.5903,238.6517,241.1898,32712974.0,1.0,0.0
2020-05-07,240.7679,241.3599,238.7597,239.7168,49306639.0,1.0,0.0
2020-05-08,240.1995,240.3201,239.2822,239.2946,46566227.0,1.0,0.0
2020-05-11,239.5048,239.5346,238.2729,238.8955,24808011.0,1.0,0.0
2020-05-12,238.666,238.8417,236.7256,238.1056,46886818.0,1.0,0.0
2020-05-13,239.0269,239.0665,237.0247,237.0791,5443374.0,1.0,0.0
2020-05-14,237.4932,237.5506,236.0231,236.5307,43989807.0,1.0,0.0
2020-05-15,235.7396,236.2232,234.3665,234.6335,6302821.0,1.0,0.0
2020-05-18,233.6003,233.6089,232.2876,233.1001,11331600.0,1.0,0.0
2020-05-19,232.6893,232.9583,231.8736,232.2878,3724048.0,1.0,0.0
2020-05-20,231.3134,231.5719,230.3163,230.5945,41369340.0,1.0,0.0
2020-05-21,230.133,230.2861,228.0286,228.0452,14419606.0,1.0,0.0
2020-05-22,227.2504,229.0755,226.4891,228.69,29428414.0,1.0,0.0
2020-05-26,228.9728,230.3126,228.9267,230.1746,21439090.0,1.0,0.0
2020-05-27,227.7252,230.137,226.794,229.7484,9682762.0,1.0,0.0
2020-05-28,229.7471,231.6321,229.1576,231.0065,42846168.0,1.0,0.0
2020-05-29,225.4898,225.6155,224.5195,225.5046,35110165.0,1.0,0.0
2020-06-01,224.3555,225.6666,223.5746,223.736,19256472.0,1.0,0.0
2020-06-02,223.9027,225.1126,223.2948,225.0453,11786971.0,1.0,0.0
2020-06-03,217.8594,219.1934,217.4302,219.1752,49161561.0,1.0,0.0
2020-06-04,219.3645,220.6966,219.053,219.6327,49616714.0,1.0,0.0
2020-06-05,221.8512,222.0777,221.6487,221.7012,41698670.0,1.0,0.0
2020-06-08,229.5522,231.6529,229.1008,231.2295,26350205.0,1.0,0.0
2020-06-09,232.0148,232.7982,231.4218,232.7381,33848787.0,1.0,0.0
2020-06-10,231.1002,231.6403,228.4025,229.5874,34173534.0,1.0,0.0
2020-06-11,236.5973,236.73,235.2567,235.7023,48003208.0,1.0,0.0
2020-06-12,232.7283,234.6031,232.3295,234.099,23149521.0,1.0,0.0
2020-06-15,235.0344,236.2222,234.6882,236.2024,20707836.0,1.0,0.0
2020-06-16,235.9379,237.5229,235.3478,236.8863,5372153.0,1.0,0.0
2020-06-17,238.6268,239.961,238.4615,239.6361,27647629.0,1.0,0.0
2020-06-18,245.265,245.8193,242.8366,243.4007,4626963.0,1.0,0.0
2020-06-19,246.6513,246.9834,245.524,245.7396,28145674.0,1.0,0.0
2020-06-22,248.1356,248.2562,245.7394,246.0226,18402535.0,1.0,0.0
2020-06-23,246.8014,248.7631,246.6072,248.2609,48651885.0,1.0,0.0
2020-06-24,247.7628,248.0307,246.0723,246.878,31626728.0,1.0,0.0
2020-06-25,243.5178,243.8225,243.3127,243.5383,11513650.0,1.0,0.0
2020-06-26,245.1553,247.0048,245.0073,246.767,42419513.0,1.0,0.0
2020-06-29,244.7537,245.1948,243.582,243.9544,11944921.0,1.0,0.0
2020-06-30,243.4714,245.2526,242.9934,245.2251,18559302.0,1.0,0.0
2020-07-01,244.7695,245.8675,244.5624,245.5841,10080882.0,1.0,0.0
2020-07-02,249.0636,249.786,248.7195,249.6148,11947392.0,1.0,0.0
2020-07-06,243.6414,245.0493,243.3357,244.5227,41564732.0,1.0,0.0
2020-07-07,247.96,247.9865,247.5333,247.6129,25696495.0,1.0,0.0
2020-07-08,247.0004,247.7322,245.9643,247.3477,7116630.0,1.0,0.0
2020-07-09,246.4085,247.7902,246.0776,247.0137,34567200.0,1.0,0.0
2020-07-10,245.7673,246.6505,244.9175,246.1913,24138665.0,1.0,0.0
2020-07-13,248.269,249.1,245.1849,246.2117,21023331.0,1.0,0.0
2020-07-14,248.8354,249.1959,247.4208,247.6698,13678150.0,1.0,0.0
2020-07-15,247.3827,248.6827,246.1674,248.6809,35190981.0,1.0,0.0
2020-07-16,249.9116,252.1515,249.8942,251.5301,42309328.0,1.0,0.0
2020-07-17,250.197,250.9739,249.714,250.9244,46373487.0,1.0,0.0
2020-07-20,247.1655,247.6963,246.3594,247.2374,43962373.0,1.0,0.0
2020-07-21,248.6649,248.7543,246.3005,246.9174,47774683.0,1.0,0.0
2020-07-22,248.1179,248.71,247.4221,248.5423,9992489.0,1.0,0.0
2020-07-23,250.5861,250.7822,250.1134,250.1881,47361324.0,1.0,0.0
2020-07-24,249.9218,251.2975,249.4195,250.7859,38009105.0,1.0,0.0
2020-07-27,248.4736,248.7916,247.757,248.6635,21063363.0,1.0,0.0
2020-07-28,249.3823,252.7113,248.7929,252.0303,35588875.0,1.0,0.0
2020-07-29,251.8805,251.9847,250.8113,251.0067,39343312.0,1.0,0.0
2020-07-30,251.4346,251.7485,250.3441,250.7745,20095848.0,1.0,0.0
2020-07-31,248.8813,250.0058,248.4487,249.4643,11439348.0,1.0,0.0
2020-08-03,252.2495,252.5118,251.2104,251.4826,2548225.0,1.0,0.0
2020-08-04,250.1724,250.2029,248.6306,249.3385,19818317.0,1.0,0.0
2020-08-05,247.1126,247.2395,246.7455,246.8416,49620244.0,1.0,0.0
2020-08-06,247.324,247.9349,243.6186,244.1698,43340881.0,1.0,0.0
2020-08-07,247.1801,247.6491,245.7417,246.4473,42458099.0,1.0,0.0
2020-08-10,246.7563,247.6556,245.9024,246.0076,44146594.0,1.0,0.0
2020-08-11,246.6845,247.1131,246.0608,246.2258,13776059.0,1.0,0.0
2020-08-12,246.9521,249.2417,246.9479,248.8531,26315432.0,1.0,1.1
2020-08-13,250.3137,252.3549,250.2711,252.0414,18504937.0,1.0,0.0
2020-08-14,250.9457,252.2131,250.5533,251.8243,3006587.0,1.0,0.0
2020-08-17,251.7081,252.428,251.5188,252.0571,2234213.0,1.0,0.0
2020-08-18,251.2611,251.3718,250.9709,251.1838,4103053.0,1.0,0.0
2020-08-19,252.3871,253.2128,251.914,253.088,38369737.0,1.0,0.0
2020-08-20,254.2739,254.3673,253.4583,253.4953,30779897.0,1.0,0.0
2020-08-21,252.6593,255.1571,252.0748,253.7021,33878716.0,1.0,0.0
2020-08-24,253.8496,254.4472,253.5145,254.3624,6736604.0,1.0,0.0
2020-08-25,254.3162,254.8792,250.3205,250.9143,46800431.0,1.0,0.0
2020-08-26,250.5533,251.3855,250.2477,251.2314,21727043.0,1.0,0.0
2020-08-27,250.6087,250.9098,249.1865,249.6074,17145376.0,1.0,0.0
2020-08-28,250.405,250.8259,248.6431,249.5364,43820755.0,1.0,0.0
2020-08-31,251.1787,251.2492,250.1367,250.3482,41954800.0,1.0,0.0
2020-09-01,253.4937,253.6667,250.6578,251.2609,28030187.0,1.0,0.0
2020-09-02,252.2782,252.4673,251.9714,252.0338,29293296.0,1.0,0.0
2020-09-03,252.7193,253.0176,251.7037,251.7829,11424552.0,1.0,0.0
2020-09-04,251.3282,254.6133,251.3072,254.2104,35371938.0,1.0,0.0
2020-09-08,254.3139,255.2595,253.2734,253.6349,11839468.0,1.0,0.0
2020-09-09,253.6748,255.061,253.2332,254.3649,35036727.0,1.0,0.0
2020-09-10,257.842,259.2884,257.352,258.7932,44094113.0,1.0,0.0
2020-09-11,255.809,256.0311,253.6134,253.9367,21421900.0,1.0,0.0
2020-09-14,249.9578,250.2025,248.6221,248.8035,24435482.0,1.0,0.0
2020-09-15,251.9383,252.5645,251.5481,252.1784,21533586.0,1.0,0.0
2020-09-16,252.9096,253.2515,252.0107,252.7473,1831743.0,1.0,0.0
2020-09-17,251.1926,251.2288,250.6919,251.0396,47643231.0,1.0,0.0
2020-09-18,251.563,251.8162,250.9313,251.4165,24119185.0,1.0,0.0
2020-09-21,249.376,249.814,248.6442,249.425,45544631.0,1.0,0.0
2020-09-22,247.9248,249.0841,247.8357,248.7672,24533089.0,1.0,0.0
2020-09-23,248.6702,248.8974,247.84,247.9131,13752881.0,1.0,0.0
2020-09-24,248.7627,250.6251,248.309,249.8606,33074475.0,1.0,0.0
2020-09-25,251.8143,252.8634,251.5556,252.8519,48860632.0,1.0,0.0
2020-09-28,252.813,253.8398,252.3216,253.032,15888285.0,1.0,0.0
2020-09-29,253.2483,254.5338,253.104,254.2698,42970289.0,1.0,0.0
2020-09-30,255.2867,255.4565,254.2713,254.584,22306577.0,1.0,0.0
2020-10-01,255.0729,255.2147,252.9482,253.7631,36400942.0,1.0,0.0
2020-10-02,252.8511,253.3078,252.3396,253.1186,6421303.0,1.0,0.0
2020-10-05,252.5729,253.1603,250.008,250.5135,28556605.0,1.0,0.0
2020-10-06,247.1835,247.8661,246.8239,247.6467,7993847.0,1.0,0.0
2020-10-07,249.6043,250.8264,249.5686,250.6383,17462874.0,1.0,0.0
2020-10-08,249.7341,250.6047,248.8243,249.137,9836549.0,1.0,0.0
2020-10-09,250.3191,251.6408,249.739,251.2065,33055687.0,1.0,0.0
2020-10-12,250.3283,251.7408,250.2583,251.5606,20379256.0,1.0,0.0
2020-10-13,251.1687,251.6875,249.4821,250.2069,14684865.0,1.0,0.0
2020-10-14,248.895,249.5523,248.7062,249.1421,22287628.0,1.0,0.0
2020-10-15,249.4287,251.5054,249.1882,251.368,10956299.0,1.0,0.0
2020-10-16,252.4623,252.8581,250.5058,250.6547,21555906.0,1.0,0.0
2020-10-19,254.8112,255.411,254.5949,255.0952,48990403.0,1.0,0.0
2020-10-20,255.703,259.958,255.4793,259.73,8586405.0,1.0,0.0
2020-10-21,258.6712,259.7465,258.198,258.7843,35950184.0,1.0,0.0
2020-10-22,257.683,259.5716,257.6452,258.5962,40289304.0,1.0,0.0
2020-10-23,258.1832,258.6075,257.1329,257.5375,16351673.0,1.0,0.0
2020-10-26,257.7383,257.7578,256.4105,256.6177,6570229.0,1.0,0.0
2020-10-27,255.3229,255.6826,253.8287,253.9249,6588456.0,1.0,0.0
2020-10-28,253.8233,254.771,253.6687,254.2271,18828332.0,1.0,0.0
2020-10-29,253.1921,253.2446,250.9715,251.2955,38128263.0,1.0,0.0
2020-10-30,251.129,251.8775,248.7963,249.6515,27501330.0,1.0,0.0
2020-11-02,249.6027,251.8598,249.4797,251.8094,37749724.0,1.0,0.0
2020-11-03,250.4714,251.5097,249.9173,251.4647,49054809.0,1.0,0.0
2020-11-04,250.7985,251.0745,246.7704,247.4583,3981789.0,1.0,0.0
2020-11-05,247.8536,247.8705,247.3354,247.4882,29996925.0,1.0,0.0
2020-11-06,246.7524,248.71,246.4916,248.493,6723198.0,1.0,0.0
2020-11-09,246.374,246.4251,243.9015,244.7251,45796671.0,1.0,0.0
2020-11-10,245.7269,246.0508,244.7737,244.8654,38797866.0,1.0,0.0
2020-11-11,245.1579,245.3474,244.1975,244.2633,43967284.0,1.0,1.1
2020-11-12,244.664,245.471,244.2488,245.4483,27989962.0,1.0,0.0
2020-11-13,246.5469,247.1171,245.8429,247.0201,31738064.0,1.0,0.0
2020-11-16,245.8395,246.4922,244.2124,244.4721,11374426.0,1.0,0.0
2020-11-17,243.1254,243.5772,241.0545,241.671,11946331.0,1.0,0.0
2020-11-18,242.877,243.292,242.6911,243.262,29511363.0,1.0,0.0
2020-11-19,243.4776,244.8585,242.5272,244.4352,3589248.0,1.0,0.0
2020-11-20,244.4229,246.2926,244.2357,245.4624,3366168.0,1.0,0.0
2020-11-23,245.5007,248.5259,244.6673,248.256,12198478.0,1.0,0.0
2020-11-24,246.6615,246.7191,245.9931,246.5236,49085580.0,1.0,0.0
2020-11-25,246.4594,247.4209,246.2945,246.8457,6528561.0,1.0,0.0
2020-11-27,247.057,247.409,246.7059,246.7543,3619949.0,1.0,0.0
2020-11-30,247.323,247.3433,243.6539,245.1397,33390094.0,1.0,0.0
2020-12-01,245.2082,247.4303,245.0161,247.1276,27681180.0,1.0,0.0
2020-12-02,247.0631,247.426,245.7,246.2794,16510816.0,1.0,0.0
2020-12-03,247.2478,247.3432,246.7356,246.8929,12376528.0,1.0,0.0
2020-12-04,246.9062,246.9569,246.8597,246.9093,12733341.0,1.0,0.0
2020-12-07,251.8966,253.0579,251.879,252.4898,48593445.0,1.0,0.0
2020-12-08,253.7665,253.8876,253.0347,253.5914,36318379.0,1.0,0.0
2020-12-09,253.3913,253.6761,252.6144,252.7941,31531838.0,1.0,0.0
2020-12-10,251.7184,251.7665,250.5463,251.4924,14398563.0,1.0,0.0
2020-12-11,251.7514,252.0634,250.9926,251.3025,12820174.0,1.0,0.0
2020-12-14,250.7922,253.6079,250.4213,253.5897,40362468.0,1.0,0.0
2020-12-15,253.723,256.6106,253.0886,255.9012,46915950.0,1.0,0.0
2020-12-16,256.3216,256.6701,253.7404,254.7351,37422031.0,1.0,0.0
2020-12-17,256.3244,256.6508,253.5499,253.9099,10152094.0,1.0,0.0
2020-12-18,253.6278,253.9288,252.7806,253.0888,21953916.0,1.0,0.0
2020-12-21,253.9918,254.4723,250.3909,251.4027,31585054.0,1.0,0.0
2020-12-22,250.0522,250.7994,248.391,248.8397,43380090.0,1.0,0.0
2020-12-23,248.3609,248.5517,248.1939,248.2825,32934349.0,1.0,0.0
2020-12-24,248.4452,248.6803,245.9481,246.0854,32354977.0,1.0,0.0
2020-12-28,245.8609,246.24,244.203,244.6814,14232563.0,1.0,0.0
2020-12-29,245.2358,245.3661,244.8843,245.1641,20394078.0,1.0,0.0
2020-12-30,245.3239,247.0451,244.4573,246.7134,35658334.0,1.0,0.0
2020-12-31,245.0765,246.4405,244.3393,246.3528,41312971.0,1.0,0.0
2021-01-04,245.9957,247.7653,244.8277,247.4094,22912108.0,1.0,0.0
2021-01-05,247.1885,248.0302,245.1566,245.8586,4199266.0,1.0,0.0
2021-01-06,245.9896,247.6972,245.7042,247.5669,46071272.0,1.0,0.0
2021-01-07,244.5233,245.587,244.4742,245.2742,7348757.0,1.0,0.0
2021-01-08,245.0469,246.8332,244.9556,245.7141,48185978.0,1.0,0.0
2021-01-11,247.0455,247.8251,244.9366,245.8291,29644565.0,1.0,0.0
2021-01-12,245.054,245.524,244.1552,244.3369,3063774.0,1.0,0.0
2021-01-13,245.2815,246.0153,240.7718,241.3123,25712427.0,1.0,0.0
2021-01-14,240.9031,241.5474,238.624,239.1687,5028034.0,1.0,0.0
2021-01-15,238.9819,239.4774,238.0607,238.675,42021093.0,1.0,0.0
2021-01-19,237.8619,238.0311,236.8176,237.9744,47637527.0,1.0,0.0
2021-01-20,237.4944,238.6753,236.523,238.4172,40327164.0,1.0,0.0
2021-01-21,237.0792,238.036,236.8564,237.9531,36663571.0,1.0,0.0
2021-01-22,237.3283,238.027,237.073,237.6529,26954303.0,1.0,0.0
2021-01-25,236.4722,236.5097,234.6664,234.6748,37032942.0,1.0,0.0
2021-01-26,232.8898,233.0148,232.632,232.7993,6446816.0,1.0,0.0
2021-01-27,232.8301,235.6367,232.6821,235.5381,28871911.0,1.0,0.0
2021-01-28,234.8289,235.1112,233.7687,234.3858,38894414.0,1.0,0.0
2021-01-29,233.9873,234.1184,233.0076,233.1146,7290466.0,1.0,0.0
2021-02-01,232.1562,234.1508,231.8333,232.9696,28920738.0,1.0,0.0
2021-02-02,232.324,234.6885,232.0384,233.7268,24448610.0,1.0,0.0
2021-02-03,234.0568,234.8412,231.4104,231.6263,5775157.0,1.0,0.0
2021-02-04,233.0784,233.8146,232.9037,233.7603,17080425.0,1.0,0.0
2021-02-05,233.3145,233.9698,233.2211,233.6897,18462503.0,1.0,0.0
2021-02-08,233.3029,233.339,232.4846,232.6086,32508161.0,1.0,0.0
2021-02-09,232.6485,232.6543,231.8417,232.0515,16930374.0,1.0,0.0
2021-02-10,229.0507,230.191,228.3342,230.0863,28274743.0,1.0,1.1
2021-02-11,229.3873,229.7126,228.0009,228.3291,25165815.0,1.0,0.0
2021-02-12,227.5979,231.3484,227.1167,230.502,23210361.0,1.0,0.0
2021-02-16,232.1094,232.7155,231.8279,232.0343,21035929.0,1.0,0.0
2021-02-17,231.8828,232.4758,231.4346,232.4464,19577859.0,1.0,0.0
2021-02-18,231.3366,231.4614,229.9349,230.4749,46465693.0,1.0,0.0
2021-02-19,230.4611,230.9969,230.0763,230.3204,5483037.0,1.0,0.0
2021-02-22,229.7479,230.3948,229.129,229.7712,19158158.0,1.0,0.0
2021-02-23,228.8629,229.194,227.446,227.489,20399329.0,1.0,0.0
2021-02-24,228.5651,229.0662,228.3917,228.4104,45974824.0,1.0,0.0
2021-02-25,228.0928,230.0381,227.3541,229.597,13785939.0,1.0,0.0
2021-02-26,229.3893,231.6814,229.177,230.9618,8413484.0,1.0,0.0
2021-03-01,229.8528,230.4623,229.1829,230.038,2934032.0,1.0,0.0
2021-03-02,229.0419,229.0753,228.6747,228.7185,7804666.0,1.0,0.0
2021-03-03,229.4722,229.4785,226.9597,227.3295,19274941.0,1.0,0.0
2021-03-04,227.4558,227.5691,226.2659,226.4271,35703796.0,1.0,0.0
2021-03-05,224.9176,225.3866,224.8031,225.0398,14423720.0,1.0,0.0
2021-03-08,223.0502,223.2809,222.1132,222.2495,37645476.0,1.0,0.0
2021-03-09,220.5171,221.3086,220.293,221.2182,10587702.0,1.0,0.0
2021-03-10,221.9953,222.4129,221.5897,222.391,10126576.0,1.0,0.0
2021-03-11,222.2143,222.3833,221.3161,221.5452,20897053.0,1.0,0.0
2021-03-12,221.0806,223.9053,220.708,223.2889,30262875.0,1.0,0.0
2021-03-15,224.9676,225.009,223.2073,223.6196,39527119.0,1.0,0.0
2021-03-16,224.0456,225.3075,223.6898,224.3605,38828734.0,1.0,0.0
2021-03-17,224.823,225.2809,224.7221,225.0312,34222485.0,1.0,0.0
2021-03-18,223.7752,224.4601,223.2929,223.8197,7450659.0,1.0,0.0
2021-03-19,223.6832,224.3988,223.6516,223.6883,39833829.0,1.0,0.0
2021-03-22,226.1442,226.234,223.6503,224.1315,6582221.0,1.0,0.0
2021-03-23,224.9211,227.2663,224.8195,226.4822,3972849.0,1.0,0.0
2021-03-24,226.5621,228.3064,225.4567,227.9782,25481635.0,1.0,0.0
2021-03-25,228.5182,228.8828,226.5817,226.7289,45086684.0,1.0,0.0
2021-03-26,226.0857,227.3764,226.008,227.2101,15873632.0,1.0,0.0
2021-03-29,228.4274,228.7651,227.2882,227.609,37130274.0,1.0,0.0
2021-03-30,227.997,228.2685,224.8766,225.4079,10628825.0,1.0,0.0
2021-03-31,225.1213,225.6259,225.1198,225.2743,41354758.0,1.0,0.0
2021-04-01,225.137,226.0874,224.826,225.8371,9893114.0,1.0,0.0
2021-04-05,225.8456,226.149,223.9366,224.573,49574181.0,1.0,0.0
2021-04-06,224.9019,225.5324,224.4973,224.5174,17766455.0,1.0,0.0
2021-04-07,224.7402,225.1434,224.1508,225.0552,44307961.0,1.0,0.0
2021-04-08,225.3108,226.4408,224.7953,226.2242,13821664.0,1.0,0.0
2021-04-09,225.9022,227.9851,225.5313,227.7155,36015335.0,1.0,0.0
2021-04-12,228.3942,229.8096,228.288,229.2452,34086268.0,1.0,0.0
2021-04-13,227.9336,228.9188,227.6617,228.0978,5018951.0,1.0,0.0
2021-04-14,227.9493,228.4114,227.3681,228.2812,1063158.0,1.0,0.0
2021-04-15,229.4872,231.965,229.4183,231.8834,37059445.0,1.0,0.0
2021-04-16,232.3602,233.0312,231.7541,232.1488,38142148.0,1.0,0.0
2021-04-19,233.5672,233.6832,232.317,232.7527,7781606.0,1.0,0.0
2021-04-20,232.0565,233.2621,231.8708,232.9082,31586290.0,1.0,0.0
2021-04-21,233.4938,233.9711,232.5498,232.6623,10834399.0,1.0,0.0
2021-04-22,232.3065,233.1514,232.1689,232.9632,45871712.0,1.0,0.0
2021-04-23,233.4221,234.4494,233.2353,233.8711,12669631.0,1.0,0.0
2021-04-26,232.9124,234.9775,232.8275,234.9774,44238480.0,1.0,0.0
2021-04-27,234.2662,236.5363,233.6146,236.3028,15165310.0,1.0,0.0
2021-04-28,237.2786,238.1437,235.2022,236.5284,24082194.0,1.0,0.0
2021-04-29,236.3997,236.5154,235.834,236.1834,9153931.0,1.0,0.0
2021-04-30,234.5034,234.6496,233.2974,233.8169,15481477.0,1.0,0.0
2021-05-03,234.0692,235.1901,232.3745,234.6536,20180971.0,1.0,0.0
2021-05-04,234.5977,235.8516,234.5715,235.7131,32339673.0,1.0,0.0
2021-05-05,234.3461,234.4913,233.389,233.9243,31371112.0,1.0,0.0
2021-05-06,234.2133,234.2782,231.9617,232.7083,39469281.0,1.0,0.0
2021-05-07,233.4798,233.9971,233.3153,233.608,34349148.0,1.0,0.0
2021-05-10,233.9512,234.58,233.2317,234.4926,7968678.0,1.0,0.0
2021-05-11,234.2881,234.9502,231.4813,232.4528,23194598.0,1.0,0.0
2021-05-12,232.6984,232.9239,232.4875,232.8925,6248778.0,1.0,1.1
2021-05-13,232.5628,234.1993,232.2074,234.1576,36202961.0,1.0,0.0
2021-05-14,234.542,234.6478,234.289,234.5361,46024694.0,1.0,0.0
2021-05-17,234.8937,235.6119,232.8012,233.0208,21937681.0,1.0,0.0
2021-05-18,232.9958,235.2237,232.1746,234.3885,40758844.0,1.0,0.0
2021-05-19,234.6452,235.1954,233.2577,233.357,13409707.0,1.0,0.0
2021-05-20,232.7336,233.5782,230.2684,230.9068,16127046.0,1.0,0.0
2021-05-21,231.468,231.8869,229.8493,230.0444,27472189.0,1.0,0.0
2021-05-24,229.7937,229.8907,227.7176,228.8579,48875247.0,1.0,0.0
2021-05-25,229.6135,230.1269,229.1512,229.1544,23113972.0,1.0,0.0
2021-05-26,229.6641,230.1357,228.9225,229.9896,23672768.0,1.0,0.0
2021-05-27,228.3535,229.4918,228.2924,229.3139,18952904.0,1.0,0.0
2021-05-28,230.2861,230.4366,229.4106,229.4512,47993690.0,1.0,0.0
2021-06-01,228.7855,228.9656,228.2617,228.7369,17476660.0,1.0,0.0
2021-06-02,228.1411,228.8551,225.7767,226.2457,45658076.0,1.0,0.0
2021-06-03,224.2204,225.7753,223.6556,225.2407,10587571.0,1.0,0.0
2021-06-04,225.0151,226.6098,224.9026,226.1674,20684306.0,1.0,0.0
2021-06-07,225.5916,227.3312,225.379,226.8353,18003820.0,1.0,0.0
2021-06-08,227.9765,229.9681,227.8774,229.6679,34656382.0,1.0,0.0
2021-06-09,229.1276,229.2565,227.4163,228.5727,43280509.0,1.0,0.0
2021-06-10,228.4002,229.7362,227.8964,229.5505,25524223.0,1.0,0.0
2021-06-11,230.3942,231.0967,230.1579,230.7068,49807464.0,1.0,0.0
2021-06-14,231.3882,231.4126,230.1781,230.8431,44122327.0,1.0,0.0
2021-06-15,231.9103,234.2175,231.8919,233.5452,15834143.0,1.0,0.0
2021-06-16,231.9026,233.3985,231.6535,233.3691,8209356.0,1.0,0.0
2021-06-17,234.169,236.4762,233.9393,235.9566,11732676.0,1.0,0.0
2021-06-18,236.2695,236.8854,236.1523,236.3708,18408896.0,1.0,0.0
2021-06-21,238.1715,238.2031,237.7938,238.0843,28547704.0,1.0,0.0
2021-06-22,237.3692,238.1656,237.2128,237.2871,21738680.0,1.0,0.0
2021-06-23,236.6433,237.7573,235.9968,237.0292,19425172.0,1.0,0.0
2021-06-24,237.0154,237.6027,234.7809,235.011,7991677.0,1.0,0.0
2021-06-25,236.1317,236.3926,235.463,235.5747,43266952.0,1.0,0.0
2021-06-28,233.9294,234.5388,233.419,234.267,25962110.0,1.0,0.0
2021-06-29,233.5531,234.7589,233.4046,234.5819,48967382.0,1.0,0.0
2021-06-30,235.7264,235.8163,234.7237,235.1825,25630652.0,1.0,0.0
2021-07-01,235.651,235.6979,234.0685,234.4095,49949122.0,1.0,0.0
2021-07-02,233.8956,234.0609,231.5341,231.6724,11635970.0,1.0,0.0
2021-07-06,232.2635,232.9289,231.7714,231.9115,33164736.0,1.0,0.0
2021-07-07,232.0704,232.3722,229.9022,230.6986,17411049.0,1.0,0.0
2021-07-08,231.6496,231.8859,229.0413,229.3022,43026639.0,1.0,0.0
2021-07-09,227.6893,227.9419,224.7615,225.7539,31175299.0,1.0,0.0
2021-07-12,226.7844,227.1139,226.0372,226.279,14375409.0,1.0,0.0
2021-07-13,226.6423,227.4375,226.4643,227.2071,11912258.0,1.0,0.0
2021-07-14,227.9501,228.4601,227.4786,228.3225,47857528.0,1.0,0.0
2021-07-15,228.7931,229.1809,226.2362,226.8797,1749808.0,1.0,0.0
2021-07-16,227.3918,227.7881,226.5742,226.9823,15875985.0,1.0,0.0
2021-07-19,229.2398,230.8117,229.0636,230.0327,40857546.0,1.0,0.0
2021-07-20,230.2316,230.4151,229.5846,229.7838,28808180.0,1.0,0.0
2021-07-21,229.4733,229.5969,227.9347,228.157,3424910.0,1.0,0.0
2021-07-22,228.1609,228.6895,227.2583,227.4003,11259977.0,1.0,0.0
2021-07-23,227.2724,227.585,225.1233,225.1425,6901136.0,1.0,0.0
2021-07-26,225.5979,225.7243,224.516,224.7487,1352619.0,1.0,0.0
2021-07-27,224.1334,224.7982,223.8859,223.9008,44256380.0,1.0,0.0
2021-07-28,222.3901,222.5734,221.0005,221.203,23214881.0,1.0,0.0
2021-07-29,220.8911,223.6079,220.6057,223.3497,19103369.0,1.0,0.0
2021-07-30,223.2413,223.8218,222.5778,223.4453,1012939.0,1.0,0.0
2021-08-02,225.443,226.0042,223.6667,224.4453,38968678.0,1.0,0.0
2021-08-03,225.2802,227.143,224.3698,226.7921,34377055.0,1.0,0.0
2021-08-04,226.0807,226.2941,223.1793,223.6461,34543763.0,1.0,0.0
2021-08-05,222.6446,222.7784,221.8864,222.1714,44024898.0,1.0,0.0
2021-08-06,220.3561,220.5002,218.0837,218.2034,8909608.0,1.0,0.0
2021-08-09,218.5716,218.7529,218.3133,218.6984,30279755.0,1.0,0.0
2021-08-10,218.1546,218.7155,215.4588,216.0815,34979594.0,1.0,0.0
2021-08-11,216.9124,218.9348,216.7278,218.329,11024796.0,1.0,1.1
2021-08-12,218.5118,219.9646,218.0568,219.4194,46825778.0,1.0,0.0
2021-08-13,217.3721,217.9172,216.8154,217.0141,25683342.0,1.0,0.0
2021-08-16,216.1029,217.0661,216.0253,217.0655,22149067.0,1.0,0.0
2021-08-17,220.2128,221.6013,219.7899,221.5099,32395477.0,1.0,0.0
2021-08-18,218.1013,218.4742,217.9565,218.4257,11214084.0,1.0,0.0
2021-08-19,219.0515,219.3293,218.6311,219.0707,13247803.0,1.0,0.0
2021-08-20,219.1122,219.7254,218.1998,218.2444,40208323.0,1.0,0.0
2021-08-23,222.0111,222.3507,221.8365,221.9499,10808673.0,1.0,0.0
2021-08-24,222.6057,223.622,222.5117,223.4193,13455407.0,1.0,0.0
2021-08-25,222.8754,224.4416,222.6534,224.1582,20080256.0,1.0,0.0
2021-08-26,226.346,227.3324,225.9614,227.2331,49995580.0,1.0,0.0
2021-08-27,227.8732,228.2873,227.4162,228.0733,20757264.0,1.0,0.0
2021-08-30,225.1481,226.5455,224.5632,225.8301,7179644.0,1.0,0.0
2021-08-31,227.0913,228.8632,226.8477,227.9419,13980006.0,1.0,0.0
2021-09-01,228.12,229.0719,227.7395,228.6654,39914069.0,1.0,0.0
2021-09-02,227.7621,230.9671,227.7216,230.8805,26953419.0,1.0,0.0
2021-09-03,232.0697,234.0879,232.0475,233.4764,14808900.0,1.0,0.0
2021-09-07,233.3767,233.5878,233.0933,233.2926,3446287.0,1.0,0.0
2021-09-08,233.3797,234.3891,232.9833,234.0534,13071142.0,1.0,0.0
2021-09-09,234.1221,237.0562,233.9923,237.0223,16755013.0,1.0,0.0
2021-09-10,236.2706,236.512,234.4679,234.5532,22330443.0,1.0,0.0
2021-09-13,235.9554,240.5884,235.9187,240.4222,11867696.0,1.0,0.0
2021-09-14,240.3656,240.7424,239.6402,239.6626,16130086.0,1.0,0.0
2021-09-15,238.6111,238.8737,236.1627,236.7171,15517453.0,1.0,0.0
2021-09-16,236.7509,237.6873,236.1371,237.2671,36690326.0,1.0,0.0
2021-09-17,236.9443,238.0737,236.9372,237.702,25470300.0,1.0,0.0
2021-09-20,237.9059,238.732,237.145,237.2689,36720066.0,1.0,0.0
2021-09-21,238.3132,240.5055,237.4947,240.2099,25518132.0,1.0,0.0
2021-09-22,238.4178,238.4358,237.5206,237.8265,24621262.0,1.0,0.0
2021-09-23,238.2602,238.915,237.9406,238.4716,22410042.0,1.0,0.0
2021-09-24,237.7459,238.3721,237.3957,238.0682,32420489.0,1.0,0.0
2021-09-27,238.0956,238.8266,237.6863,237.7377,49169190.0,1.0,0.0
2021-09-28,238.3206,238.6796,237.8852,238.3125,33625896.0,1.0,0.0
2021-09-29,239.4295,240.0973,238.879,239.0442,21798198.0,1.0,0.0
2021-09-30,237.9292,239.6027,237.5006,239.3274,41120386.0,1.0,0.0
2021-10-01,238.1296,238.3303,237.3615,237.8038,31750406.0,1.0,0.0
2021-10-04,237.3325,238.6779,235.879,237.9337,17624287.0,1.0,0.0
2021-10-05,237.2713,238.1422,236.8481,238.1377,48912324.0,1.0,0.0
2021-10-06,237.7045,237.8971,236.5629,236.7525,5431732.0,1.0,0.0
2021-10-07,237.5731,239.1772,237.1092,238.0442,3393032.0,1.0,0.0
2021-10-08,238.1269,238.6716,236.1556,236.9862,45152332.0,1.0,0.0
2021-10-11,236.5881,237.0967,236.3265,236.7123,38470354.0,1.0,0.0
2021-10-12,235.5827,236.888,235.1148,235.456,29788859.0,1.0,0.0
2021-10-13,235.7672,238.9927,235.2348,238.0616,9373397.0,1.0,0.0
2021-10-14,237.727,238.0289,237.2441,237.7475,2221215.0,1.0,0.0
2021-10-15,236.9091,240.0986,236.6412,239.9826,24620970.0,1.0,0.0
2021-10-18,237.8322,237.8444,237.018,237.2399,17326209.0,1.0,0.0
2021-10-19,241.4367,241.781,239.6692,240.1157,43205049.0,1.0,0.0
2021-10-20,241.2376,241.7063,240.6698,240.7952,48918956.0,1.0,0.0
2021-10-21,242.2827,244.8624,242.216,244.5515,36752330.0,1.0,0.0
2021-10-22,246.701,247.4422,245.8849,246.4467,11348059.0,1.0,0.0
2021-10-25,244.8828,245.4788,244.7673,244.8248,5535049.0,1.0,0.0
2021-10-26,244.3482,245.3224,243.9233,245.0155,20875984.0,1.0,0.0
2021-10-27,245.8517,246.7977,245.4967,245.9252,12470582.0,1.0,0.0
2021-10-28,246.0542,246.5026,245.3678,245.3754,2323853.0,1.0,0.0
2021-10-29,245.6757,245.6991,243.7151,244.2384,12225302.0,1.0,0.0
2021-11-01,244.2995,245.2032,244.1765,245.0851,37531193.0,1.0,0.0
2021-11-02,243.8684,244.2224,241.5819,242.2873,7239911.0,1.0,0.0
2021-11-03,242.9116,243.3819,242.8244,243.1683,22394500.0,1.0,0.0
2021-11-04,242.7526,242.9586,242.3009,242.8255,41772587.0,1.0,0.0
2021-11-05,242.7532,243.2424,241.5627,243.2221,23505601.0,1.0,0.0
2021-11-08,247.3742,247.6935,244.9993,245.8122,19246176.0,1.0,0.0
2021-11-09,244.3889,245.322,244.1146,244.9688,10982241.0,1.0,0.0
2021-11-10,242.0746,243.3606,241.7426,243.2957,15465888.0,1.0,1.1
2021-11-11,242.6578,243.5733,242.5788,243.4539,23435215.0,1.0,0.0
2021-11-12,243.4929,243.8297,242.9697,243.7596,28903520.0,1.0,0.0
2021-11-15,245.068,246.2158,244.263,246.1591,37999799.0,1.0,0.0
2021-11-16,244.9177,245.79,244.6419,245.5619,36990647.0,1.0,0.0
2021-11-17,246.1754,246.8519,245.8766,246.4103,34535043.0,1.0,0.0
2021-11-18,245.9868,246.4116,245.284,245.9575,40076865.0,1.0,0.0
2021-11-19,248.2278,248.5201,247.9491,248.2,11257534.0,1.0,0.0
2021-11-22,248.5846,249.2943,248.1716,248.6863,45172400.0,1.0,0.0
2021-11-23,248.2366,249.1355,247.783,248.727,26977067.0,1.0,0.0
2021-11-24,246.3077,247.6215,245.8437,247.1272,1966983.0,1.0,0.0
2021-11-26,247.4954,249.5306,247.4322,249.0891,19603027.0,1.0,0.0
2021-11-29,249.3586,252.3391,248.7666,250.9957,24390528.0,1.0,0.0
2021-11-30,250.3095,250.8614,247.2667,247.7296,34068733.0,1.0,0.0
2021-12-01,250.1647,251.2999,249.9934,250.9912,35099878.0,1.0,0.0
2021-12-02,252.9239,253.2711,252.5919,252.9647,28116531.0,1.0,0.0
2021-12-03,252.7169,255.7791,252.0509,255.1009,34722986.0,1.0,0.0
2021-12-06,256.0859,259.0254,255.699,258.4305,1822599.0,1.0,0.0
2021-12-07,263.9739,264.5508,263.6177,263.7906,34042341.0,1.0,0.0
2021-12-08,264.7554,266.0934,264.0461,265.8055,20887352.0,1.0,0.0
2021-12-09,265.0316,265.4722,262.9252,263.3307,29018115.0,1.0,0.0
2021-12-10,265.2552,266.9836,264.5357,266.2124,3674082.0,1.0,0.0
2021-12-13,263.495,264.5679,263.1575,264.4418,38372558.0,1.0,0.0
2021-12-14,262.8589,263.1516,260.9302,261.0596,5156028.0,1.0,0.0
2021-12-15,259.4675,263.168,258.8757,262.1443,2544173.0,1.0,0.0
2021-12-16,259.1048,259.4245,256.262,256.3421,40038851.0,1.0,0.0
2021-12-17,256.2741,258.3481,256.215,258.085,10195812.0,1.0,0.0
2021-12-20,257.2225,257.4197,255.5512,256.2556,45162601.0,1.0,0.0
2021-12-21,254.5754,255.1302,254.1335,254.55,42622900.0,1.0,0.0
2021-12-22,254.9839,255.5716,254.3683,255.099,5849085.0,1.0,0.0
2021-12-23,256.5229,256.5458,256.4663,256.4889,33505541.0,1.0,0.0
2021-12-27,252.7472,253.3209,252.5028,252.5192,48115706.0,1.0,0.0
2021-12-28,250.7667,250.9541,250.5504,250.946,33985402.0,1.0,0.0
2021-12-29,250.8218,251.4522,250.4685,251.4482,20656198.0,1.0,0.0
2021-12-30,250.3755,250.6666,249.693,250.1659,17787296.0,1.0,0.0
2021-12-31,248.3971,249.1283,248.0417,249.0975,12104050.0,1.0,0.0
2022-01-03,247.5702,248.0021,246.7692,247.7232,29183364.0,1.0,0.0
2022-01-04,248.6874,249.4965,248.4126,249.2776,38782770.0,1.0,0.0
2022-01-05,257.1022,259.4155,256.9798,258.7657,14856887.0,1.0,0.0
2022-01-06,259.6012,259.6464,257.282,258.6666,32489792.0,1.0,0.0
2022-01-07,260.0246,263.2424,259.4675,263.2151,24435980.0,1.0,0.0
2022-01-10,263.423,265.7592,263.3909,265.6705,42613886.0,1.0,0.0
2022-01-11,265.6687,266.9091,263.8504,264.1208,22298248.0,1.0,0.0
2022-01-12,266.9448,267.7879,265.8476,267.644,49520478.0,1.0,0.0
2022-01-13,263.4068,263.7688,262.593,263.7098,9513989.0,1.0,0.0
2022-01-14,264.2113,264.8036,263.4442,264.018,6092930.0,1.0,0.0
2022-01-18,265.1574,265.3621,258.9895,259.5816,20585207.0,1.0,0.0
2022-01-19,259.1066,260.4153,258.9259,260.1043,31675467.0,1.0,0.0
2022-01-20,261.024,263.9383,260.5876,263.0188,20264769.0,1.0,0.0
2022-01-21,263.937,265.4032,262.9404,265.1109,32646445.0,1.0,0.0
2022-01-24,264.5953,264.8037,263.7721,264.3466,6317069.0,1.0,0.0
2022-01-25,261.8389,262.0684,261.4403,261.6089,44244638.0,1.0,0.0
2022-01-26,260.8943,261.4295,259.4948,259.9468,46433335.0,1.0,0.0
2022-01-27,258.9293,262.8511,258.079,262.798,6883586.0,1.0,0.0
2022-01-28,261.4024,261.8668,260.3689,260.3735,37091806.0,1.0,0.0
2022-01-31,260.3009,260.9436,259.3492,260.6792,15860764.0,1.0,0.0
2022-02-01,260.9283,261.2865,260.317,260.3404,40378653.0,1.0,0.0
2022-02-02,265.7644,269.0818,264.6407,268.6862,48442665.0,1.0,0.0
2022-02-03,264.991,265.7538,263.5611,264.452,45983218.0,1.0,0.0
2022-02-04,262.5554,264.016,261.8507,263.1699,33352619.0,1.0,0.0
2022-02-07,263.4922,265.4678,263.0112,265.3254,10081388.0,1.0,0.0
2022-02-08,263.3286,263.806,261.8767,262.1519,17953985.0,1.0,0.0
2022-02-09,261.5646,261.9341,260.8104,261.4543,22362445.0,1.0,1.1
2022-02-10,261.1652,261.6887,261.0352,261.4799,11922446.0,1.0,0.0
2022-02-11,261.327,261.9001,260.9241,261.8837,47864281.0,1.0,0.0
2022-02-14,262.0617,262.133,259.2441,259.9921,35069807.0,1.0,0.0
2022-02-15,259.5675,260.4812,259.3076,259.6837,17447789.0,1.0,0.0
2022-02-16,254.9421,255.8941,254.4186,255.4675,29937654.0,1.0,0.0
2022-02-17,256.1165,256.7071,255.9738,256.3346,20267827.0,1.0,0.0
2022-02-18,258.221,259.127,257.4876,259.0192,6861532.0,1.0,0.0
2022-02-22,258.4732,258.9243,258.4614,258.5851,32423721.0,1.0,0.0
2022-02-23,260.2118,260.8392,259.1728,259.6623,28680354.0,1.0,0.0
2022-02-24,260.9214,261.5321,259.251,259.7997,40390341.0,1.0,0.0
2022-02-25,260.4892,261.1327,260.0802,260.5264,17157015.0,1.0,0.0
2022-02-28,261.8094,263.3778,261.41,262.7374,46588858.0,1.0,0.0
2022-03-01,263.4561,263.564,262.8098,263.0416,42000318.0,1.0,0.0
2022-03-02,264.6886,264.7689,263.641,264.0689,31055700.0,1.0,0.0
2022-03-03,264.1049,266.119,263.9703,265.9023,7880126.0,1.0,0.0
2022-03-04,266.5414,267.2882,266.4331,267.2871,37213465.0,1.0,0.0
2022-03-07,265.3338,268.1084,264.8548,266.6888,46680284.0,1.0,0.0
2022-03-08,267.9244,268.8391,267.6223,268.6072,46026097.0,1.0,0.0
2022-03-09,268.8087,272.3043,268.39,271.2746,40523005.0,1.0,0.0
2022-03-10,269.5806,269.7772,268.4562,268.8348,19479476.0,1.0,0.0
2022-03-11,271.1973,272.0323,270.3785,271.4143,5192281.0,1.0,0.0
2022-03-14,271.1625,271.8041,270.822,271.7802,8772490.0,1.0,0.0
2022-03-15,267.2201,269.6256,266.7464,269.0288,43927480.0,1.0,0.0
2022-03-16,267.6922,267.7315,266.4594,266.9566,2464183.0,1.0,0.0
2022-03-17,265.9164,267.4723,265.1949,267.4018,22809768.0,1.0,0.0
2022-03-18,269.273,270.6572,269.1716,270.4572,11902710.0,1.0,0.0
2022-03-21,271.3723,274.8355,271.1248,274.4831,43068318.0,1.0,0.0
2022-03-22,272.0205,272.6064,270.1093,270.4373,27467398.0,1.0,0.0
2022-03-23,272.2984,273.1592,272.2336,273.0269,39961584.0,1.0,0.0
2022-03-24,271.8374,272.1204,270.876,270.9938,29487737.0,1.0,0.0
2022-03-25,269.9201,273.2679,269.7465,272.5675,8110271.0,1.0,0.0
2022-03-28,274.0921,274.5129,273.1397,273.2473,28416438.0,1.0,0.0
2022-03-29,271.6336,272.1905,271.0898,271.893,10454560.0,1.0,0.0
2022-03-30,271.1005,271.6274,270.9307,271.5012,47744540.0,1.0,0.0
2022-03-31,270.4989,271.2489,269.686,270.0609,5717985.0,1.0,0.0
2022-04-01,268.5208,269.067,265.9344,266.265,25069932.0,1.0,0.0
2022-04-04,265.1732,265.2322,263.0162,263.8436,35366169.0,1.0,0.0
2022-04-05,264.0214,266.4019,263.7449,265.3533,44074086.0,1.0,0.0
2022-04-06,264.7221,265.3703,263.4482,263.4686,33550480.0,1.0,0.0
2022-04-07,262.529,263.8702,262.2791,263.4627,42235359.0,1.0,0.0
2022-04-08,265.9406,266.1484,264.7177,265.0778,18515541.0,1.0,0.0
2022-04-11,263.5115,264.4411,263.2706,264.4289,42985497.0,1.0,0.0
2022-04-12,263.2092,263.7933,261.1362,261.7315,29273174.0,1.0,0.0
2022-04-13,261.7386,262.567,258.9508,259.1716,33134860.0,1.0,0.0
2022-04-14,259.1324,260.0802,258.753,259.9165,46674876.0,1.0,0.0
2022-04-18,261.8376,262.0658,260.9848,261.3828,48486660.0,1.0,0.0
2022-04-19,262.4892,262.5703,262.0767,262.3961,47681877.0,1.0,0.0
2022-04-20,262.8649,264.8122,262.5872,264.4703,16976721.0,1.0,0.0
2022-04-21,264.4911,266.8358,264.4545,266.3184,38455165.0,1.0,0.0
2022-04-22,267.3077,269.9401,267.254,269.251,34991531.0,1.0,0.0
2022-04-25,269.3978,270.7998,268.4426,268.7741,24464425.0,1.0,0.0
2022-04-26,269.2245,269.7998,268.502,269.0811,26330871.0,1.0,0.0
2022-04-27,269.7584,269.8792,269.2843,269.4215,22908957.0,1.0,0.0
2022-04-28,269.2166,270.5851,268.6781,270.4351,43801652.0,1.0,0.0
2022-04-29,269.6793,272.7233,269.6681,272.0235,3822354.0,1.0,0.0
2022-05-02,270.9747,271.0368,270.2715,270.4586,24392565.0,1.0,0.0
2022-05-03,270.4581,270.8261,269.0452,270.0597,24465031.0,1.0,0.0
2022-05-04,270.1105,271.8023,269.8034,271.5842,35751641.0,1.0,0.0
2022-05-05,272.3286,273.295,271.8834,273.2618,15367758.0,1.0,0.0
2022-05-06,272.0178,272.6178,271.8161,271.9499,21688589.0,1.0,0.0
2022-05-09,272.2918,273.5523,272.0913,272.9883,11604605.0,1.0,0.0
2022-05-10,272.1332,273.1669,270.9994,271.1308,9747255.0,1.0,0.0
2022-05-11,269.621,272.2872,269.6139,271.8003,40425017.0,1.0,1.1
2022-05-12,271.3512,271.8074,268.4522,269.4944,30468699.0,1.0,0.0
2022-05-13,268.5902,270.2678,266.8833,267.59,47103893.0,1.0,0.0
2022-05-16,268.0835,269.0068,266.4119,266.9024,18845778.0,1.0,0.0
2022-05-17,268.0238,269.2438,266.6548,267.1502,22427307.0,1.0,0.0
2022-05-18,267.0168,267.0828,264.7491,265.7575,8051538.0,1.0,0.0
2022-05-19,266.5889,268.6002,266.1391,267.8693,31788401.0,1.0,0.0
2022-05-20,267.0934,268.0297,266.9108,267.5827,40966638.0,1.0,0.0
2022-05-23,265.8936,268.8668,265.2403,268.5217,10668254.0,1.0,0.0
2022-05-24,268.6066,269.5434,267.5275,269.1859,49920616.0,1.0,0.0
2022-05-25,268.4205,268.7619,267.628,267.9724,17472315.0,1.0,0.0
2022-05-26,268.1865,269.5342,267.8633,269.0547,11399205.0,1.0,0.0
2022-05-27,272.1444,272.2417,271.3877,271.6319,7896192.0,1.0,0.0
2022-05-31,271.5649,272.7301,271.1437,271.9788,30109934.0,1.0,0.0
2022-06-01,271.5586,274.0178,271.3112,273.3449,14306345.0,1.0,0.0
2022-06-02,268.9702,270.4297,268.8111,270.0842,47977178.0,1.0,0.0
2022-06-03,264.9099,265.0005,263.551,264.8184,16905848.0,1.0,0.0
2022-06-06,272.3157,273.9777,270.588,273.205,7752363.0,1.0,0.0
2022-06-07,272.8499,273.71,272.4035,273.4991,31625888.0,1.0,0.0
2022-06-08,271.902,272.6126,271.2515,271.5538,40266415.0,1.0,0.0
2022-06-09,265.9387,266.0232,265.8708,265.8798,41295694.0,1.0,0.0
2022-06-10,269.4152,270.132,268.8572,269.9576,28795591.0,1.0,0.0
2022-06-13,268.7759,269.6931,266.3049,267.2084,7021993.0,1.0,0.0
2022-06-14,271.1613,271.7713,271.0843,271.2706,38934475.0,1.0,0.0
2022-06-15,270.4708,270.7278,269.3645,270.0487,23594195.0,1.0,0.0
2022-06-16,274.2619,275.2471,273.808,274.538,19735098.0,1.0,0.0
2022-06-17,274.1955,274.901,273.4204,273.4641,1565861.0,1.0,0.0
2022-06-21,274.5158,274.6461,273.0038,273.4423,47859352.0,1.0,0.0
2022-06-22,294.5174,294.6847,290.8816,291.3737,14799973.0,1.0,0.0
2022-06-23,294.0348,294.4025,292.1949,292.2753,6352901.0,1.0,0.0
2022-06-24,294.9259,295.5864,294.0198,295.3936,29384244.0,1.0,0.0
2022-06-27,291.8525,292.0547,287.8691,288.6639,45261265.0,1.0,0.0
2022-06-28,279.8661,280.2182,279.8301,280.0554,44773599.0,1.0,0.0
2022-06-29,277.2662,278.8914,276.7348,276.7722,1032294.0,1.0,0.0
2022-06-30,283.4951,283.6131,282.8333,282.9793,9862363.0,1.0,0.0
2022-07-01,294.671,297.4617,294.1425,297.4041,38143841.0,1.0,0.0
2022-07-05,294.7368,295.8664,294.7321,295.7361,14483294.0,1.0,0.0
2022-07-06,290.2308,292.2765,290.1627,291.7619,17920318.0,1.0,0.0
2022-07-07,292.3101,294.7819,291.7684,293.7199,45877778.0,1.0,0.0
2022-07-08,297.2628,297.4985,295.9603,296.6926,28471053.0,1.0,0.0
2022-07-11,307.6082,308.4018,306.7708,307.6634,16909995.0,1.0,0.0
2022-07-12,302.078,304.6372,301.6941,303.5336,8226715.0,1.0,0.0
2022-07-13,299.1696,300.9502,298.0071,300.6085,5226242.0,1.0,0.0
2022-07-14,311.126,312.1425,310.9767,311.7428,25770841.0,1.0,0.0
2022-07-15,301.5478,303.8971,301.3394,303.3644,48560019.0,1.0,0.0
2022-07-18,320.3138,320.3916,318.8009,319.7689,13677003.0,1.0,0.0
2022-07-19,315.4883,315.4924,315.0454,315.4436,46127418.0,1.0,0.0
2022-07-20,329.8281,330.2426,328.2723,328.3506,14040698.0,1.0,0.0
2022-07-21,346.9255,346.9502,345.565,345.9824,21012279.0,1.0,0.0
2022-07-22,354.265,356.0056,353.9506,355.8552,27683107.0,1.0,0.0
2022-07-25,357.5408,357.6192,354.6762,355.1284,37708902.0,1.0,0.0
2022-07-26,339.5616,342.9228,337.9781,341.8756,21185445.0,1.0,0.0
2022-07-27,338.0512,338.1878,335.9642,336.5688,7256974.0,1.0,0.0
2022-07-28,344.9771,346.6893,344.5529,346.3382,37664007.0,1.0,0.0
2022-07-29,350.3774,352.4674,349.1365,351.6903,12520562.0,1.0,0.0
2022-08-01,349.0631,352.6104,348.9101,352.0133,7284024.0,1.0,0.0
2022-08-02,354.8764,357.1384,354.5432,356.9415,13883194.0,1.0,0.0
2022-08-03,351.4785,353.0933,351.3151,352.087,38189170.0,1.0,0.0
2022-08-04,345.2434,345.2579,341.032,343.1203,37357953.0,1.0,0.0
2022-08-05,336.3524,336.7436,332.6932,335.5166,16530775.0,1.0,0.0
2022-08-08,344.3469,345.6172,343.7985,345.079,48172060.0,1.0,0.0
2022-08-09,348.8355,350.3279,348.791,350.0315,39436089.0,1.0,0.0
2022-08-10,354.1523,356.5956,354.1313,356.118,45468159.0,1.0,1.1
2022-08-11,366.6343,366.8021,364.8599,366.3543,12263391.0,1.0,0.0
2022-08-12,373.1661,380.8181,373.166,379.5462,8458488.0,1.0,0.0
2022-08-15,375.995,377.3048,374.5276,376.4398,20805501.0,1.0,0.0
2022-08-16,392.6676,396.0792,392.5106,395.3339,40566399.0,1.0,0.0
2022-08-17,382.982,384.5155,380.4195,380.4689,42818522.0,1.0,0.0
2022-08-18,383.4695,383.9856,382.3458,383.0222,49135384.0,1.0,0.0
2022-08-19,368.6202,370.673,368.3362,369.5784,35832303.0,1.0,0.0
2022-08-22,368.6017,368.6799,366.5883,367.2549,24466031.0,1.0,0.0
2022-08-23,356.684,357.4903,356.001,357.3919,10964225.0,1.0,0.0
2022-08-24,354.8813,355.285,352.7904,353.1361,20953155.0,1.0,0.0
2022-08-25,344.7414,345.0532,343.234,343.8254,2540977.0,1.0,0.0
2022-08-26,343.3429,343.5778,342.5666,342.7111,14844516.0,1.0,0.0
2022-08-29,347.9451,349.3625,347.4143,349.2911,38069809.0,1.0,0.0
2022-08-30,347.4012,348.8266,346.9078,348.6104,14181694.0,1.0,0.0
2022-08-31,337.5133,338.9659,336.867,338.9029,14175328.0,1.0,0.0
2022-09-01,342.5761,344.7752,341.7217,344.2479,38331468.0,1.0,0.0
2022-09-02,335.4936,339.0331,334.5191,338.8732,46352601.0,1.0,0.0
2022-09-06,333.2792,336.5021,332.8702,334.5026,42319114.0,1.0,0.0
2022-09-07,334.8936,335.93,334.3751,334.4589,43047748.0,1.0,0.0
2022-09-08,331.6697,334.5804,331.3091,333.8599,20477376.0,1.0,0.0
2022-09-09,336.0912,336.9614,335.0104,335.6585,12525054.0,1.0,0.0
2022-09-12,333.1216,334.7281,332.8044,334.3066,16606173.0,1.0,0.0
2022-09-13,328.0494,330.1515,327.5684,328.8373,41581403.0,1.0,0.0
2022-09-14,328.5361,330.3074,328.504,328.947,12158004.0,1.0,0.0
2022-09-15,319.7774,320.3649,318.6885,319.0959,24844732.0,1.0,0.0
2022-09-16,313.1077,313.2923,312.2763,312.4138,3689919.0,1.0,0.0
2022-09-19,310.7145,310.7488,308.5689,309.8198,27971305.0,1.0,0.0
2022-09-20,309.8399,311.254,309.6524,310.6841,45316824.0,1.0,0.0
2022-09-21,312.6889,314.2932,312.2689,314.1861,32450224.0,1.0,0.0
2022-09-22,319.78,320.0443,318.4545,318.6379,17137155.0,1.0,0.0
2022-09-23,315.5902,316.1145,313.8187,314.4641,26544825.0,1.0,0.0
2022-09-26,318.0127,318.6561,316.593,317.0961,31326655.0,1.0,0.0
2022-09-27,321.1187,321.8617,320.9313,321.6796,1764005.0,1.0,0.0
2022-09-28,313.2711,313.9401,311.2065,311.3497,27380573.0,1.0,0.0
2022-09-29,311.7588,312.0821,309.8338,310.3027,47301409.0,1.0,0.0
2022-09-30,307.8417,307.9567,305.0006,305.5347,47039121.0,1.0,0.0
2022-10-03,304.9035,305.9747,304.6346,305.4993,15001563.0,1.0,0.0
2022-10-04,302.3205,302.6738,300.7681,301.2561,3420913.0,1.0,0.0
2022-10-05,305.6472,306.1962,305.072,306.0522,3159346.0,1.0,0.0
2022-10-06,306.3243,306.4637,303.6509,303.9044,46423022.0,1.0,0.0
2022-10-07,306.7059,308.2941,306.4906,307.0986,7655838.0,1.0,0.0
2022-10-10,307.3188,307.5855,305.9773,306.9903,27844320.0,1.0,0.0
2022-10-11,308.7354,310.7715,308.3583,309.7434,9167332.0,1.0,0.0
2022-10-12,312.7962,313.0721,311.1608,311.7649,38558558.0,1.0,0.0
2022-10-13,307.6767,309.5624,307.3663,309.3372,23919949.0,1.0,0.0
2022-10-14,303.9433,304.6378,302.8154,303.2548,39719126.0,1.0,0.0
2022-10-17,304.216,305.8468,304.1032,305.7162,37458246.0,1.0,0.0
2022-10-18,307.3763,307.9915,306.0124,306.2281,5268884.0,1.0,0.0
2022-10-19,313.2515,316.8084,312.8343,316.4219,4243628.0,1.0,0.0
2022-10-20,323.5283,324.1876,322.0765,322.4333,22824485.0,1.0,0.0
2022-10-21,316.6227,316.7735,313.8496,314.5146,29922297.0,1.0,0.0
2022-10-24,317.7486,318.3077,313.2344,314.3471,42875911.0,1.0,0.0
2022-10-25,316.2726,316.6277,314.8394,315.7737,5181828.0,1.0,0.0
2022-10-26,314.9871,315.1686,312.4926,312.9788,3455421.0,1.0,0.0
2022-10-27,315.5207,315.9252,314.3042,314.3674,11330109.0,1.0,0.0
2022-10-28,310.0345,315.0694,309.6314,314.4767,9552275.0,1.0,0.0
2022-10-31,317.0601,318.4723,316.1801,317.8979,44685876.0,1.0,0.0
2022-11-01,314.0325,318.4276,314.0252,317.3856,30477352.0,1.0,0.0
2022-11-02,318.6051,319.3469,317.3203,317.9082,37166548.0,1.0,0.0
2022-11-03,320.2064,320.8268,318.1482,318.4278,49739396.0,1.0,0.0
2022-11-04,319.702,320.2848,317.7618,318.1209,16591194.0,1.0,0.0
2022-11-07,317.8044,319.2087,317.5306,318.5884,43884668.0,1.0,0.0
2022-11-08,318.5724,320.1468,318.4054,319.5353,42761352.0,1.0,0.0
2022-11-09,318.1318,320.2977,317.0007,319.9144,27118897.0,1.0,1.1
2022-11-10,318.8551,321.153,317.5946,320.4807,43195104.0,1.0,0.0
2022-11-11,322.9153,326.7208,322.6572,326.5691,2164438.0,1.0,0.0
2022-11-14,326.6711,326.728,325.2072,325.7576,15844176.0,1.0,0.0
2022-11-15,323.7165,323.8447,321.484,321.9288,28286974.0,1.0,0.0
2022-11-16,319.911,320.6643,317.8823,318.3159,9724962.0,1.0,0.0
2022-11-17,315.9201,316.334,315.2701,315.3075,17685130.0,1.0,0.0
2022-11-18,315.8002,316.0835,314.7443,315.7055,26957307.0,1.0,0.0
2022-11-21,314.3688,315.1696,312.8362,312.9071,49538774.0,1.0,0.0
2022-11-22,313.8293,314.2564,310.5258,311.1492,18355441.0,1.0,0.0
2022-11-23,310.618,310.8815,307.8359,308.1171,34352689.0,1.0,0.0
2022-11-25,307.4424,308.0667,305.6588,305.743,38001727.0,1.0,0.0
2022-11-28,305.2196,306.0494,304.3357,305.8588,28657094.0,1.0,0.0
2022-11-29,305.6237,306.8514,304.855,305.0048,32723761.0,1.0,0.0
2022-11-30,303.0901,304.8562,303.0556,304.2073,41334059.0,1.0,0.0
2022-12-01,306.0402,308.1655,305.9285,307.7167,41776655.0,1.0,0.0
2022-12-02,307.4018,307.9618,306.4797,307.5101,7535282.0,1.0,0.0
2022-12-05,306.3197,308.9172,305.7488,308.3474,18491152.0,1.0,0.0
2022-12-06,306.8318,308.895,306.4735,307.5832,12279932.0,1.0,0.0
2022-12-07,306.622,307.1628,306.5609,307.0051,30333406.0,1.0,0.0
2022-12-08,306.6867,308.2996,305.4817,307.8921,1710869.0,1.0,0.0
2022-12-09,309.6829,312.831,309.5299,312.2858,3517873.0,1.0,0.0
2022-12-12,311.57,311.9472,308.8193,309.5935,16996562.0,1.0,0.0
2022-12-13,310.1992,310.5374,308.4442,308.5859,34793342.0,1.0,0.0
2022-12-14,309.0331,312.0528,308.7609,311.972,46411403.0,1.0,0.0
2022-12-15,310.9671,312.0163,310.0356,311.194,2426574.0,1.0,0.0
2022-12-16,309.5284,310.605,308.3119,309.3374,28841721.0,1.0,0.0
2022-12-19,306.7839,307.218,305.1419,305.7534,42189485.0,1.0,0.0
2022-12-20,303.6374,303.7742,301.9042,301.9355,14331394.0,1.0,0.0
2022-12-21,303.2257,304.3171,302.8038,303.7407,21590994.0,1.0,0.0
2022-12-22,304.6001,306.6718,303.2116,306.1548,6988215.0,1.0,0.0
2022-12-23,305.3277,310.6594,305.0944,310.5438,7476277.0,1.0,0.0
2022-12-27,309.3734,311.2231,309.0621,311.0585,15987481.0,1.0,0.0
2022-12-28,309.9176,309.9501,306.3767,306.9671,36648911.0,1.0,0.0
2022-12-29,308.0346,308.6218,307.7517,307.9864,26475110.0,1.0,0.0
2022-12-30,307.3084,310.0004,306.6857,309.687,38853018.0,1.0,0.0
2023-01-03,312.5302,312.6124,311.8892,312.2779,42031735.0,1.0,0.0
2023-01-04,310.3351,310.8516,309.9127,309.9976,3920854.0,1.0,0.0
2023-01-05,307.816,307.8784,305.3899,305.5877,8636701.0,1.0,0.0
2023-01-06,305.9518,306.6915,302.8835,303.1324,24585142.0,1.0,0.0
2023-01-09,302.8803,303.0741,300.7572,301.8335,12728000.0,1.0,0.0
2023-01-10,299.6323,302.2942,299.0566,301.5989,20002825.0,1.0,0.0
2023-01-11,303.3421,305.2705,302.5799,304.5401,1920176.0,1.0,0.0
2023-01-12,304.3295,304.3483,302.5261,303.608,32868908.0,1.0,0.0
2023-01-13,295.9501,296.0493,294.7956,295.0127,31506481.0,1.0,0.0
2023-01-17,293.6832,293.7389,292.7176,293.2041,21766358.0,1.0,0.0
2023-01-18,290.4286,291.7361,289.1966,291.5763,10979452.0,1.0,0.0
2023-01-19,291.4619,291.8242,288.4396,288.4541,6278776.0,1.0,0.0
2023-01-20,286.983,287.1133,284.553,285.2718,10273414.0,1.0,0.0
2023-01-23,286.9888,290.4322,286.2592,289.1343,36561890.0,1.0,0.0
2023-01-24,290.3365,291.284,289.4828,290.2367,15900042.0,1.0,0.0
2023-01-25,288.7928,289.0492,284.6983,285.1173,32545331.0,1.0,0.0
2023-01-26,287.1128,287.7551,286.2793,286.3296,41156466.0,1.0,0.0
2023-01-27,286.9366,289.3936,286.5894,288.4837,3002212.0,1.0,0.0
2023-01-30,288.1387,288.1691,286.3776,286.4478,18829776.0,1.0,0.0
2023-01-31,287.4732,288.442,285.8163,286.2909,22219086.0,1.0,0.0
2023-02-01,284.9176,285.1401,284.4493,284.8429,22308952.0,1.0,0.0
2023-02-02,286.2221,287.4393,284.071,284.4527,8245418.0,1.0,0.0
2023-02-03,281.1885,282.3529,280.9765,281.7056,27094095.0,1.0,0.0
2023-02-06,281.2707,281.6036,278.5441,279.4918,28650152.0,1.0,0.0
2023-02-07,280.4382,280.6778,278.7104,279.3553,19929233.0,1.0,0.0
2023-02-08,279.2198,282.9465,278.9708,282.8362,7953092.0,1.0,1.1
2023-02-09,284.9595,289.2351,284.3151,288.094,21854022.0,1.0,0.0
2023-02-10,288.4316,290.4801,287.6743,289.8627,37164681.0,1.0,0.0
2023-02-13,289.8219,290.6446,288.881,289.0879,9087925.0,1.0,0.0
2023-02-14,289.4475,289.9055,288.3641,288.4813,2495520.0,1.0,0.0
2023-02-15,288.7922,289.4897,287.8676,288.4597,6645803.0,1.0,0.0
2023-02-16,286.3072,286.99,286.1092,286.724,39798234.0,1.0,0.0
2023-02-17,286.711,288.6682,286.3548,287.9108,25107014.0,1.0,0.0
2023-02-21,284.1868,284.2104,283.8984,284.1922,32879324.0,1.0,0.0
2023-02-22,282.6654,284.6646,282.6379,284.6425,34764884.0,1.0,0.0
2023-02-23,284.2243,284.7617,283.3588,283.9741,29913759.0,1.0,0.0
2023-02-24,282.6024,283.0892,280.5015,281.2349,34324373.0,1.0,0.0
2023-02-27,279.6802,283.8899,279.5251,283.7533,24833477.0,1.0,0.0
2023-02-28,284.896,287.5194,284.2379,286.6035,46685952.0,1.0,0.0
2023-03-01,288.2843,290.5103,287.8913,289.8011,6821085.0,1.0,0.0
2023-03-02,291.9973,292.4104,290.9454,291.1828,13087278.0,1.0,0.0
2023-03-03,291.0943,292.2069,288.2565,288.7241,16241541.0,1.0,0.0
2023-03-06,288.2638,288.3755,287.72,287.9831,41610861.0,1.0,0.0
2023-03-07,289.0323,290.7382,288.4899,290.426,6204540.0,1.0,0.0
2023-03-08,291.4187,293.7439,291.2061,292.153,29412271.0,1.0,0.0
2023-03-09,292.0353,292.6396,290.8543,291.6481,32555740.0,1.0,0.0
2023-03-10,291.3152,291.4541,288.831,288.8578,9010938.0,1.0,0.0
2023-03-13,288.1744,288.5166,285.7608,286.2074,28605366.0,1.0,0.0
2023-03-14,286.0775,286.2216,283.5731,284.2864,24098061.0,1.0,0.0
2023-03-15,282.0284,282.1457,281.2699,281.4198,39946204.0,1.0,0.0
2023-03-16,280.1015,280.9783,279.3848,280.4895,26665393.0,1.0,0.0
2023-03-17,280.6368,280.7458,279.8967,280.2953,43193933.0,1.0,0.0
2023-03-20,280.4413,282.1006,280.2371,281.6052,24973666.0,1.0,0.0
2023-03-21,282.0859,284.6897,282.0503,283.4728,30944601.0,1.0,0.0
2023-03-22,283.8026,285.8369,283.6274,285.1596,34458742.0,1.0,0.0
2023-03-23,285.9417,286.8676,285.5683,286.1369,23145851.0,1.0,0.0
2023-03-24,285.1636,285.1918,281.9947,282.1002,37401095.0,1.0,0.0
2023-03-27,281.5265,282.1139,281.479,281.7344,32922578.0,1.0,0.0
2023-03-28,280.3703,281.5462,280.2216,280.819,17975183.0,1.0,0.0
2023-03-29,279.2865,279.5613,276.2919,277.2465,16512957.0,1.0,0.0
2023-03-30,276.915,280.7475,276.7624,280.3016,27226573.0,1.0,0.0
2023-03-31,281.6451,281.8578,280.6599,280.941,6200160.0,1.0,0.0
2023-04-03,281.3139,281.9292,281.0269,281.4114,24307401.0,1.0,0.0
2023-04-04,280.4812,281.0896,277.5935,277.9247,5352809.0,1.0,0.0
2023-04-05,276.3205,276.6543,275.8637,275.8995,25781498.0,1.0,0.0
2023-04-06,275.0956,275.493,274.3947,274.5216,46690611.0,1.0,0.0
2023-04-10,274.8916,275.6876,273.7633,274.7087,17845714.0,1.0,0.0
2023-04-11,276.2553,276.6056,274.4411,274.9641,34180331.0,1.0,0.0
2023-04-12,275.1609,276.083,274.8188,275.1529,8650744.0,1.0,0.0
2023-04-13,273.6544,273.6763,272.2778,272.37,49630657.0,1.0,0.0
2023-04-14,273.6138,274.4276,273.3015,273.9898,23346547.0,1.0,0.0
2023-04-17,276.2898,276.743,272.3716,273.2073,16023593.0,1.0,0.0
2023-04-18,272.869,272.9627,271.0745,271.2678,49481967.0,1.0,0.0
2023-04-19,271.267,271.7982,269.2233,269.8226,44298099.0,1.0,0.0
2023-04-20,269.7029,270.0386,266.939,267.3334,22142892.0,1.0,0.0
2023-04-21,265.9285,266.1959,263.5817,263.8281,22336023.0,1.0,0.0
2023-04-24,263.7542,263.7799,262.9637,263.4269,1715309.0,1.0,0.0
2023-04-25,264.3542,264.9984,264.2173,264.5166,43753856.0,1.0,0.0
2023-04-26,263.4341,265.3533,262.7365,264.6442,28484982.0,1.0,0.0
2023-04-27,266.3224,266.4519,266.1489,266.3543,7603939.0,1.0,0.0
2023-04-28,265.8395,265.9259,264.3339,264.5548,49821635.0,1.0,0.0
2023-05-01,264.7715,265.0906,263.9838,264.2192,43493955.0,1.0,0.0
2023-05-02,265.1285,265.9436,264.6299,265.9242,40748356.0,1.0,0.0
2023-05-03,264.5046,265.9146,264.1516,265.5781,31871331.0,1.0,0.0
2023-05-04,266.1821,267.924,266.0062,267.2968,1140698.0,1.0,0.0
2023-05-05,267.6947,268.6395,267.2343,268.2143,14720117.0,1.0,0.0
2023-05-08,267.9773,272.0064,267.2744,271.8976,16854038.0,1.0,0.0
2023-05-09,270.6514,270.7785,270.3824,270.663,32220739.0,1.0,0.0
2023-05-10,270.3194,272.0396,269.5629,270.8855,4661849.0,1.0,1.1
2023-05-11,271.3748,273.3538,270.8235,272.3373,40412792.0,1.0,0.0
2023-05-12,272.3225,272.6231,269.5026,270.8524,40301744.0,1.0,0.0
2023-05-15,272.4713,272.8989,270.6174,270.9898,48448308.0,1.0,0.0
2023-05-16,271.9459,272.9236,271.176,272.7496,4987606.0,1.0,0.0
2023-05-17,272.5054,273.6399,272.3217,273.3307,42841345.0,1.0,0.0
2023-05-18,272.85,276.0351,271.9454,275.5114,3617913.0,1.0,0.0
2023-05-19,275.4794,275.8138,274.698,274.9423,37542184.0,1.0,0.0
2023-05-22,275.2214,275.7015,274.763,275.1415,26465472.0,1.0,0.0
2023-05-23,274.7838,275.6253,273.5204,274.1992,17728214.0,1.0,0.0
2023-05-24,274.8889,275.8999,274.5091,275.2492,2660199.0,1.0,0.0
2023-05-25,274.7162,275.0053,273.9222,274.5968,5132373.0,1.0,0.0
2023-05-26,273.7451,274.0612,271.5358,272.1511,36853758.0,1.0,0.0
2023-05-30,271.5324,272.5981,271.4242,271.4819,44416388.0,1.0,0.0
2023-05-31,271.616,272.671,270.9211,272.4423,37272579.0,1.0,0.0
2023-06-01,271.0822,272.4316,270.9032,272.1585,35191484.0,1.0,0.0
2023-06-02,271.6397,271.7135,270.9849,271.1649,9736163.0,1.0,0.0
2023-06-05,269.8514,270.0358,264.4438,264.9803,21491333.0,1.0,0.0
2023-06-06,264.8259,265.5146,263.3759,263.4007,24505474.0,1.0,0.0
2023-06-07,262.971,263.2963,261.705,263.1923,18829057.0,1.0,0.0
2023-06-08,262.2836,263.7938,261.5956,262.7056,44701803.0,1.0,0.0
2023-06-09,263.0436,263.5933,262.784,262.9908,27712807.0,1.0,0.0
2023-06-12,263.0701,263.1339,261.6565,261.7856,6413756.0,1.0,0.0
2023-06-13,260.8152,261.0621,260.3125,260.4548,1670943.0,1.0,0.0
2023-06-14,259.3559,260.9417,258.9563,260.2788,29161482.0,1.0,0.0
2023-06-15,259.7294,259.8378,256.7845,256.8763,33591181.0,1.0,0.0
2023-06-16,257.5272,260.8635,257.4209,259.1249,21182372.0,1.0,0.0
2023-06-20,260.2823,261.1801,259.657,261.0904,5746560.0,1.0,0.0
2023-06-21,261.091,262.411,260.6084,261.7961,10815714.0,1.0,0.0
2023-06-22,262.2094,262.5378,260.6201,261.2164,35875441.0,1.0,0.0
2023-06-23,259.7769,260.2212,258.0106,258.8151,18836363.0,1.0,0.0
2023-06-26,258.9865,259.6878,256.4232,257.2965,4504264.0,1.0,0.0
2023-06-27,257.9169,258.209,256.2422,256.3267,27257034.0,1.0,0.0
2023-06-28,256.6034,256.6842,253.5091,253.9768,19259944.0,1.0,0.0
2023-06-29,254.5675,254.599,253.1431,253.8526,46391708.0,1.0,0.0
2023-06-30,252.1359,252.7458,250.0717,250.6656,13603635.0,1.0,0.0
2023-07-03,249.13,249.9502,248.0756,248.1386,19889497.0,1.0,0.0
2023-07-05,248.0673,248.6001,246.5638,246.6474,2803782.0,1.0,0.0
2023-07-06,246.7837,247.0973,246.5173,246.8054,5341141.0,1.0,0.0
2023-07-07,245.2866,245.3734,243.6934,244.0085,47968511.0,1.0,0.0
2023-07-10,244.2009,244.4366,243.4447,243.5147,35233703.0,1.0,0.0
2023-07-11,244.3482,246.2715,243.8275,245.6567,48982058.0,1.0,0.0
2023-07-12,244.0318,244.208,241.284,241.4225,42046317.0,1.0,0.0
2023-07-13,242.6599,242.8854,241.5155,241.6209,47842829.0,1.0,0.0
2023-07-14,240.3475,240.6688,236.5932,237.929,21751256.0,1.0,0.0
2023-07-17,239.1245,240.043,239.1182,239.8579,17066479.0,1.0,0.0
2023-07-18,241.1938,243.3065,240.8556,243.0416,5110046.0,1.0,0.0
2023-07-19,243.1146,243.6118,242.3981,242.4543,24449213.0,1.0,0.0
2023-07-20,241.8163,243.0132,241.295,242.7101,49420237.0,1.0,0.0
2023-07-21,243.1847,243.5811,242.8904,243.4501,29504225.0,1.0,0.0
2023-07-24,242.5139,243.028,242.2496,242.5031,2166683.0,1.0,0.0
2023-07-25,241.3983,241.9744,238.0519,238.1967,8277870.0,1.0,0.0
2023-07-26,238.8152,238.9146,237.8832,238.7776,47580016.0,1.0,0.0
2023-07-27,239.8445,240.8209,239.8317,240.4498,36065889.0,1.0,0.0
2023-07-28,239.3566,239.3941,238.0578,238.0633,24471117.0,1.0,0.0
2023-07-31,237.8383,238.0292,237.6232,237.9973,32167225.0,1.0,0.0
2023-08-01,236.8321,237.4091,236.6242,237.1962,48376383.0,1.0,0.0
2023-08-02,237.3272,237.8726,237.1787,237.8068,12633055.0,1.0,0.0
2023-08-03,239.3854,241.6528,239.2708,241.2659,15283054.0,1.0,0.0
2023-08-04,241.5258,242.8589,241.2811,242.4354,20403820.0,1.0,0.0
2023-08-07,241.4419,244.1831,241.3378,243.8674,40295934.0,1.0,0.0
2023-08-08,241.8153,243.8958,241.7721,243.1355,47909071.0,1.0,0.0
2023-08-09,241.3505,241.8172,238.3693,238.8417,34023418.0,1.0,1.1
2023-08-10,238.4512,239.411,237.9588,239.1234,37638130.0,1.0,0.0
2023-08-11,239.4615,239.9392,238.8851,239.2479,19287220.0,1.0,0.0
2023-08-14,240.6947,242.0835,239.3903,241.5607,20705918.0,1.0,0.0
2023-08-15,242.4075,242.724,242.0113,242.0805,38040062.0,1.0,0.0
2023-08-16,243.7478,245.4212,243.3586,244.73,40370280.0,1.0,0.0
2023-08-17,244.6657,245.0523,244.1663,244.2258,36318709.0,1.0,0.0
2023-08-18,243.5697,243.7513,241.0889,241.3871,40140686.0,1.0,0.0
2023-08-21,242.0851,243.0048,241.4342,242.1674,8597798.0,1.0,0.0
2023-08-22,243.242,244.4301,242.7498,244.1577,37267404.0,1.0,0.0
2023-08-23,245.0216,245.4756,241.424,241.7785,2988361.0,1.0,0.0
2023-08-24,243.4357,245.1879,243.2521,245.0922,1649513.0,1.0,0.0
2023-08-25,245.8873,247.6932,245.749,247.4731,46261445.0,1.0,0.0
2023-08-28,246.9496,247.8904,246.6501,247.3684,14645472.0,1.0,0.0
2023-08-29,248.6445,250.9368,247.6914,250.603,30835248.0,1.0,0.0
2023-08-30,253.4181,253.7699,249.4552,250.3893,33150635.0,1.0,0.0
2023-08-31,249.4296,249.8165,248.6749,249.0502,8874607.0,1.0,0.0
2023-09-01,248.0824,250.7904,247.2532,250.6989,40554881.0,1.0,0.0
2023-09-05,250.1851,251.6745,249.879,251.3526,40356436.0,1.0,0.0
2023-09-06,252.671,253.1344,251.0078,251.5595,22966850.0,1.0,0.0
2023-09-07,250.3263,252.0614,249.7396,251.7201,47965050.0,1.0,0.0
2023-09-08,250.9683,251.2199,248.3239,249.3207,8621148.0,1.0,0.0
2023-09-11,247.6722,250.1584,247.052,248.4886,3993653.0,1.0,0.0
2023-09-12,249.1196,251.5751,248.4455,251.3524,1831680.0,1.0,0.0
2023-09-13,252.0609,252.2318,249.7063,250.2632,4953087.0,1.0,0.0
2023-09-14,250.3796,250.4476,247.5391,247.7826,35303056.0,1.0,0.0
2023-09-15,248.1253,249.3215,247.8573,248.832,30873940.0,1.0,0.0
2023-09-18,245.7326,246.3707,245.1944,245.4687,13899364.0,1.0,0.0
2023-09-19,247.388,248.8005,246.9436,248.3876,7741029.0,1.0,0.0
2023-09-20,247.665,249.9678,247.4152,249.8951,7036225.0,1.0,0.0
2023-09-21,250.0664,250.07,246.0773,246.7052,45616532.0,1.0,0.0
2023-09-22,248.4517,249.0336,248.342,248.4022,44130832.0,1.0,0.0
2023-09-25,249.3973,251.8077,249.1472,251.2388,17236448.0,1.0,0.0
2023-09-26,248.5751,249.3729,247.5923,249.0503,43235923.0,1.0,0.0
2023-09-27,248.3214,248.5487,247.1865,247.6704,21643258.0,1.0,0.0
2023-09-28,249.5965,250.7535,249.2392,250.228,18408366.0,1.0,0.0
2023-09-29,249.973,250.1337,248.3877,248.4088,29637021.0,1.0,0.0
2023-10-02,248.8287,249.2614,248.0658,248.4068,48403047.0,1.0,0.0
2023-10-03,248.1561,249.4672,247.7651,248.6619,41876618.0,1.0,0.0
2023-10-04,248.4614,249.1773,248.4576,248.8653,11226320.0,1.0,0.0
2023-10-05,248.2416,248.7677,248.2111,248.7238,24338927.0,1.0,0.0
2023-10-06,248.2311,248.3366,246.8666,247.3768,33440541.0,1.0,0.0
2023-10-09,247.2292,247.2935,246.4336,246.9555,28546315.0,1.0,0.0
2023-10-10,247.0248,247.3271,246.5161,246.9664,49372060.0,1.0,0.0
2023-10-11,247.7361,251.13,246.9739,250.5524,16620175.0,1.0,0.0
2023-10-12,248.5142,249.1091,247.1024,247.2181,36883897.0,1.0,0.0
2023-10-13,247.7525,248.1802,246.928,248.0279,5309980.0,1.0,0.0
2023-10-16,248.9261,249.6876,248.1756,249.1036,38988045.0,1.0,0.0
2023-10-17,250.389,250.391,249.2204,249.236,40817549.0,1.0,0.0
2023-10-18,250.6127,251.351,249.1989,249.5641,35980434.0,1.0,0.0
2023-10-19,249.9087,251.0374,249.2709,250.6308,13693492.0,1.0,0.0
2023-10-20,250.0837,252.3862,249.8517,251.6531,42518890.0,1.0,0.0
2023-10-23,250.8621,251.9978,250.1994,250.9239,30178369.0,1.0,0.0
2023-10-24,250.2414,251.4403,249.9243,251.1649,15704170.0,1.0,0.0
2023-10-25,249.8306,250.8721,248.0757,248.7055,34583197.0,1.0,0.0
2023-10-26,246.3802,247.7503,246.0874,247.0442,34895989.0,1.0,0.0
2023-10-27,247.821,248.1439,246.6124,247.7501,26027628.0,1.0,0.0
2023-10-30,247.3976,248.4175,246.8967,248.3442,35878272.0,1.0,0.0
2023-10-31,249.367,249.4254,249.1729,249.1938,34897587.0,1.0,0.0
2023-11-01,249.8754,251.1815,249.7874,250.9022,32073713.0,1.0,0.0
2023-11-02,249.3007,250.0724,248.0654,249.1454,4870591.0,1.0,0.0
2023-11-03,248.3335,249.9498,247.7229,249.5045,13261061.0,1.0,0.0
2023-11-06,250.1231,251.214,249.7066,251.024,39344027.0,1.0,0.0
2023-11-07,251.1333,251.3035,249.9852,250.6932,16728476.0,1.0,0.0
2023-11-08,248.843,251.5548,248.2517,250.4998,48047761.0,1.0,1.1
2023-11-09,249.765,250.5141,249.2135,250.1607,42080054.0,1.0,0.0
2023-11-10,249.9236,250.7715,249.3335,249.4981,13826703.0,1.0,0.0
2023-11-13,250.9389,252.2903,250.4645,251.503,3365345.0,1.0,0.0
2023-11-14,250.3722,250.7173,249.1751,249.5548,36356819.0,1.0,0.0
2023-11-15,250.6575,251.4388,250.39,251.1549,48427490.0,1.0,0.0
2023-11-16,253.0295,256.1866,252.5502,254.9544,35185568.0,1.0,0.0
2023-11-17,255.695,256.8317,254.9022,255.1945,34264301.0,1.0,0.0
2023-11-20,255.0533,255.6581,254.5506,255.4919,42201443.0,1.0,0.0
2023-11-21,257.3127,258.9652,255.684,258.835,45336300.0,1.0,0.0
2023-11-22,257.2283,257.5888,254.7669,255.1288,25450298.0,1.0,0.0
2023-11-24,254.4249,256.7011,254.3003,255.8762,5662312.0,1.0,0.0
2023-11-27,254.5884,257.0203,254.2448,256.4045,11139927.0,1.0,0.0
2023-11-28,256.4801,256.6863,255.385,256.1252,13629538.0,1.0,0.0
2023-11-29,256.1652,256.6921,255.3184,255.5626,46930888.0,1.0,0.0
2023-11-30,255.5594,256.1006,254.4136,255.4379,38495807.0,1.0,0.0
2023-12-01,255.8915,256.893,255.5091,256.6892,6904634.0,1.0,0.0
2023-12-04,255.0042,255.2146,254.6335,254.7825,6764453.0,1.0,0.0
2023-12-05,254.5912,256.9442,254.2856,256.5145,8832172.0,1.0,0.0
2023-12-06,256.1892,256.684,255.7848,256.595,8357171.0,1.0,0.0
2023-12-07,253.1721,254.063,249.9146,250.4667,40484340.0,1.0,0.0
2023-12-08,250.4528,250.7683,246.5371,246.8878,35631001.0,1.0,0.0
2023-12-11,248.146,248.5922,247.993,248.2688,28851780.0,1.0,0.0
2023-12-12,248.9023,249.249,248.4413,248.6129,4255301.0,1.0,0.0
2023-12-13,248.6913,252.6072,248.4809,251.4248,3042357.0,1.0,0.0
2023-12-14,254.1057,254.3183,251.8644,252.8206,45524448.0,1.0,0.0
2023-12-15,249.5451,249.9881,248.9353,248.9588,6087791.0,1.0,0.0
2023-12-18,248.9587,249.0091,247.5596,247.7166,23172410.0,1.0,0.0
2023-12-19,243.1125,243.6608,242.4833,242.7885,37926545.0,1.0,0.0
2023-12-20,241.6144,241.9303,240.7443,241.5046,28980331.0,1.0,0.0
2023-12-21,240.911,241.1678,240.689,240.8488,24828851.0,1.0,0.0
2023-12-22,240.1858,240.6561,239.2382,239.6797,22838751.0,1.0,0.0
2023-12-26,241.2672,241.8745,238.8072,239.1882,18634382.0,1.0,0.0
2023-12-27,237.9526,238.767,237.4498,238.6066,22673354.0,1.0,0.0
2023-12-28,239.0916,240.1397,238.7707,239.0085,48120876.0,1.0,0.0
2023-12-29,241.1745,241.7415,239.5052,239.7609,48105697.0,1.0,0.0
