date,open,high,low,close,volume,split_ratio,dividend
2016-01-04,45.7276,46.1423,45.701,46.0692,24996928.0,1.0,0.0
2016-01-05,45.0623,45.275,44.5392,45.2725,10936561.0,1.0,0.0
2016-01-06,44.2774,46.5304,44.2512,46.5128,27398711.0,1.0,0.0
2016-01-07,46.2166,47.4734,46.0178,47.1921,34170796.0,1.0,0.0
2016-01-08,46.2147,47.1964,45.9709,46.8339,6723977.0,1.0,0.0
2016-01-11,44.5521,44.8075,43.8779,44.0008,21135206.0,1.0,0.0
2016-01-12,43.5784,43.6599,42.9666,43.1132,18462617.0,1.0,0.0
2016-01-13,43.8257,44.481,43.4919,43.9243,35858768.0,1.0,0.0
2016-01-14,43.929,44.2813,43.8407,44.1832,49926780.0,1.0,0.0
2016-01-15,44.5031,45.9058,44.1877,45.3841,21976361.0,1.0,0.0
2016-01-19,42.772,43.6023,42.5391,43.3542,14374557.0,1.0,0.0
2016-01-20,41.0688,41.1031,40.915,41.0752,34853405.0,1.0,0.0
2016-01-21,41.8958,42.2757,41.6104,42.2117,15965577.0,1.0,0.0
2016-01-22,42.0688,44.3975,41.5681,43.8758,27972646.0,1.0,0.0
2016-01-25,42.9851,42.9878,42.6897,42.694,22537597.0,1.0,0.0
2016-01-26,42.824,44.025,42.6125,43.4734,47127426.0,1.0,0.0
2016-01-27,44.2122,44.6997,43.7055,44.5581,31476701.0,1.0,0.0
2016-01-28,45.5129,45.5452,43.0706,43.5619,42972917.0,1.0,0.0
2016-01-29,41.3876,42.1956,41.3396,42.08,35924599.0,1.0,0.0
2016-02-01,44.1025,44.8549,43.4017,44.8372,22892709.0,1.0,0.0
2016-02-02,45.7681,45.9081,44.9692,45.049,41167433.0,1.0,0.0
2016-02-03,45.0241,45.0931,43.9824,44.1492,26632275.0,1.0,0.0
2016-02-04,44.3239,44.3517,44.0478,44.1276,11108741.0,1.0,0.0
2016-02-05,44.3876,44.5397,44.0066,44.2615,16137866.0,1.0,0.0
2016-02-08,43.459,45.4442,43.3692,45.3,40240440.0,1.0,0.0
2016-02-09,45.2869,45.8661,43.9222,44.657,44802573.0,1.0,0.0
2016-02-10,44.4498,44.678,42.8116,42.9698,43010004.0,1.0,0.0
2016-02-11,42.8383,42.945,41.7153,41.9311,47953634.0,1.0,0.0
2016-02-12,41.4484,43.1359,41.2563,42.7198,46105264.0,1.0,0.0
2016-02-16,42.7919,42.9349,41.2494,41.3918,45658749.0,1.0,0.0
2016-02-17,40.3415,41.4758,40.3197,40.9684,23089053.0,1.0,0.0
2016-02-18,40.3303,40.4353,40.2622,40.277,43972150.0,1.0,0.0
2016-02-19,41.4013,41.5119,41.1764,41.3903,42268684.0,1.0,0.0
2016-02-22,43.1027,43.1711,42.445,42.7905,14740739.0,1.0,0.0
2016-02-23,42.3455,42.5958,41.1434,41.3478,27611312.0,1.0,0.0
2016-02-24,41.2666,41.599,40.9462,41.3992,7155422.0,1.0,0.0
2016-02-25,42.066,42.4658,41.7915,42.0021,29990992.0,1.0,0.0
2016-02-26,42.2622,42.2702,41.8524,42.0263,33528128.0,1.0,0.0
2016-02-29,42.1014,42.4198,40.9775,41.3885,12717634.0,1.0,0.0
2016-03-01,40.0733,40.0759,39.7811,39.8664,46517273.0,1.0,0.0
2016-03-02,38.9704,39.2403,38.5675,38.7088,37898926.0,1.0,0.0
2016-03-03,37.9013,38.2223,37.5891,37.9988,40851690.0,1.0,0.0
2016-03-04,37.8621,37.92,36.9754,37.0168,12413497.0,1.0,0.0
2016-03-07,37.0577,39.1412,36.8742,38.5358,23470942.0,1.0,0.0
2016-03-08,38.6394,38.8187,38.5792,38.5915,2183874.0,1.0,0.0
2016-03-09,39.5155,40.3073,39.3823,39.9938,10535254.0,1.0,0.0
2016-03-10,40.3302,41.238,39.481,39.6382,17680038.0,1.0,0.0
2016-03-11,39.9889,40.4695,39.206,39.4468,37212430.0,1.0,0.0
2016-03-14,39.5761,39.7174,39.4655,39.6635,2465372.0,1.0,0.0
2016-03-15,35.9319,36.3819,35.852,35.9176,39416336.0,1.0,0.0
2016-03-16,36.6077,36.7351,36.4723,36.6781,28129357.0,1.0,0.0
2016-03-17,34.9528,36.2171,34.7208,36.0021,47337205.0,1.0,0.0
2016-03-18,36.5215,36.5394,35.7036,36.2191,26062728.0,1.0,0.0
2016-03-21,35.3791,35.8214,35.0515,35.6067,46317761.0,1.0,0.0
2016-03-22,36.4404,36.8012,35.7772,36.6896,14757920.0,1.0,0.0
2016-03-23,37.0383,37.4429,36.3596,36.3999,19578999.0,1.0,0.0
2016-03-24,35.9764,36.3907,35.9328,36.1641,34956322.0,1.0,0.0
2016-03-28,36.3775,37.1466,36.226,36.9364,37583141.0,1.0,0.0
2016-03-29,39.3433,40.5685,38.9486,39.9647,43683412.0,1.0,0.0
2016-03-30,41.6751,42.0889,41.1032,41.5821,15085591.0,1.0,0.0
2016-03-31,40.6205,40.8973,40.397,40.8971,1756044.0,1.0,0.0
2016-04-01,39.022,39.9152,39.0094,39.8348,5536261.0,1.0,0.0
2016-04-04,39.6984,39.7605,38.4977,38.7107,6238852.0,1.0,0.0
2016-04-05,39.9707,40.051,39.566,39.618,15328054.0,1.0,0.0
2016-04-06,38.4244,38.4924,38.1469,38.3925,41601960.0,1.0,0.0
2016-04-07,38.5881,38.889,38.3603,38.4378,34226192.0,1.0,0.0
2016-04-08,37.6454,38.2608,36.8908,37.3636,3469006.0,1.0,0.0
2016-04-11,37.1657,37.1692,37.0728,37.0734,33255780.0,1.0,0.0
2016-04-12,37.0684,38.4934,36.9495,38.2044,38078007.0,1.0,0.0
2016-04-13,38.4834,38.5154,38.0317,38.4687,25374373.0,1.0,0.0
2016-04-14,39.449,39.5178,38.9914,39.036,9724821.0,1.0,0.0
2016-04-15,39.1046,39.2927,39.0917,39.1599,2057375.0,1.0,0.0
2016-04-18,37.8242,38.3096,37.2782,37.3111,34305893.0,1.0,0.0
2016-04-19,37.6969,38.6619,37.5182,38.5331,18254089.0,1.0,0.0
2016-04-20,38.7242,38.7413,37.8062,37.9737,46298934.0,1.0,0.0
2016-04-21,38.2415,39.4363,38.1112,39.2825,12506318.0,1.0,0.0
2016-04-22,39.2359,39.3939,38.7271,39.0245,49020365.0,1.0,0.0
2016-04-25,39.7642,41.0032,39.5707,40.756,8732487.0,1.0,0.0
2016-04-26,41.4941,41.598,41.3012,41.3702,32933739.0,1.0,0.0
2016-04-27,41.8695,41.9819,41.7071,41.9165,38059214.0,1.0,0.0
2016-04-28,43.6286,43.7882,43.469,43.7389,44697407.0,1.0,0.0
2016-04-29,42.8641,43.4739,42.648,43.3597,8495042.0,1.0,0.0
2016-05-02,41.9071,43.0992,41.8219,42.7151,46472429.0,1.0,0.0
2016-05-03,41.2385,41.5099,39.5351,39.9673,32335844.0,1.0,0.0
2016-05-04,38.9841,40.0823,38.6308,39.5946,49642927.0,1.0,0.0
2016-05-05,39.3949,39.7662,39.0053,39.3626,19465711.0,1.0,0.0
2016-05-06,38.8736,39.044,38.1558,38.2885,31583618.0,1.0,0.0
2016-05-09,37.3223,37.4589,36.4973,36.8522,3712000.0,1.0,0.0
2016-05-10,37.1497,37.6306,36.8189,37.2473,29987332.0,1.0,0.0
2016-05-11,36.9913,37.2193,36.5138,36.5707,43584722.0,1.0,0.0
2016-05-12,35.6799,36.146,35.5114,35.5904,38734905.0,1.0,0.0
2016-05-13,35.9129,37.0317,35.4737,36.7149,37485252.0,1.0,0.0
2016-05-16,36.8192,37.1434,36.1651,36.7788,19212936.0,1.0,0.0
2016-05-17,35.9223,36.4522,35.5474,36.393,11587864.0,1.0,0.0
2016-05-18,37.5075,37.678,37.3196,37.3687,46813397.0,1.0,0.0
2016-05-19,37.4895,38.4816,37.4454,38.1169,35110085.0,1.0,0.0
2016-05-20,37.4247,38.2477,37.0417,37.9323,29370781.0,1.0,0.0
2016-05-23,38.4582,38.4613,37.7305,37.8741,17616979.0,1.0,0.0
2016-05-24,38.8263,39.1548,38.0202,38.1729,46140084.0,1.0,0.0
2016-05-25,38.8358,38.9285,38.5135,38.6342,41801529.0,1.0,0.0
2016-05-26,38.396,38.7165,37.8908,37.9111,2971201.0,1.0,0.0
2016-05-27,38.3719,38.7495,38.0064,38.6224,44497234.0,1.0,0.0
2016-05-31,34.5164,35.1358,34.1554,34.978,44695253.0,1.0,0.0
2016-06-01,34.7604,35.9522,34.4267,35.7416,23369597.0,1.0,0.0
2016-06-02,34.1623,34.9909,34.1193,34.6627,36524939.0,1.0,0.0
2016-06-03,34.9677,35.4679,34.925,35.4083,25015530.0,1.0,0.0
2016-06-06,34.9217,35.3188,33.7286,34.1761,20611877.0,1.0,0.0
2016-06-07,34.3929,34.7561,33.1129,33.29,14349756.0,1.0,0.0
2016-06-08,33.1076,34.2276,32.8172,33.7783,31984121.0,1.0,0.0
2016-06-09,34.6653,34.9516,34.2817,34.4529,8212355.0,1.0,0.0
2016-06-10,34.0058,34.5849,33.8285,34.35,45438903.0,1.0,0.0
2016-06-13,33.708,34.1235,33.6546,33.8015,31087377.0,1.0,0.0
2016-06-14,33.4189,34.0038,33.004,33.0412,17300795.0,1.0,0.0
2016-06-15,31.6756,32.1491,31.5189,31.7851,12223726.0,1.0,0.0
2016-06-16,32.6083,32.7594,32.1543,32.2737,3712298.0,1.0,0.0
2016-06-17,31.5839,31.796,31.0567,31.1347,28148560.0,1.0,0.0
2016-06-20,31.4561,31.7041,31.2667,31.4806,30278823.0,1.0,0.0
2016-06-21,32.1579,32.726,31.9064,32.5784,15289550.0,1.0,0.0
2016-06-22,32.5673,33.2933,32.2039,32.9618,11792167.0,1.0,0.0
2016-06-23,33.6368,33.7569,33.0648,33.2443,32701202.0,1.0,0.0
2016-06-24,33.2685,33.4347,32.2506,32.3089,8569239.0,1.0,0.0
2016-06-27,32.7404,32.8727,32.6334,32.8485,21272822.0,1.0,0.0
2016-06-28,33.6106,33.6877,33.3299,33.6515,47532908.0,1.0,0.0
2016-06-29,33.3684,35.4526,33.1108,34.9854,12970048.0,1.0,0.0
2016-06-30,35.8385,36.6574,35.3806,36.6512,26831382.0,1.0,0.0
2016-07-01,36.9817,37.2536,36.377,36.4112,6103897.0,1.0,0.0
2016-07-05,36.1536,36.8193,36.043,36.076,36317506.0,1.0,0.0
2016-07-06,36.7149,36.7872,35.8257,35.8273,15484177.0,1.0,0.0
2016-07-07,36.1632,36.4649,35.6085,35.6273,41942120.0,1.0,0.0
2016-07-08,35.3048,36.1192,35.28,35.9729,37273993.0,1.0,0.0
2016-07-11,35.5563,35.6615,34.886,34.9582,43866246.0,1.0,0.0
2016-07-12,34.7277,34.9094,34.0563,34.0861,13154537.0,1.0,0.0
2016-07-13,32.9291,33.1469,32.6204,32.871,12500913.0,1.0,0.0
2016-07-14,33.372,33.5089,32.2665,32.2758,47292849.0,1.0,0.0
2016-07-15,31.5757,31.9303,31.3453,31.4159,42631806.0,1.0,0.0
2016-07-18,29.3629,29.4516,29.0676,29.1801,14529003.0,1.0,0.0
2016-07-19,29.0143,29.296,28.5587,28.6375,6513350.0,1.0,0.0
2016-07-20,28.6703,29.3161,28.6212,29.2406,25005087.0,1.0,0.0
2016-07-21,26.7758,27.2615,26.7338,27.175,7143273.0,1.0,0.0
2016-07-22,28.0256,28.0865,27.2412,27.3243,26251038.0,1.0,0.0
2016-07-25,28.2765,28.5469,28.0183,28.1687,44178210.0,1.0,0.0
2016-07-26,28.245,28.7775,28.2254,28.6572,12698197.0,1.0,0.0
2016-07-27,27.642,28.0285,27.5657,27.6637,12969633.0,1.0,0.0
2016-07-28,25.9128,26.2667,25.786,25.9622,17971935.0,1.0,0.0
2016-07-29,24.5166,24.6482,23.7863,23.9107,27353753.0,1.0,0.0
2016-08-01,22.3321,22.3859,21.7653,22.1722,1633874.0,1.0,0.0
2016-08-02,22.3488,22.7543,22.2963,22.6896,3654263.0,1.0,0.0
2016-08-03,23.4794,23.4796,23.1432,23.4334,22274618.0,1.0,0.0
2016-08-04,23.6272,23.9549,23.3214,23.8195,3554773.0,1.0,0.0
2016-08-05,24.2922,24.7964,24.1306,24.6321,24198183.0,1.0,0.0
2016-08-08,25.0147,25.9835,24.8799,25.9346,18136710.0,1.0,0.0
2016-08-09,27.1373,27.7039,27.0328,27.0931,7691248.0,1.0,0.0
2016-08-10,26.0242,26.1118,25.9168,26.0627,36306478.0,1.0,0.0
2016-08-11,28.8702,30.1522,28.7596,30.0004,40275815.0,1.0,0.0
2016-08-12,29.123,29.4988,28.8709,29.4281,34301817.0,1.0,0.0
2016-08-15,24.7208,25.1255,24.533,25.0038,47201754.0,1.0,0.0
2016-08-16,24.11,24.4195,23.9299,24.3827,25359318.0,1.0,0.0
2016-08-17,22.5474,23.2196,22.4978,22.9393,33839799.0,1.0,0.0
2016-08-18,24.2054,25.2728,24.0644,25.1608,19679146.0,1.0,0.0
2016-08-19,25.1333,25.3178,24.9233,25.2522,44283232.0,1.0,0.0
2016-08-22,27.0493,27.2338,26.8199,26.9213,1677665.0,1.0,0.0
2016-08-23,27.666,27.8652,27.4613,27.5814,12770803.0,1.0,0.0
2016-08-24,28.8961,29.1142,28.6812,29.0577,46664768.0,1.0,0.0
2016-08-25,28.6857,28.8627,28.5807,28.5897,6653256.0,1.0,0.0
2016-08-26,29.9261,30.0576,29.435,29.6748,5126435.0,1.0,0.0
2016-08-29,28.4173,28.4648,28.184,28.3842,1778331.0,1.0,0.0
2016-08-30,27.638,28.2818,27.2106,28.1133,14631864.0,1.0,0.0
2016-08-31,27.1821,27.2244,26.7622,27.1159,29447524.0,1.0,0.0
2016-09-01,28.4074,29.0376,28.1786,28.6108,33280627.0,1.0,0.0
2016-09-02,28.4966,28.7996,28.4134,28.6956,1262702.0,1.0,0.0
2016-09-06,30.8132,31.7462,30.3771,31.5449,15056427.0,1.0,0.0
2016-09-07,31.503,32.5846,31.1479,32.4114,15559833.0,1.0,0.0
2016-09-08,34.198,34.8317,34.0676,34.4967,5509901.0,1.0,0.0
2016-09-09,34.1614,35.2418,33.5869,35.0883,3377510.0,1.0,0.0
2016-09-12,36.0092,37.2973,35.7076,37.0778,23941413.0,1.0,0.0
2016-09-13,40.3912,41.5428,40.2959,41.1392,27401672.0,1.0,0.0
2016-09-14,40.5978,40.9762,40.1898,40.76,42641206.0,1.0,0.0
2016-09-15,41.0222,41.943,40.7369,41.7765,49823077.0,1.0,0.0
2016-09-16,38.5582,39.9721,38.5093,39.7771,22066148.0,1.0,0.0
2016-09-19,36.408,37.8121,36.2464,37.6119,8320584.0,1.0,0.0
2016-09-20,39.3161,39.5096,37.6387,37.747,36212034.0,1.0,0.0
2016-09-21,37.4814,37.8583,36.2474,36.2614,31445573.0,1.0,0.0
2016-09-22,36.941,37.0513,36.0475,36.5815,48902212.0,1.0,0.0
2016-09-23,36.824,36.8408,36.3445,36.4358,32544827.0,1.0,0.0
2016-09-26,33.9698,34.2862,33.255,34.0837,19483259.0,1.0,0.0
2016-09-27,30.1401,30.3107,29.0196,29.1067,23626638.0,1.0,0.0
2016-09-28,29.4582,29.7699,28.507,28.5648,9210750.0,1.0,0.0
2016-09-29,29.2517,29.5789,29.1537,29.5689,31092501.0,1.0,0.0
2016-09-30,30.4724,30.6512,30.1862,30.2852,37007370.0,1.0,0.0
2016-10-03,31.9419,32.0145,30.9994,31.308,28477697.0,1.0,0.0
2016-10-04,28.7122,28.9931,28.4673,28.9091,32682618.0,1.0,0.0
2016-10-05,28.6916,28.7804,28.015,28.1842,1483164.0,1.0,0.0
2016-10-06,25.7595,26.1854,25.5374,26.0257,25902024.0,1.0,0.0
2016-10-07,27.425,27.5965,27.2689,27.5744,14193416.0,1.0,0.0
2016-10-10,25.6069,25.6474,25.1994,25.3833,7412705.0,1.0,0.0
2016-10-11,26.4025,26.9903,26.2504,26.5325,22792769.0,1.0,0.0
2016-10-12,28.6409,29.4167,28.4264,29.0757,6120480.0,1.0,0.0
2016-10-13,29.9093,30.5727,29.6037,29.7725,36419606.0,1.0,0.0
2016-10-14,29.7174,29.9095,29.538,29.693,40953458.0,1.0,0.0
2016-10-17,29.6819,30.1456,28.9765,29.1536,31144605.0,1.0,0.0
2016-10-18,29.3716,30.3064,29.3612,30.2154,30439811.0,1.0,0.0
2016-10-19,30.9181,31.3919,30.876,31.1114,6720298.0,1.0,0.0
2016-10-20,32.5642,32.7,32.2789,32.332,24003096.0,1.0,0.0
2016-10-21,33.5241,33.9095,32.6805,32.8192,20451705.0,1.0,0.0
2016-10-24,26.7506,27.0943,26.6035,26.9706,36406196.0,1.0,0.0
2016-10-25,27.0242,27.271,26.9071,27.1547,22760534.0,1.0,0.0
2016-10-26,26.6343,26.8763,26.5268,26.7436,1870633.0,1.0,0.0
2016-10-27,28.3936,28.7402,27.8334,27.8974,35636596.0,1.0,0.0
2016-10-28,27.9196,28.0238,27.3648,27.4284,29225111.0,1.0,0.0
2016-10-31,28.3717,28.3776,27.6139,27.9193,10735715.0,1.0,0.0
2016-11-01,27.0909,27.285,25.9451,26.0077,10756112.0,1.0,0.0
2016-11-02,26.1623,26.3393,25.9414,26.1608,15141759.0,1.0,0.0
2016-11-03,24.9378,25.0203,24.7774,24.9233,46564376.0,1.0,0.0
2016-11-04,26.9233,26.9351,26.4811,26.5367,9263664.0,1.0,0.0
2016-11-07,26.4323,26.7763,26.3194,26.3768,44900693.0,1.0,0.0
2016-11-08,26.2075,27.5096,25.8875,27.2886,48067299.0,1.0,0.0
2016-11-09,26.1783,26.32,25.9431,26.0181,26604835.0,1.0,0.0
2016-11-10,28.3208,28.4581,27.7499,27.8884,43997347.0,1.0,0.0
2016-11-11,28.1235,28.5011,27.6271,27.9376,1477391.0,1.0,0.0
2016-11-14,27.8181,28.8206,27.2873,28.4061,23770237.0,1.0,0.0
2016-11-15,26.4556,27.3435,26.1953,27.229,17537899.0,1.0,0.0
2016-11-16,27.6565,27.7411,27.3274,27.3974,49483419.0,1.0,0.0
2016-11-17,26.8131,26.8768,25.6245,25.6588,10308221.0,1.0,0.0
2016-11-18,27.2382,27.9048,26.9918,27.4989,17379962.0,1.0,0.0
2016-11-21,27.8915,28.3574,27.857,28.2326,20834542.0,1.0,0.0
2016-11-22,30.2646,30.6754,29.4574,29.76,36704852.0,1.0,0.0
2016-11-23,28.228,28.2995,27.2165,27.2735,26471195.0,1.0,0.0
2016-11-25,26.339,26.582,26.0501,26.1981,35666824.0,1.0,0.0
2016-11-28,26.4826,26.8118,26.4626,26.5332,22830647.0,1.0,0.0
2016-11-29,25.4556,25.7584,25.3781,25.4215,31156019.0,1.0,0.0
2016-11-30,26.0205,26.5363,25.7175,25.7974,28176936.0,1.0,0.0
2016-12-01,28.594,28.7294,27.3568,27.6873,20251396.0,1.0,0.0
2016-12-02,28.3082,28.6705,27.3119,27.6256,23304578.0,1.0,0.0
2016-12-05,26.8701,27.0298,26.3089,26.6849,13350310.0,1.0,0.0
2016-12-06,27.4324,28.7057,27.3791,28.5613,33385349.0,1.0,0.0
2016-12-07,27.8588,28.2151,27.019,27.0561,47161426.0,1.0,0.0
2016-12-08,27.0209,27.5678,25.8473,25.9766,22103255.0,1.0,0.0
2016-12-09,25.2188,25.3176,24.0483,24.2445,15861253.0,1.0,0.0
2016-12-12,25.7689,26.1801,25.6351,26.1611,32885037.0,1.0,0.0
2016-12-13,24.7082,25.1217,24.6176,24.8909,22438966.0,1.0,0.0
2016-12-14,23.2981,23.489,22.855,22.9585,12045223.0,1.0,0.0
2016-12-15,23.3898,24.4232,23.3234,24.2,43814239.0,1.0,0.0
2016-12-16,23.3342,23.6233,22.9984,23.5733,25576812.0,1.0,0.0
2016-12-19,22.8632,22.9492,22.4725,22.6555,20521923.0,1.0,0.0
2016-12-20,24.2685,24.5204,24.0883,24.3441,22520147.0,1.0,0.0
2016-12-21,25.1169,25.2105,24.9056,25.1632,45108204.0,1.0,0.0
2016-12-22,24.9403,25.068,24.0004,24.47,3188410.0,1.0,0.0
2016-12-23,25.0816,26.0993,24.9121,25.8327,34189387.0,1.0,0.0
2016-12-27,25.7427,26.3097,25.7092,25.9207,35079486.0,1.0,0.0
2016-12-28,25.8178,25.84,25.5793,25.6184,38453279.0,1.0,0.0
2016-12-29,27.2293,27.2337,26.4193,26.4946,37786211.0,1.0,0.0
2016-12-30,26.4275,27.4925,26.1776,27.4366,24846478.0,1.0,0.0
2017-01-03,28.7811,28.7872,28.5852,28.6348,42706101.0,1.0,0.0
2017-01-04,27.3957,27.6163,26.5932,26.7435,38384054.0,1.0,0.0
2017-01-05,26.8309,26.9332,26.5098,26.7669,39235768.0,1.0,0.0
2017-01-06,26.7409,26.7689,26.2707,26.3642,11282690.0,1.0,0.0
2017-01-09,26.3681,26.4746,26.054,26.1507,20776637.0,1.0,0.0
2017-01-10,25.696,25.7211,25.0654,25.2463,45247234.0,1.0,0.0
2017-01-11,24.1829,24.7262,23.9032,24.6787,38619108.0,1.0,0.0
2017-01-12,24.1539,24.1973,23.471,23.6298,31827918.0,1.0,0.0
2017-01-13,23.638,24.3258,23.5523,24.1404,46518035.0,1.0,0.0
2017-01-17,25.6934,26.6657,25.5809,26.5501,40255456.0,1.0,0.0
2017-01-18,28.461,28.6369,27.7412,28.1688,7375469.0,1.0,0.0
2017-01-19,28.1425,28.3193,27.9382,28.1247,47169665.0,1.0,0.0
2017-01-20,28.8572,29.2852,28.574,29.2038,4856182.0,1.0,0.0
2017-01-23,32.2953,32.3834,31.5193,31.773,17312917.0,1.0,0.0
2017-01-24,32.7866,32.8367,31.4986,31.878,23184951.0,1.0,0.0
2017-01-25,34.2479,34.5902,34.0736,34.3078,29985945.0,1.0,0.0
2017-01-26,34.9817,35.47,34.89,35.2167,6206148.0,1.0,0.0
2017-01-27,38.214,38.4292,37.5785,37.8774,12164102.0,1.0,0.0
2017-01-30,36.0609,36.3639,35.4893,35.7674,4092163.0,1.0,0.0
2017-01-31,33.006,33.5948,32.217,32.3383,2200871.0,1.0,0.0
2017-02-01,31.9163,32.0649,31.7804,32.05,28571978.0,1.0,0.0
2017-02-02,31.7043,32.1095,31.4308,32.1023,43904015.0,1.0,0.0
2017-02-03,30.8097,30.891,30.5097,30.6018,46115514.0,1.0,0.0
2017-02-06,29.7556,29.7859,28.6766,28.8554,24411853.0,1.0,0.0
2017-02-07,29.418,29.603,28.8492,29.1348,26615722.0,1.0,0.0
2017-02-08,30.4671,30.7101,29.8563,30.0088,46444767.0,1.0,0.0
2017-02-09,30.1565,30.4896,30.0459,30.3417,35892583.0,1.0,0.0
2017-02-10,30.3976,30.4339,28.9405,29.027,29858923.0,1.0,0.0
2017-02-13,29.4777,30.2435,29.4617,30.1683,7082494.0,1.0,0.0
2017-02-14,30.2724,31.2111,30.2233,30.924,49467306.0,1.0,0.0
2017-02-15,30.1707,30.2272,29.4817,29.5162,12064565.0,1.0,0.0
2017-02-16,29.7614,30.4276,28.7814,29.1679,37869905.0,1.0,0.0
2017-02-17,29.2289,29.7675,29.2127,29.6537,29108485.0,1.0,0.0
2017-02-21,29.2198,29.3657,28.9085,28.97,2676729.0,1.0,0.0
2017-02-22,29.7793,29.844,29.0932,29.1807,41948876.0,1.0,0.0
2017-02-23,28.5968,28.7215,27.529,27.8796,14327455.0,1.0,0.0
2017-02-24,27.8888,28.1196,27.4537,28.084,32444811.0,1.0,0.0
2017-02-27,27.6191,28.4915,27.4167,28.4887,36173732.0,1.0,0.0
2017-02-28,28.7555,28.9507,28.0204,28.032,29036575.0,1.0,0.0
2017-03-01,28.4404,28.8079,28.2185,28.5146,48512033.0,1.0,0.0
2017-03-02,28.1682,28.2517,27.8201,27.9329,14653632.0,1.0,0.0
2017-03-03,27.2351,27.6582,27.229,27.5478,46255574.0,1.0,0.0
2017-03-06,28.6505,28.6759,28.342,28.4003,45570635.0,1.0,0.0
2017-03-07,27.764,27.7829,27.5626,27.6443,35187333.0,1.0,0.0
2017-03-08,28.1201,28.1775,27.5482,27.6263,31917198.0,1.0,0.0
2017-03-09,28.6735,28.943,28.52,28.7837,44955773.0,1.0,0.0
2017-03-10,28.8549,29.0555,28.0646,28.3421,12045685.0,1.0,0.0
2017-03-13,27.6932,28.0255,27.1595,27.4066,45805919.0,1.0,0.0
2017-03-14,26.7826,26.8479,26.5445,26.5593,35166160.0,1.0,0.0
2017-03-15,25.2184,26.0551,24.9862,25.9999,37248672.0,1.0,0.0
2017-03-16,26.5727,26.6211,25.8367,26.1687,4039708.0,1.0,0.0
2017-03-17,25.9586,26.119,25.8701,26.0989,34389764.0,1.0,0.0
2017-03-20,25.6452,26.0868,25.6401,26.0168,34353523.0,1.0,0.0
2017-03-21,26.7146,27.2976,26.7072,27.0511,45565034.0,1.0,0.0
2017-03-22,27.5274,27.6769,27.0536,27.6082,18944819.0,1.0,0.0
2017-03-23,27.355,28.533,27.0627,28.5262,9549912.0,1.0,0.0
2017-03-24,29.5338,30.1731,29.3257,30.0797,42787809.0,1.0,0.0
2017-03-27,30.6622,30.7862,30.4885,30.6309,31777669.0,1.0,0.0
2017-03-28,31.5803,31.7417,31.4057,31.4908,25971063.0,1.0,0.0
2017-03-29,31.1931,31.331,30.9081,31.058,19492925.0,1.0,0.0
2017-03-30,31.7478,32.0839,31.7084,32.0031,13361169.0,1.0,0.0
2017-03-31,31.0637,32.2975,30.9396,31.9922,45775008.0,1.0,0.0
2017-04-03,32.0326,32.3574,31.325,31.6941,11419270.0,1.0,0.0
2017-04-04,31.9265,32.4941,31.7417,32.2454,21839125.0,1.0,0.0
2017-04-05,32.0906,33.1493,31.9381,32.5788,19899243.0,1.0,0.0
2017-04-06,32.8438,33.1566,32.2784,32.6023,1846153.0,1.0,0.0
2017-04-07,35.4859,35.8426,35.3238,35.3839,22815851.0,1.0,0.0
2017-04-10,37.8911,38.7374,37.5443,38.6981,35882135.0,1.0,0.0
2017-04-11,38.9186,39.2117,38.6693,38.8745,27303141.0,1.0,0.0
2017-04-12,39.1255,39.3967,38.1157,38.3886,9886177.0,1.0,0.0
2017-04-13,36.0969,37.6292,35.8705,37.3571,38303755.0,1.0,0.0
2017-04-17,39.2342,39.7137,38.1568,38.2406,6683992.0,1.0,0.0
2017-04-18,37.3186,37.4282,37.0123,37.1943,8309957.0,1.0,0.0
2017-04-19,38.163,39.2428,37.7138,39.0398,36085356.0,1.0,0.0
2017-04-20,37.0659,37.4791,36.579,36.8152,28379340.0,1.0,0.0
2017-04-21,33.3777,33.4243,33.1363,33.2549,14169214.0,1.0,0.0
2017-04-24,32.9794,33.2575,32.855,33.0113,39349414.0,1.0,0.0
2017-04-25,32.268,32.4977,31.7663,31.9849,45835836.0,1.0,0.0
2017-04-26,32.2909,32.7078,31.412,31.5481,22600967.0,1.0,0.0
2017-04-27,30.8159,31.856,30.6834,31.8003,5098185.0,1.0,0.0
2017-04-28,32.3264,33.0038,32.2223,32.9696,38840228.0,1.0,0.0
2017-05-01,32.2996,32.6104,31.8649,32.1167,20165880.0,1.0,0.0
2017-05-02,31.5275,31.8171,30.8158,31.6495,44423313.0,1.0,0.0
2017-05-03,33.1245,33.1992,32.9582,33.1814,24450435.0,1.0,0.0
2017-05-04,36.4623,37.4361,36.2313,37.0536,33273660.0,1.0,0.0
2017-05-05,35.8562,36.7423,35.6875,36.5992,37615658.0,1.0,0.0
2017-05-08,35.4337,35.8462,35.2359,35.7627,36999946.0,1.0,0.0
2017-05-09,37.2193,37.5203,36.0451,36.1606,12939059.0,1.0,0.0
2017-05-10,36.173,36.3536,35.8426,36.0179,6288723.0,1.0,0.0
2017-05-11,33.6021,33.7978,33.1575,33.371,18420889.0,1.0,0.0
2017-05-12,35.8621,35.9173,35.4283,35.5441,24554594.0,1.0,0.0
2017-05-15,36.3627,36.4254,34.5734,34.7348,14656097.0,1.0,0.0
2017-05-16,35.0692,36.0636,34.7853,35.8839,28775922.0,1.0,0.0
2017-05-17,33.9276,34.0139,33.7985,34.0004,47340574.0,1.0,0.0
2017-05-18,35.5077,35.9605,35.0222,35.5767,6156167.0,1.0,0.0
2017-05-19,35.4895,36.0141,35.2687,35.823,26308595.0,1.0,0.0
2017-05-22,35.8565,36.136,35.414,35.4367,23985514.0,1.0,0.0
2017-05-23,32.1068,32.1882,31.6485,31.9336,39532137.0,1.0,0.0
2017-05-24,30.8308,31.132,30.7479,31.0351,24898922.0,1.0,0.0
2017-05-25,29.3319,30.1225,29.2132,30.1224,15912016.0,1.0,0.0
2017-05-26,29.1486,29.2365,28.6163,28.8613,14589637.0,1.0,0.0
2017-05-30,34.3099,34.9529,34.1377,34.9293,13690826.0,1.0,0.0
2017-05-31,35.243,36.0975,35.0478,35.9992,26996087.0,1.0,0.0
2017-06-01,36.0563,36.9032,35.9407,36.8772,34578278.0,1.0,0.0
2017-06-02,33.7311,35.6649,33.389,35.3767,30920093.0,1.0,0.0
2017-06-05,32.6929,32.7051,32.0526,32.5812,29988888.0,1.0,0.0
2017-06-06,30.6404,30.8025,28.9301,29.2142,16140135.0,1.0,0.0
2017-06-07,29.8439,29.8688,29.3576,29.6438,20824360.0,1.0,0.0
2017-06-08,30.8281,31.2414,30.3561,31.1351,49916263.0,1.0,0.0
2017-06-09,31.0974,31.7728,30.7607,31.284,25809595.0,1.0,0.0
2017-06-12,34.235,34.2402,33.9056,34.2368,22185428.0,1.0,0.0
2017-06-13,35.6093,35.7751,34.517,34.7764,45908253.0,1.0,0.0
2017-06-14,35.9126,36.2499,35.1655,35.2307,17474649.0,1.0,0.0
2017-06-15,34.0392,34.1176,33.0858,33.3632,3409771.0,1.0,0.0
2017-06-16,33.6875,34.1578,33.5278,33.974,13701103.0,1.0,0.0
2017-06-19,31.458,32.3009,31.4574,32.0341,28731183.0,1.0,0.0
2017-06-20,32.5058,32.8167,32.3483,32.6222,17751056.0,1.0,0.0
2017-06-21,34.6407,34.845,34.29,34.3252,22562233.0,1.0,0.0
2017-06-22,31.7577,31.79,31.0442,31.2706,22067804.0,1.0,0.0
2017-06-23,33.8708,34.0915,33.6262,33.7858,27012835.0,1.0,0.0
2017-06-26,30.7413,30.7719,30.2505,30.3089,5684144.0,1.0,0.0
2017-06-27,31.5635,31.6143,31.3465,31.5182,39955394.0,1.0,0.0
2017-06-28,31.6648,31.7245,31.6447,31.6939,22043643.0,1.0,0.0
2017-06-29,33.2317,33.2767,32.7385,32.8731,46293350.0,1.0,0.0
2017-06-30,34.8687,34.8729,34.0316,34.3094,35765699.0,1.0,0.0
2017-07-03,33.0987,33.8527,33.0608,33.5917,12947502.0,1.0,0.0
2017-07-05,34.1721,34.3821,33.6749,33.8227,9012599.0,1.0,0.0
2017-07-06,34.0036,34.0734,33.7814,34.0492,41692745.0,1.0,0.0
2017-07-07,34.572,35.0546,34.5548,34.8425,35296156.0,1.0,0.0
2017-07-10,36.1908,36.2325,35.9748,36.2051,12022885.0,1.0,0.0
2017-07-11,37.4889,38.1005,37.4758,38.0756,38212960.0,1.0,0.0
2017-07-12,36.284,37.1509,36.1218,36.9209,15862401.0,1.0,0.0
2017-07-13,36.6117,36.6681,35.7177,36.1977,23845340.0,1.0,0.0
2017-07-14,36.5195,38.2349,35.9879,37.5616,18854885.0,1.0,0.0
2017-07-17,37.5758,37.7105,37.154,37.4597,17105395.0,1.0,0.0
2017-07-18,37.6772,37.8516,36.3678,36.47,13910291.0,1.0,0.0
2017-07-19,36.272,36.604,34.824,34.9572,22630548.0,1.0,0.0
2017-07-20,35.8086,35.8521,34.2614,34.4531,24706491.0,1.0,0.0
2017-07-21,33.9957,34.1481,33.7935,34.0294,28901227.0,1.0,0.0
2017-07-24,34.2581,34.6392,33.2426,33.4539,32484435.0,1.0,0.0
2017-07-25,34.0366,34.1935,33.471,33.7933,48967663.0,1.0,0.0
2017-07-26,33.7597,34.2823,33.4534,34.0284,4920167.0,1.0,0.0
2017-07-27,33.8936,34.3201,33.3814,33.7901,5286180.0,1.0,0.0
2017-07-28,34.7352,36.7658,34.5801,36.6746,12221723.0,1.0,0.0
2017-07-31,36.3917,37.3384,36.134,36.7432,6378109.0,1.0,0.0
2017-08-01,35.7486,36.0202,35.0855,35.5607,36356547.0,1.0,0.0
2017-08-02,36.0048,36.3415,34.7262,35.0183,32108538.0,1.0,0.0
2017-08-03,35.8597,36.14,34.9663,35.1092,7228857.0,1.0,0.0
2017-08-04,34.0991,34.3008,33.919,34.0267,19803764.0,1.0,0.0
2017-08-07,33.8404,33.9075,33.0915,33.4057,12186137.0,1.0,0.0
2017-08-08,33.988,33.9963,33.4596,33.5584,25461849.0,1.0,0.0
2017-08-09,34.0018,34.1146,32.6978,32.8388,34592060.0,1.0,0.0
2017-08-10,32.2489,32.3837,31.0449,31.6384,26718577.0,1.0,0.0
2017-08-11,31.2739,32.7948,31.1477,32.6407,42983226.0,1.0,0.0
2017-08-14,31.2349,32.2785,30.4399,32.1512,5191478.0,1.0,0.0
2017-08-15,30.798,30.874,30.6562,30.735,49205549.0,1.0,0.0
2017-08-16,30.4888,31.5864,30.3405,31.2409,29390525.0,1.0,0.0
2017-08-17,31.5985,31.9385,31.5008,31.7293,21960983.0,1.0,0.0
2017-08-18,32.0265,32.2601,31.0114,31.3125,45269711.0,1.0,0.0
2017-08-21,31.2288,31.2396,30.309,30.7182,49322446.0,1.0,0.0
2017-08-22,30.9715,31.4986,30.6653,31.2487,45536066.0,1.0,0.0
2017-08-23,30.6948,30.8173,29.1941,29.8567,38964972.0,1.0,0.0
2017-08-24,30.0302,30.4092,29.7146,30.2279,32921039.0,1.0,0.0
2017-08-25,30.5342,31.0882,30.4696,31.0006,4721943.0,1.0,0.0
2017-08-28,29.3389,29.6379,29.1075,29.4178,18702533.0,1.0,0.0
2017-08-29,30.1131,30.6525,29.9045,30.4003,16486613.0,1.0,0.0
2017-08-30,30.9665,31.3546,29.6616,30.1342,13391509.0,1.0,0.0
2017-08-31,30.3576,31.0931,30.1633,30.9795,16938645.0,1.0,0.0
2017-09-01,31.9278,32.5034,31.5112,32.3925,11745092.0,1.0,0.0
2017-09-05,32.799,33.0683,31.8697,31.9798,27071414.0,1.0,0.0
2017-09-06,32.8717,33.3576,32.7818,33.2171,41917563.0,1.0,0.0
2017-09-07,33.3174,34.5141,32.9952,34.2927,1000821.0,1.0,0.0
2017-09-08,33.8432,33.8581,32.4986,32.7229,4756815.0,1.0,0.0
2017-09-11,31.5624,31.9932,31.2389,31.8518,12116328.0,1.0,0.0
2017-09-12,33.1903,33.3513,31.6657,31.9122,40292232.0,1.0,0.0
2017-09-13,31.7689,32.3345,31.2249,31.259,38252534.0,1.0,0.0
2017-09-14,30.8829,30.9211,29.9986,30.0962,13516077.0,1.0,0.0
2017-09-15,30.7197,31.2972,30.678,31.1366,40804650.0,1.0,0.0
2017-09-18,32.0216,32.6167,31.7448,32.5565,23183228.0,1.0,0.0
2017-09-19,31.3281,31.7731,31.1299,31.722,45029473.0,1.0,0.0
2017-09-20,30.9107,31.3984,30.8505,31.307,45609737.0,1.0,0.0
2017-09-21,31.9194,31.9516,31.4753,31.6756,40474478.0,1.0,0.0
2017-09-22,31.7433,31.8934,30.4271,30.5398,2769210.0,1.0,0.0
2017-09-25,30.6258,31.0445,30.1429,30.5577,11630424.0,1.0,0.0
2017-09-26,31.9124,32.0717,31.2345,31.4744,20286949.0,1.0,0.0
2017-09-27,31.9677,32.3981,31.8999,32.0783,44880507.0,1.0,0.0
2017-09-28,30.7298,31.3412,30.6785,31.265,29330932.0,1.0,0.0
2017-09-29,31.7991,31.9807,31.7773,31.9214,5336962.0,1.0,0.0
2017-10-02,31.4842,32.0135,31.3686,31.9194,24114378.0,1.0,0.0
2017-10-03,32.1628,32.4494,31.757,32.119,42692614.0,1.0,0.0
2017-10-04,32.2839,32.4938,31.783,32.0554,43895829.0,1.0,0.0
2017-10-05,32.4077,32.6244,32.1411,32.3551,26286724.0,1.0,0.0
2017-10-06,32.2648,32.5151,31.4543,31.6911,7788437.0,1.0,0.0
2017-10-09,33.0612,33.2346,32.6116,32.6913,30375157.0,1.0,0.0
2017-10-10,32.5281,32.7536,31.6075,31.6651,16171314.0,1.0,0.0
2017-10-11,29.8129,30.2597,29.5841,29.8533,27265799.0,1.0,0.0
2017-10-12,29.8954,30.0111,29.7665,29.8091,18032448.0,1.0,0.0
2017-10-13,29.7526,30.4281,29.7135,30.1359,6984254.0,1.0,0.0
2017-10-16,30.9593,31.068,29.8306,29.9793,37484950.0,1.0,0.0
2017-10-17,28.83,29.019,28.4587,28.4885,8033416.0,1.0,0.0
2017-10-18,28.0362,29.3832,27.8538,29.1418,47367683.0,1.0,0.0
2017-10-19,29.7484,30.0851,29.0537,29.355,2655449.0,1.0,0.0
2017-10-20,29.9778,30.1407,29.7342,29.7641,27661644.0,1.0,0.0
2017-10-23,30.031,30.2859,29.9612,30.2654,19795877.0,1.0,0.0
2017-10-24,29.0481,29.2352,28.8746,28.9352,26245588.0,1.0,0.0
2017-10-25,28.3324,28.5311,27.4649,27.5834,47708655.0,1.0,0.0
2017-10-26,27.8965,27.9724,27.5191,27.5533,23493280.0,1.0,0.0
2017-10-27,28.3057,28.3164,27.5668,27.9237,4607587.0,1.0,0.0
2017-10-30,29.8484,30.028,28.8909,29.2719,36515467.0,1.0,0.0
2017-10-31,30.4996,30.8697,30.0305,30.0659,5279507.0,1.0,0.0
2017-11-01,30.1176,31.0061,30.1003,30.6401,25246158.0,1.0,0.0
2017-11-02,31.0464,31.1965,30.8182,30.944,43101526.0,1.0,0.0
2017-11-03,30.6144,31.1043,30.0644,30.2208,33090928.0,1.0,0.0
2017-11-06,31.163,31.8971,31.0925,31.6093,32039862.0,1.0,0.0
2017-11-07,30.7159,31.0867,30.4874,31.0671,14155199.0,1.0,0.0
2017-11-08,31.5092,31.593,31.1336,31.2173,21854254.0,1.0,0.0
2017-11-09,31.7387,31.8069,31.1976,31.3876,33367847.0,1.0,0.0
2017-11-10,31.769,31.898,31.4785,31.5387,8155421.0,1.0,0.0
2017-11-13,31.3916,32.2922,31.28,32.0393,13847522.0,1.0,0.0
2017-11-14,32.766,32.7712,32.4903,32.704,3502514.0,1.0,0.0
2017-11-15,32.6066,32.9928,32.2742,32.8979,4936186.0,1.0,0.0
2017-11-16,32.7447,33.9501,32.646,33.8344,27323121.0,1.0,0.0
2017-11-17,34.1613,35.2489,34.084,35.1201,38495636.0,1.0,0.0
2017-11-20,37.0083,38.281,36.9228,38.2473,8259106.0,1.0,0.0
2017-11-21,38.521,38.7373,38.3036,38.3165,6631119.0,1.0,0.0
2017-11-22,38.4386,38.551,38.0111,38.0515,41097042.0,1.0,0.0
2017-11-24,36.736,37.6613,36.6659,37.0673,35583853.0,1.0,0.0
2017-11-27,37.2026,37.6854,36.4795,36.7108,13749887.0,1.0,0.0
2017-11-28,36.6186,36.9971,36.2325,36.8607,10687568.0,1.0,0.0
2017-11-29,36.8622,37.6847,36.4936,37.3987,46442492.0,1.0,0.0
2017-11-30,38.252,39.1957,38.1786,39.0644,35002260.0,1.0,0.0
2017-12-01,39.6891,39.8757,38.1191,38.1474,8737102.0,1.0,0.0
2017-12-04,38.2882,38.7517,37.998,38.0717,37822442.0,1.0,0.0
2017-12-05,37.9528,39.1151,37.7634,39.0712,8144431.0,1.0,0.0
2017-12-06,38.9159,39.5987,38.4409,39.4163,21058417.0,1.0,0.0
2017-12-07,39.4169,40.1379,38.3558,38.9969,10943356.0,1.0,0.0
2017-12-08,38.8041,39.4042,38.7972,39.1545,36816127.0,1.0,0.0
2017-12-11,39.3183,40.9446,39.104,40.4285,46888802.0,1.0,0.0
2017-12-12,40.2258,40.906,39.3374,39.8366,44905486.0,1.0,0.0
2017-12-13,41.5625,41.5798,41.2141,41.4441,10707724.0,1.0,0.0
2017-12-14,41.4661,42.3025,41.2267,41.938,7148530.0,1.0,0.0
2017-12-15,41.6681,42.6482,41.6394,42.3927,35402323.0,1.0,0.0
2017-12-18,40.3643,41.0259,39.9342,40.9769,44346061.0,1.0,0.0
2017-12-19,40.2363,40.4539,39.4678,39.809,41939993.0,1.0,0.0
2017-12-20,38.6393,38.6481,38.0552,38.4796,13778233.0,1.0,0.0
2017-12-21,38.6913,38.8186,38.3486,38.4012,43611136.0,1.0,0.0
2017-12-22,39.1097,39.6012,38.9409,39.3271,47484795.0,1.0,0.0
2017-12-26,38.9656,40.0721,38.3264,39.9549,27859514.0,1.0,0.0
2017-12-27,39.7931,39.8105,38.3775,39.023,39360637.0,1.0,0.0
2017-12-28,39.6727,39.8213,38.0778,38.2694,31294277.0,1.0,0.0
2017-12-29,38.6056,39.0216,36.8489,37.3122,39345296.0,1.0,0.0
2018-01-02,37.1377,37.2728,37.027,37.1657,47970433.0,1.0,0.0
2018-01-03,37.0021,37.3717,35.9884,36.4058,41683723.0,1.0,0.0
2018-01-04,35.4053,35.4688,34.875,35.0994,37421375.0,1.0,0.0
2018-01-05,33.6386,33.8015,32.5018,33.1584,40388912.0,1.0,0.0
2018-01-08,32.8765,33.1391,32.8305,32.935,10964832.0,1.0,0.0
2018-01-09,32.3425,32.5252,32.2176,32.4545,25935041.0,1.0,0.0
2018-01-10,33.1758,34.2611,33.1246,33.7843,48585125.0,1.0,0.0
2018-01-11,33.411,33.5611,33.3272,33.4841,36446923.0,1.0,0.0
2018-01-12,33.6329,33.7651,32.6499,32.9344,3007815.0,1.0,0.0
2018-01-16,33.4891,33.5668,33.2171,33.247,11802067.0,1.0,0.0
2018-01-17,34.6284,35.4432,34.6126,35.281,32300114.0,1.0,0.0
2018-01-18,35.1394,36.4054,35.0721,36.1847,42545533.0,1.0,0.0
2018-01-19,36.5375,36.8998,36.3697,36.6907,18129451.0,1.0,0.0
2018-01-22,36.5364,36.6606,35.8751,36.3096,24305237.0,1.0,0.0
2018-01-23,36.0251,36.172,35.4788,35.919,14767481.0,1.0,0.0
2018-01-24,35.8387,36.6592,35.6042,36.421,29251188.0,1.0,0.0
2018-01-25,37.1824,37.5652,36.5853,36.7833,43341592.0,1.0,0.0
2018-01-26,36.4201,36.4847,35.9568,36.017,43551350.0,1.0,0.0
2018-01-29,36.7344,37.4486,36.5241,37.3318,30044178.0,1.0,0.0
2018-01-30,37.2983,37.9516,37.1713,37.9201,6991896.0,1.0,0.0
2018-01-31,37.252,37.5119,36.4779,36.5118,9995051.0,1.0,0.0
2018-02-01,36.4686,36.7746,35.6892,35.7351,7650686.0,1.0,0.0
2018-02-02,35.7884,35.8999,35.6181,35.8429,15749736.0,1.0,0.0
2018-02-05,35.165,35.4783,34.8523,35.3279,47145138.0,1.0,0.0
2018-02-06,35.9533,36.3418,35.88,36.0423,23837709.0,1.0,0.0
2018-02-07,35.9681,36.4196,35.7769,35.963,6167647.0,1.0,0.0
2018-02-08,36.3319,37.7444,36.2044,37.4223,22945909.0,1.0,0.0
2018-02-09,37.5624,38.0976,36.8374,37.4128,34470490.0,1.0,0.0
2018-02-12,37.3646,37.7962,37.3474,37.6907,34489153.0,1.0,0.0
2018-02-13,38.317,38.8995,37.8906,38.4417,28373777.0,1.0,0.0
2018-02-14,38.2032,38.7042,37.7499,37.8957,5820343.0,1.0,0.0
2018-02-15,37.294,37.3329,36.4958,36.9165,9236101.0,1.0,0.0
2018-02-16,37.4208,38.1624,37.0783,37.6291,39506331.0,1.0,0.0
2018-02-20,37.9857,38.0601,37.2949,37.3035,25354609.0,1.0,0.0
2018-02-21,37.4291,38.7895,37.2521,38.6269,1895344.0,1.0,0.0
2018-02-22,38.2868,38.5016,36.3185,36.6452,40898171.0,1.0,0.0
2018-02-23,37.3495,37.4998,36.4689,36.8455,6617095.0,1.0,0.0
2018-02-26,37.1788,37.3438,37.0753,37.1849,43975507.0,1.0,0.0
2018-02-27,37.9631,38.1075,37.719,37.8766,47377149.0,1.0,0.0
2018-02-28,38.1703,38.3629,36.7305,36.8887,49681692.0,1.0,0.0
2018-03-01,37.6269,38.7761,36.9706,38.3958,48094383.0,1.0,0.0
2018-03-02,38.0643,38.332,37.8942,38.3121,2989041.0,1.0,0.0
2018-03-05,38.0368,38.3536,37.3945,37.6686,1554187.0,1.0,0.0
2018-03-06,37.5196,37.5563,36.9084,36.9451,39183122.0,1.0,0.0
2018-03-07,36.6648,36.7688,35.8691,36.3435,4458663.0,1.0,0.0
2018-03-08,36.9096,37.8857,36.6786,37.5698,35165905.0,1.0,0.0
2018-03-09,37.9113,38.396,37.1343,37.4961,30447653.0,1.0,0.0
2018-03-12,37.0142,37.3734,36.5236,36.9307,47628853.0,1.0,0.0
2018-03-13,36.9686,37.1446,35.2868,35.5792,23463376.0,1.0,0.0
2018-03-14,35.5641,35.7184,35.4059,35.477,38804215.0,1.0,0.0
2018-03-15,35.4939,35.6704,34.9208,35.0724,16291650.0,1.0,0.0
2018-03-16,34.7503,35.5209,34.3842,35.4459,5567689.0,1.0,0.0
2018-03-19,35.894,35.9285,35.5672,35.5819,1183003.0,1.0,0.0
2018-03-20,36.5188,36.552,35.715,36.0982,38914350.0,1.0,0.0
2018-03-21,35.2917,35.3481,35.1579,35.1971,12803257.0,1.0,0.0
2018-03-22,35.1503,35.6881,35.0358,35.5534,35872400.0,1.0,0.0
2018-03-23,35.7518,35.9326,35.7074,35.8641,38423687.0,1.0,0.0
2018-03-26,35.7091,35.9854,34.5477,34.867,20807248.0,1.0,0.0
2018-03-27,35.4032,35.582,35.1929,35.4597,17780563.0,1.0,0.0
2018-03-28,35.3482,36.195,35.3013,36.1645,30302803.0,1.0,0.0
2018-03-29,36.8822,37.9104,36.7192,37.7431,43111050.0,1.0,0.0
2018-04-02,37.9939,37.9964,37.4637,37.7683,21590109.0,1.0,0.0
2018-04-03,37.7468,37.9151,37.3761,37.6623,10217866.0,1.0,0.0
2018-04-04,37.8107,39.002,37.5094,38.8956,28682121.0,1.0,0.0
2018-04-05,38.8394,39.5836,38.7583,39.0322,31708748.0,1.0,0.0
2018-04-06,39.145,39.3272,39.0198,39.0322,15926746.0,1.0,0.0
2018-04-09,38.8265,38.9281,38.0368,38.1979,3930853.0,1.0,0.0
2018-04-10,38.6835,39.3513,38.0726,39.2475,46676785.0,1.0,0.0
2018-04-11,38.4609,38.5809,38.1664,38.4288,1137815.0,1.0,0.0
2018-04-12,38.553,38.5786,37.4202,37.6011,31309910.0,1.0,0.0
2018-04-13,38.3569,38.7104,37.9074,38.6697,22892372.0,1.0,0.0
2018-04-16,39.5658,39.5837,39.1121,39.2214,44421537.0,1.0,0.0
2018-04-17,39.1206,39.5395,38.7036,39.2221,44869548.0,1.0,0.0
2018-04-18,39.2702,39.8886,38.8587,39.6239,2151095.0,1.0,0.0
2018-04-19,39.1381,39.2801,37.5657,37.8991,10030597.0,1.0,0.0
2018-04-20,37.5176,39.0034,37.4287,38.5357,46503705.0,1.0,0.0
2018-04-23,37.1479,38.4369,37.109,38.1888,10295827.0,1.0,0.0
2018-04-24,38.1198,38.5618,36.974,37.0742,45363501.0,1.0,0.0
2018-04-25,37.0047,37.449,36.6478,37.2201,30589339.0,1.0,0.0
2018-04-26,37.5209,38.3689,36.8176,38.1522,18577633.0,1.0,0.0
2018-04-27,38.1592,38.3657,37.6072,37.6313,8384378.0,1.0,0.0
2018-04-30,38.3696,38.9373,38.0678,38.2823,48342357.0,1.0,0.0
2018-05-01,38.5955,38.7581,38.2325,38.251,41913462.0,1.0,0.0
2018-05-02,38.0725,38.2928,37.4833,38.1644,40136774.0,1.0,0.0
2018-05-03,37.8038,38.7585,37.7549,38.7226,21271694.0,1.0,0.0
2018-05-04,38.4883,38.5994,37.7742,38.3826,37589860.0,1.0,0.0
2018-05-07,38.9694,39.0252,38.6649,38.7709,26798764.0,1.0,0.0
2018-05-08,39.6542,39.716,39.5639,39.6376,44632928.0,1.0,0.0
2018-05-09,38.9829,39.1021,37.6551,37.7766,19660909.0,1.0,0.0
2018-05-10,38.0206,38.42,37.7528,38.258,47251596.0,1.0,0.0
2018-05-11,38.2806,38.6944,38.038,38.5167,45540052.0,1.0,0.0
2018-05-14,38.1634,38.4321,38.0444,38.3369,26858312.0,1.0,0.0
2018-05-15,38.5518,38.6207,37.7419,37.867,44203484.0,1.0,0.0
2018-05-16,38.1652,38.6132,37.9286,38.2694,16239785.0,1.0,0.0
2018-05-17,38.1287,38.2514,37.8863,38.2067,31042213.0,1.0,0.0
2018-05-18,38.3579,38.6724,38.091,38.5718,49249119.0,1.0,0.0
2018-05-21,37.5449,37.817,36.3571,36.3755,12091433.0,1.0,0.0
2018-05-22,36.2207,36.6719,35.7652,35.7795,12566327.0,1.0,0.0
2018-05-23,36.6532,37.4782,36.2793,36.9878,5625914.0,1.0,0.0
2018-05-24,37.4937,38.0863,37.2303,37.6852,1228912.0,1.0,0.0
2018-05-25,37.9884,38.4444,37.8126,38.1664,24920671.0,1.0,0.0
2018-05-29,39.137,39.3631,38.6917,38.8099,25940294.0,1.0,0.0
2018-05-30,38.3422,39.4195,38.2242,39.3708,48288118.0,1.0,0.0
2018-05-31,39.3585,39.4702,38.3813,38.5335,26464949.0,1.0,0.0
2018-06-01,38.3425,38.406,37.8796,38.0533,42922551.0,1.0,0.0
2018-06-04,37.3282,38.3448,37.2121,38.1156,44879174.0,1.0,0.0
2018-06-05,38.3722,39.6874,37.9974,39.5662,5153525.0,1.0,0.0
2018-06-06,39.7897,39.9645,38.5579,38.626,13712810.0,1.0,0.0
2018-06-07,38.5875,38.9737,37.8641,38.478,3785704.0,1.0,0.0
2018-06-08,38.2851,38.4138,36.7796,36.9235,36215651.0,1.0,0.0
2018-06-11,36.6563,36.7245,36.0904,36.3901,29619558.0,1.0,0.0
2018-06-12,36.3895,37.3925,36.2827,37.2057,29606890.0,1.0,0.0
2018-06-13,36.7974,37.6357,36.6669,37.4908,15435545.0,1.0,0.0
2018-06-14,37.6708,37.6728,37.2064,37.4467,32512791.0,1.0,0.0
2018-06-15,37.2236,37.3553,35.6633,36.1336,25375682.0,1.0,0.0
2018-06-18,36.0587,36.2481,35.4394,35.5935,27684826.0,1.0,0.0
2018-06-19,35.7417,35.8177,34.9537,35.459,13913625.0,1.0,0.0
2018-06-20,35.6857,36.9372,35.5038,36.8088,37507676.0,1.0,0.0
2018-06-21,37.4367,37.9087,37.175,37.8123,45784776.0,1.0,0.0
2018-06-22,36.0499,36.5234,35.8265,36.3175,46698053.0,1.0,0.0
2018-06-25,35.2628,35.6247,35.0024,35.0315,13325176.0,1.0,0.0
2018-06-26,34.1811,34.573,33.422,33.4803,30268518.0,1.0,0.0
2018-06-27,32.6145,33.1806,32.49,33.0217,25419993.0,1.0,0.0
2018-06-28,33.0846,33.0892,32.2825,32.283,28467226.0,1.0,0.0
2018-06-29,31.9898,32.1885,31.4042,31.7345,41222801.0,1.0,0.0
2018-07-02,31.966,32.2912,31.7827,32.0896,36097434.0,1.0,0.0
2018-07-03,31.1823,31.7087,31.1025,31.3655,49918400.0,1.0,0.0
2018-07-05,31.399,31.5896,31.0969,31.2008,23224665.0,1.0,0.0
2018-07-06,30.6996,30.7923,29.8191,30.0428,22442506.0,1.0,0.0
2018-07-09,28.9023,29.0706,28.6762,28.758,29581052.0,1.0,0.0
2018-07-10,28.7629,29.226,28.6173,29.2107,36957225.0,1.0,0.0
2018-07-11,28.7431,28.9963,28.0072,28.347,49318734.0,1.0,0.0
2018-07-12,28.8623,29.4786,28.8275,28.9974,47228987.0,1.0,0.0
2018-07-13,28.8773,29.6142,28.8383,29.195,37906110.0,1.0,0.0
2018-07-16,28.7196,29.1935,28.6695,29.0793,44255416.0,1.0,0.0
2018-07-17,28.9596,29.3557,28.7335,29.0923,37999005.0,1.0,0.0
2018-07-18,29.408,29.5705,28.7008,29.1717,46677261.0,1.0,0.0
2018-07-19,27.2685,28.1936,27.2117,28.1492,5529415.0,1.0,0.0
2018-07-20,28.1467,28.2449,27.1129,27.3747,42988267.0,1.0,0.0
2018-07-23,27.5145,27.8488,26.5172,26.6976,2788595.0,1.0,0.0
2018-07-24,27.0086,27.2396,26.5806,26.6762,43345079.0,1.0,0.0
2018-07-25,26.7091,26.808,26.5653,26.745,18522073.0,1.0,0.0
2018-07-26,26.6131,27.2937,26.5356,26.7481,42044509.0,1.0,0.0
2018-07-27,27.0582,27.7329,26.6878,27.6406,1023210.0,1.0,0.0
2018-07-30,27.4432,27.7025,26.8867,26.9595,9554768.0,1.0,0.0
2018-07-31,25.9222,27.7817,25.8118,27.3096,29293447.0,1.0,0.0
2018-08-01,26.961,27.7173,26.8103,27.6015,18172206.0,1.0,0.0
2018-08-02,26.5705,27.0604,26.4129,26.8567,34464799.0,1.0,0.0
2018-08-03,26.728,26.8597,26.0952,26.563,38494193.0,1.0,0.0
2018-08-06,28.0317,28.3411,27.7149,28.1443,5447188.0,1.0,0.0
2018-08-07,27.2498,27.6435,27.1775,27.5649,48381725.0,1.0,0.0
2018-08-08,27.75,29.236,27.4027,29.1748,28220118.0,1.0,0.0
2018-08-09,29.5904,29.8856,29.4967,29.5099,23203663.0,1.0,0.0
2018-08-10,30.4818,30.7206,30.015,30.0286,19658651.0,1.0,0.0
2018-08-13,30.7112,31.6715,30.665,31.6639,1392380.0,1.0,0.0
2018-08-14,32.0811,32.5498,32.0544,32.3742,28283989.0,1.0,0.0
2018-08-15,32.4998,32.821,31.7918,31.8202,40535778.0,1.0,0.0
2018-08-16,32.4764,32.7277,32.0075,32.1532,43486336.0,1.0,0.0
2018-08-17,31.3555,32.0813,31.2268,31.9524,43104423.0,1.0,0.0
2018-08-20,32.9011,33.0173,31.8671,31.98,29814145.0,1.0,0.0
2018-08-21,31.7352,32.0498,30.9621,30.9878,2579209.0,1.0,0.0
2018-08-22,29.9634,30.0267,29.7163,29.768,16396090.0,1.0,0.0
2018-08-23,29.2686,29.2955,28.6791,28.9327,45700862.0,1.0,0.0
2018-08-24,29.0133,30.3997,28.7126,30.2111,40285500.0,1.0,0.0
2018-08-27,31.3969,32.0775,31.2372,31.9617,9403227.0,1.0,0.0
2018-08-28,31.8278,31.8505,31.6018,31.7333,35153179.0,1.0,0.0
2018-08-29,31.7546,31.9366,30.9828,31.0804,12462494.0,1.0,0.0
2018-08-30,32.0786,32.357,31.4479,32.3425,10416444.0,1.0,0.0
2018-08-31,31.9201,32.2569,31.655,31.9256,39076002.0,1.0,0.0
2018-09-04,30.6047,30.8169,29.9059,30.2107,17365784.0,1.0,0.0
2018-09-05,31.5123,32.4084,31.3192,32.1382,39832810.0,1.0,0.0
2018-09-06,32.3594,32.6587,31.3216,31.7042,20508691.0,1.0,0.0
2018-09-07,32.6877,32.9047,31.4365,31.4447,6288735.0,1.0,0.0
2018-09-10,31.4916,32.7619,31.4427,32.4828,29584989.0,1.0,0.0
2018-09-11,33.2773,34.0584,33.2295,33.8513,35534325.0,1.0,0.0
2018-09-12,33.3941,33.5537,33.302,33.4349,17375242.0,1.0,0.0
2018-09-13,33.0092,33.0885,32.4877,32.8781,8547664.0,1.0,0.0
2018-09-14,32.9122,33.4766,32.8966,33.4589,3563402.0,1.0,0.0
2018-09-17,34.0144,34.0991,33.9261,34.0231,5922015.0,1.0,0.0
2018-09-18,34.5059,34.8021,34.4289,34.7158,47371342.0,1.0,0.0
2018-09-19,34.4192,34.7508,34.1487,34.217,29293969.0,1.0,0.0
2018-09-20,34.4437,34.9882,34.0693,34.8424,45399462.0,1.0,0.0
2018-09-21,34.5784,34.7582,34.3493,34.6653,41455213.0,1.0,0.0
2018-09-24,33.8078,34.1304,33.5776,33.9073,34745085.0,1.0,0.0
2018-09-25,34.2759,34.8066,33.8224,34.5721,21315949.0,1.0,0.0
2018-09-26,34.1838,34.3301,33.9525,34.1598,36058684.0,1.0,0.0
2018-09-27,34.9509,35.7259,34.617,35.4385,34487649.0,1.0,0.0
2018-09-28,36.2075,36.5705,36.0397,36.4198,19368546.0,1.0,0.0
2018-10-01,36.298,36.4333,36.1625,36.3758,32415901.0,1.0,0.0
2018-10-02,35.8766,36.0711,34.9957,35.3277,28160513.0,1.0,0.0
2018-10-03,35.4739,35.5674,33.7308,33.8506,29145611.0,1.0,0.0
2018-10-04,34.3027,34.3931,33.2165,33.3244,41397046.0,1.0,0.0
2018-10-05,33.0425,33.1105,32.6977,32.9747,28199097.0,1.0,0.0
2018-10-08,32.0256,32.3371,31.9536,32.2167,8599897.0,1.0,0.0
2018-10-09,31.7251,32.8679,31.6909,32.3485,34179436.0,1.0,0.0
2018-10-10,31.9557,33.2279,31.7453,32.8614,25004442.0,1.0,0.0
2018-10-11,32.79,32.8715,32.3132,32.5122,21422622.0,1.0,0.0
2018-10-12,32.7717,33.7702,32.5875,33.758,12451506.0,1.0,0.0
2018-10-15,33.8958,34.5846,33.8228,34.5524,22858991.0,1.0,0.0
2018-10-16,34.5414,34.5857,33.5803,33.8403,28669172.0,1.0,0.0
2018-10-17,33.8905,34.8269,33.8835,34.4083,8931006.0,1.0,0.0
2018-10-18,34.3874,34.5754,34.0031,34.4943,46181964.0,1.0,0.0
2018-10-19,34.6406,35.7651,34.466,35.462,38941225.0,1.0,0.0
2018-10-22,35.736,36.8969,35.4907,36.8667,44929339.0,1.0,0.0
2018-10-23,36.8119,37.1436,36.6777,36.9719,31808003.0,1.0,0.0
2018-10-24,36.7087,36.8059,36.4918,36.5278,34301838.0,1.0,0.0
2018-10-25,36.5362,36.7896,35.2993,35.9662,33347954.0,1.0,0.0
2018-10-26,35.7114,36.2514,35.6805,35.9552,42222861.0,1.0,0.0
2018-10-29,35.4346,36.5715,35.2818,36.435,48277386.0,1.0,0.0
2018-10-30,36.2858,36.7649,35.9519,36.5434,37711347.0,1.0,0.0
2018-10-31,35.9207,36.3515,35.4068,35.5651,11994282.0,1.0,0.0
2018-11-01,35.9584,36.696,35.8624,36.4919,23512572.0,1.0,0.0
2018-11-02,36.6826,36.9953,35.5785,35.8078,32628875.0,1.0,0.0
2018-11-05,35.2178,35.6509,33.5309,33.5561,34276384.0,1.0,0.0
2018-11-06,33.9239,34.2726,33.4418,33.5206,33565051.0,1.0,0.0
2018-11-07,33.1412,33.7742,32.3524,32.5476,29601862.0,1.0,0.0
2018-11-08,31.578,32.3274,31.5449,32.164,10061175.0,1.0,0.0
2018-11-09,31.9909,32.3457,31.754,32.1596,34371064.0,1.0,0.0
2018-11-12,32.1726,32.6335,31.9966,32.3368,7143938.0,1.0,0.0
2018-11-13,32.5149,33.246,32.3134,33.1635,43724519.0,1.0,0.0
2018-11-14,33.6953,34.1374,33.6931,33.8634,36853638.0,1.0,0.0
2018-11-15,34.2635,34.266,33.3098,33.389,39863740.0,1.0,0.0
2018-11-16,33.3639,33.4432,32.7457,32.8785,47673250.0,1.0,0.0
2018-11-19,32.6939,32.9532,31.7376,32.1761,9395789.0,1.0,0.0
2018-11-20,31.8683,32.1202,31.7977,32.0897,11300181.0,1.0,0.0
2018-11-21,32.4109,32.4352,31.1964,31.2716,49754904.0,1.0,0.0
2018-11-23,31.2136,31.5097,29.7056,29.7348,9989618.0,1.0,0.0
2018-11-26,29.9168,31.291,29.6162,30.977,48973644.0,1.0,0.0
2018-11-27,30.9326,30.9754,29.8736,30.1143,34289674.0,1.0,0.0
2018-11-28,29.9651,30.003,29.0033,29.0281,34714447.0,1.0,0.0
2018-11-29,28.9832,29.7577,28.9429,29.6001,17226756.0,1.0,0.0
2018-11-30,29.2841,29.6825,29.2136,29.6734,9159744.0,1.0,0.0
2018-12-03,29.5306,29.5859,29.3593,29.5778,42474256.0,1.0,0.0
2018-12-04,29.1323,29.2176,28.7778,28.9313,2763385.0,1.0,0.0
2018-12-06,29.1105,29.5625,28.2523,28.3669,41763818.0,1.0,0.0
2018-12-07,28.4503,28.8357,28.2925,28.3447,3490881.0,1.0,0.0
2018-12-10,28.3095,29.5953,28.1991,29.3282,37508970.0,1.0,0.0
2018-12-11,29.4885,29.6931,29.1682,29.2844,26017603.0,1.0,0.0
2018-12-12,29.1011,29.1236,28.337,28.8345,19563304.0,1.0,0.0
2018-12-13,28.8285,28.8724,27.9939,28.2163,30049558.0,1.0,0.0
2018-12-14,28.3308,29.7475,28.0077,29.6675,35693822.0,1.0,0.0
2018-12-17,29.8343,29.9751,29.3599,29.4809,29939693.0,1.0,0.0
2018-12-18,29.3494,29.4193,28.6708,28.8886,37656844.0,1.0,0.0
2018-12-19,29.284,29.7506,28.8421,29.6275,10871151.0,1.0,0.0
2018-12-20,29.9974,30.5263,29.7828,30.1983,4072271.0,1.0,0.0
2018-12-21,30.5139,31.2525,30.5008,31.1662,17492426.0,1.0,0.0
2018-12-24,31.8355,32.8239,31.6363,32.6619,13959108.0,1.0,0.0
2018-12-26,32.4582,33.2982,32.1179,33.0378,48543268.0,1.0,0.0
2018-12-27,33.3694,33.8538,33.1736,33.1984,33410386.0,1.0,0.0
2018-12-28,32.9671,33.6147,32.1357,32.2527,7593568.0,1.0,0.0
2018-12-31,31.8517,32.8402,31.5253,32.3891,35524681.0,1.0,0.0
2019-01-02,31.5585,31.7193,30.6719,30.8828,34574367.0,1.0,0.0
2019-01-03,30.889,31.8357,30.7625,31.8108,20122209.0,1.0,0.0
2019-01-04,31.0034,31.1528,30.8215,30.9584,24419376.0,1.0,0.0
2019-01-07,30.7369,31.6598,30.3277,31.5418,42399212.0,1.0,0.0
2019-01-08,31.6186,32.1193,31.3543,31.9312,42263137.0,1.0,0.0
2019-01-09,32.1062,32.7897,32.0956,32.7466,2871013.0,1.0,0.0
2019-01-10,33.1676,33.8386,32.8798,33.5927,29743860.0,1.0,0.0
2019-01-11,33.2037,35.8577,33.1874,35.442,18824851.0,1.0,0.0
2019-01-14,35.3948,36.0061,35.2299,35.8971,16575638.0,1.0,0.0
2019-01-15,35.7295,36.5648,35.6286,36.3108,33776721.0,1.0,0.0
2019-01-16,36.7951,36.9411,36.7796,36.9139,31754723.0,1.0,0.0
2019-01-17,36.4983,36.8464,36.3046,36.5873,12185117.0,1.0,0.0
2019-01-18,36.2305,36.3031,35.1751,35.2566,42148735.0,1.0,0.0
2019-01-22,36.1142,36.263,35.3202,35.3261,43340093.0,1.0,0.0
2019-01-23,35.6864,36.9004,35.6122,36.3781,42026534.0,1.0,0.0
2019-01-24,36.567,37.354,36.3835,37.1624,43381158.0,1.0,0.0
2019-01-25,36.3556,37.4187,36.1888,37.1773,22547580.0,1.0,0.0
2019-01-28,37.168,37.262,36.3034,36.6658,5539895.0,1.0,0.0
2019-01-29,36.3828,37.3157,36.1111,37.2087,25408024.0,1.0,0.0
2019-01-30,36.7027,36.8129,35.7196,35.7851,49761180.0,1.0,0.0
2019-01-31,36.0673,37.1482,35.9845,36.6992,4840396.0,1.0,0.0
2019-02-01,36.1126,36.6026,36.0241,36.2569,16877531.0,1.0,0.0
2019-02-04,36.6939,36.7503,36.3645,36.7173,30838725.0,1.0,0.0
2019-02-05,36.5061,36.5213,35.9821,36.507,41875927.0,1.0,0.0
2019-02-06,36.2952,36.5226,35.3656,35.6547,46711089.0,1.0,0.0
2019-02-07,35.6836,36.0211,35.3481,35.7512,10480409.0,1.0,0.0
2019-02-08,35.8764,36.1423,35.2921,35.5051,42100537.0,1.0,0.0
2019-02-11,35.4127,35.4281,34.8934,35.0374,5804178.0,1.0,0.0
2019-02-12,35.0306,35.2365,33.6145,33.7009,24742232.0,1.0,0.0
2019-02-13,33.2393,33.359,31.6067,31.7257,26941341.0,1.0,0.0
2019-02-14,31.6456,31.9446,31.1176,31.2194,16623708.0,1.0,0.0
2019-02-15,31.0871,31.3141,31.0698,31.2357,44616989.0,1.0,0.0
2019-02-19,30.3379,30.4297,29.4403,29.6848,18877553.0,1.0,0.0
2019-02-20,29.7915,29.9883,29.3837,29.8396,32589054.0,1.0,0.0
2019-02-21,29.3216,29.3781,29.0441,29.3742,12665388.0,1.0,0.0
2019-02-22,29.4861,29.7832,29.3905,29.6515,49864936.0,1.0,0.0
2019-02-25,29.2384,29.6416,29.0799,29.4453,11600025.0,1.0,0.0
2019-02-26,29.7204,29.8169,29.7156,29.8042,12120241.0,1.0,0.0
2019-02-27,29.2431,29.3759,29.2402,29.266,48264475.0,1.0,0.0
2019-02-28,29.1983,29.4998,29.1688,29.4026,39493751.0,1.0,0.0
2019-03-01,28.9967,29.2561,28.9136,29.1316,5474665.0,1.0,0.0
2019-03-04,29.1033,29.7048,29.0454,29.5521,1999516.0,1.0,0.0
2019-03-05,29.6802,29.8373,29.6356,29.6433,9525319.0,1.0,0.0
2019-03-06,29.876,30.0963,29.5214,30.0936,16755404.0,1.0,0.0
2019-03-07,30.0319,31.4036,29.9288,31.0973,35602023.0,1.0,0.0
2019-03-08,31.4252,31.8997,31.3014,31.5703,14778632.0,1.0,0.0
2019-03-11,31.5379,32.0286,31.478,31.9395,27884442.0,1.0,0.0
2019-03-12,31.3273,31.3845,30.5322,30.6383,18525337.0,1.0,0.0
2019-03-13,30.5766,30.751,29.7606,29.8853,43416072.0,1.0,0.0
2019-03-14,29.784,30.1165,29.5906,29.8829,7048833.0,1.0,0.0
2019-03-15,29.9527,30.6097,29.8451,30.5527,6893372.0,1.0,0.0
2019-03-18,30.6527,30.6583,30.3681,30.4667,5645851.0,1.0,0.0
2019-03-19,30.3604,31.4679,30.2704,31.3781,49806501.0,1.0,0.0
2019-03-20,32.2217,32.6313,32.0968,32.4202,27163776.0,1.0,0.0
2019-03-21,32.3165,32.4027,31.9588,32.0833,38126765.0,1.0,0.0
2019-03-22,32.2364,32.5113,31.9811,32.4437,27512652.0,1.0,0.0
2019-03-25,33.8217,34.2532,33.7177,33.9904,22019923.0,1.0,0.0
2019-03-26,33.7516,33.9344,33.1651,33.2314,28807387.0,1.0,0.0
2019-03-27,33.6152,33.8371,32.9841,33.0612,2222114.0,1.0,0.0
2019-03-28,32.5514,32.6954,32.0496,32.3436,16647187.0,1.0,0.0
2019-03-29,32.9713,34.9452,32.8989,34.8656,45051043.0,1.0,0.0
2019-04-01,34.5119,34.8067,34.3324,34.6081,38721375.0,1.0,0.0
2019-04-02,35.4545,35.6728,34.1854,34.5333,8047625.0,1.0,0.0
2019-04-03,34.6608,35.7066,34.3465,35.357,45211299.0,1.0,0.0
2019-04-04,35.5121,35.8371,34.2867,34.6177,29841436.0,1.0,0.0
2019-04-05,34.8233,35.2133,34.5988,34.6593,36578051.0,1.0,0.0
2019-04-08,33.5981,34.4445,33.2262,34.4391,14365505.0,1.0,0.0
2019-04-09,33.7088,35.9085,33.666,35.8644,48632585.0,1.0,0.0
2019-04-10,34.7755,34.8031,34.3295,34.3736,22033843.0,1.0,0.0
2019-04-11,34.158,35.8607,34.0949,35.573,31413371.0,1.0,0.0
2019-04-12,34.4409,34.8273,34.1805,34.5982,39929537.0,1.0,0.0
2019-04-15,35.0426,35.0549,34.8335,34.8508,34105024.0,1.0,0.0
2019-04-16,35.3155,35.3261,34.3299,34.3826,31018508.0,1.0,0.0
2019-04-17,34.5991,34.8877,34.154,34.1667,20205988.0,1.0,0.0
2019-04-18,33.612,33.7687,32.6879,32.7584,42631865.0,1.0,0.0
2019-04-22,33.0748,34.1659,32.8923,33.6613,31346346.0,1.0,0.0
2019-04-23,34.1016,34.6005,34.0747,34.4892,21054768.0,1.0,0.0
2019-04-24,33.3276,33.521,32.7136,32.7539,11891452.0,1.0,0.0
2019-04-25,33.041,34.4794,33.0333,33.8908,7337933.0,1.0,0.0
2019-04-26,33.8861,34.6057,33.7213,34.3064,4371476.0,1.0,0.0
2019-04-29,35.6537,36.8839,35.3161,36.4538,13520091.0,1.0,0.0
2019-04-30,36.5018,36.8907,36.498,36.8154,5818333.0,1.0,0.0
2019-05-01,35.5585,35.6734,35.0787,35.1063,35901015.0,1.0,0.0
2019-05-02,36.9977,37.263,36.726,37.2561,9985591.0,1.0,0.0
2019-05-03,36.452,36.4584,35.5179,36.0557,46766678.0,1.0,0.0
2019-05-06,36.1596,37.4057,35.6727,37.2544,46529035.0,1.0,0.0
2019-05-07,38.4303,38.6993,36.9824,37.2781,31988666.0,1.0,0.0
2019-05-08,36.9851,37.7439,36.8857,37.2448,6953708.0,1.0,0.0
2019-05-09,35.4663,35.5812,33.7528,34.075,2635014.0,1.0,0.0
2019-05-10,34.7072,35.8243,34.5272,35.5978,40619438.0,1.0,0.0
2019-05-13,34.8956,35.4327,34.8653,35.1138,43593657.0,1.0,0.0
2019-05-14,34.8186,35.2346,34.6387,34.8001,26528145.0,1.0,0.0
2019-05-15,34.2336,34.4209,34.2191,34.3394,29076942.0,1.0,0.0
2019-05-16,34.5274,34.9182,34.3465,34.7664,25750095.0,1.0,0.0
2019-05-17,35.0564,35.6926,34.6381,35.6464,37295156.0,1.0,0.0
2019-05-20,35.0465,35.8116,33.415,33.5671,1056863.0,1.0,0.0
2019-05-21,33.1597,33.8029,32.7202,32.8917,49767760.0,1.0,0.0
2019-05-22,32.8826,32.9746,32.4869,32.6103,25429325.0,1.0,0.0
2019-05-23,33.2329,33.7021,32.6406,32.676,21377867.0,1.0,0.0
2019-05-24,32.9959,33.1797,32.6247,33.0865,20199338.0,1.0,0.0
2019-05-28,33.3761,34.0419,33.179,33.833,42661399.0,1.0,0.0
2019-05-29,33.9322,34.3717,33.8256,34.0624,18399573.0,1.0,0.0
2019-05-30,35.2869,36.4925,35.2448,36.4219,44812902.0,1.0,0.0
2019-05-31,36.3289,36.9971,36.2702,36.4959,44724237.0,1.0,0.0
2019-06-03,35.984,36.6532,35.9413,36.5471,11471253.0,1.0,0.0
2019-06-04,36.6389,36.7777,35.7498,35.7872,8101546.0,1.0,0.0
2019-06-05,35.6462,36.4023,35.3578,35.9757,34107894.0,1.0,0.0
2019-06-06,35.0404,36.8759,34.9844,36.8366,29240734.0,1.0,0.0
2019-06-07,37.0184,37.515,36.9188,37.3159,22501410.0,1.0,0.0
2019-06-10,36.8739,36.9637,36.0817,36.5605,31663679.0,1.0,0.0
2019-06-11,36.7041,36.8664,35.9482,36.234,26829488.0,1.0,0.0
2019-06-12,36.0418,36.2587,35.6071,36.16,23178144.0,1.0,0.0
2019-06-13,36.5199,37.6388,36.3848,37.5885,8949047.0,1.0,0.0
2019-06-14,36.3495,37.377,36.264,37.2471,7818116.0,1.0,0.0
2019-06-17,38.185,38.643,38.1789,38.4918,3298844.0,1.0,0.0
2019-06-18,38.6263,38.6386,37.5209,37.9129,20926424.0,1.0,0.0
2019-06-19,37.2966,37.5561,36.9837,37.1038,5613080.0,1.0,0.0
2019-06-20,37.1267,37.3644,37.0737,37.1834,29456172.0,1.0,0.0
2019-06-21,37.7636,37.9316,37.3445,37.4262,43538504.0,1.0,0.0
2019-06-24,36.5464,37.2772,36.2973,37.0267,26520920.0,1.0,0.0
2019-06-25,36.8835,37.5516,36.6465,37.3387,37562350.0,1.0,0.0
2019-06-26,37.3811,37.6955,36.6424,36.8035,21385081.0,1.0,0.0
2019-06-27,36.174,38.1361,35.8234,38.0018,36661441.0,1.0,0.0
2019-06-28,38.0539,38.518,37.9459,38.217,41212811.0,1.0,0.0
2019-07-01,39.0168,39.152,37.1861,37.391,38462168.0,1.0,0.0
2019-07-02,36.6583,36.8063,35.8488,36.0601,40087864.0,1.0,0.0
2019-07-03,36.0065,36.1363,35.0937,35.3545,16318847.0,1.0,0.0
2019-07-05,35.6006,35.6534,35.1519,35.2201,46293052.0,1.0,0.0
2019-07-08,35.1915,35.5372,34.9418,35.318,33681929.0,1.0,0.0
2019-07-09,35.3713,36.0058,35.2184,35.8953,43238900.0,1.0,0.0
2019-07-10,35.7828,35.8492,35.0975,35.1277,32786474.0,1.0,0.0
2019-07-11,34.8048,34.9735,34.2397,34.4333,49494624.0,1.0,0.0
2019-07-12,34.1495,34.7975,34.1419,34.7453,20115353.0,1.0,0.0
2019-07-15,34.1316,34.4294,33.9418,34.0289,1440673.0,1.0,0.0
2019-07-16,34.2668,34.4848,32.5953,32.8129,39144404.0,1.0,0.0
2019-07-17,32.2357,32.6813,31.6229,32.0188,38821189.0,1.0,0.0
2019-07-18,32.15,32.862,31.9076,32.6742,19360463.0,1.0,0.0
2019-07-19,32.6872,33.2801,32.5293,33.1205,37444471.0,1.0,0.0
2019-07-22,32.8691,34.0178,32.7349,33.8844,17335115.0,1.0,0.0
2019-07-23,34.2399,34.6122,34.1544,34.2099,4173476.0,1.0,0.0
2019-07-24,34.2362,34.2953,33.078,33.5462,28062451.0,1.0,0.0
2019-07-25,33.3756,35.3203,33.3043,35.2685,9106071.0,1.0,0.0
2019-07-26,35.6247,35.8189,35.3491,35.48,39566684.0,1.0,0.0
2019-07-29,36.8247,36.9433,35.2131,35.517,14462092.0,1.0,0.0
2019-07-30,35.6568,35.9382,35.0865,35.2192,5656865.0,1.0,0.0
2019-07-31,35.1192,35.5932,34.8513,35.492,46594067.0,1.0,0.0
2019-08-01,35.1397,35.2459,34.9058,35.0349,27474708.0,1.0,0.0
2019-08-02,34.841,35.4302,34.1299,35.3437,6525484.0,1.0,0.0
2019-08-05,36.0698,37.0762,35.7692,36.6492,20922453.0,1.0,0.0
2019-08-06,35.9743,36.2913,35.2752,35.2817,21670834.0,1.0,0.0
2019-08-07,35.7724,36.3745,35.0397,35.0849,25029010.0,1.0,0.0
2019-08-08,35.0888,35.6369,34.8892,35.4778,16332441.0,1.0,0.0
2019-08-09,35.5718,35.923,34.6589,34.9662,22749347.0,1.0,0.0
2019-08-12,34.9775,35.0048,34.4779,34.7027,19394990.0,1.0,0.0
2019-08-13,34.5988,34.7413,34.1569,34.5845,2753924.0,1.0,0.0
2019-08-14,34.4714,34.541,33.5932,33.7813,42445046.0,1.0,0.0
2019-08-15,33.7494,33.7621,33.4164,33.5114,18778863.0,1.0,0.0
2019-08-16,33.1097,33.1812,32.3164,32.3593,21985471.0,1.0,0.0
2019-08-19,32.6101,33.0554,32.4482,32.9744,14656726.0,1.0,0.0
2019-08-20,32.5006,32.6122,32.005,32.0832,15916471.0,1.0,0.0
2019-08-21,32.3324,33.2751,32.2364,32.964,37824974.0,1.0,0.0
2019-08-22,32.7896,34.0071,32.6717,33.3014,12402021.0,1.0,0.0
2019-08-23,33.2154,33.4737,32.985,33.0339,7779821.0,1.0,0.0
2019-08-26,33.5879,33.6549,32.3384,32.5697,17810529.0,1.0,0.0
2019-08-27,32.4048,32.439,31.579,31.6518,7361306.0,1.0,0.0
2019-08-28,31.1988,31.4419,30.6615,31.1639,47586593.0,1.0,0.0
2019-08-29,30.9636,31.12,30.746,30.9011,4215784.0,1.0,0.0
2019-08-30,30.7336,30.9534,30.4431,30.5113,47741622.0,1.0,0.0
2019-09-03,30.8919,30.9591,30.7998,30.9342,15040653.0,1.0,0.0
2019-09-04,30.7502,30.9177,30.7143,30.8996,46179037.0,1.0,0.0
2019-09-05,31.5393,31.619,31.0525,31.2205,20846990.0,1.0,0.0
2019-09-06,31.3066,31.42,30.7207,30.9362,25153436.0,1.0,0.0
2019-09-09,31.4809,32.0014,31.4612,31.5743,19244862.0,1.0,0.0
2019-09-10,31.242,31.537,30.838,31.0169,32762070.0,1.0,0.0
2019-09-11,31.3603,31.5328,30.9092,31.1627,39669988.0,1.0,0.0
2019-09-12,31.1059,31.7756,30.7003,31.4523,32696304.0,1.0,0.0
2019-09-13,31.5789,32.2711,31.3123,32.2423,2841731.0,1.0,0.0
2019-09-16,32.4347,32.9146,32.3117,32.4972,38055654.0,1.0,0.0
2019-09-17,32.8335,32.8384,31.4695,31.933,43146562.0,1.0,0.0
2019-09-18,31.5587,31.7132,31.2368,31.4043,21196349.0,1.0,0.0
2019-09-19,31.4577,31.8924,31.3122,31.616,36236196.0,1.0,0.0
2019-09-20,31.7211,31.7565,31.4478,31.7343,38386880.0,1.0,0.0
2019-09-23,31.6515,31.7597,31.0279,31.1174,34157434.0,1.0,0.0
2019-09-24,31.0276,31.3558,30.9253,31.1881,19756592.0,1.0,0.0
2019-09-25,30.9986,31.8027,30.9126,31.4535,42535209.0,1.0,0.0
2019-09-26,31.4992,31.5005,31.1981,31.251,48484604.0,1.0,0.0
2019-09-27,31.7397,32.0415,30.6833,30.7871,44440530.0,1.0,0.0
2019-09-30,30.8274,31.0674,30.5707,30.6511,27666163.0,1.0,0.0
2019-10-01,30.9916,31.1299,30.5828,30.5956,37655758.0,1.0,0.0
2019-10-02,31.1936,31.4059,31.0468,31.1522,44136120.0,1.0,0.0
2019-10-03,31.0366,31.1964,30.7039,30.8575,12862890.0,1.0,0.0
2019-10-04,31.2742,31.4102,30.876,30.9237,29853348.0,1.0,0.0
2019-10-07,31.4249,32.5754,31.3678,32.1711,34977170.0,1.0,0.0
2019-10-08,32.1353,32.4935,31.3969,31.5366,1649398.0,1.0,0.0
2019-10-09,31.4254,32.3049,31.3522,32.0248,11132820.0,1.0,0.0
2019-10-10,32.0857,32.1506,31.7421,31.8862,12075185.0,1.0,0.0
2019-10-11,31.2475,32.1967,30.8897,31.7824,4407014.0,1.0,0.0
2019-10-14,32.2978,32.7466,31.8323,32.6498,39656518.0,1.0,0.0
2019-10-15,32.3074,32.4665,32.227,32.3911,18900402.0,1.0,0.0
2019-10-16,32.0419,32.3535,31.3363,31.5101,37279064.0,1.0,0.0
2019-10-17,31.1664,31.2321,30.454,30.5503,44855407.0,1.0,0.0
2019-10-18,30.665,30.7583,30.338,30.4567,46511575.0,1.0,0.0
2019-10-21,30.5592,30.6275,29.8862,29.9523,43909955.0,1.0,0.0
2019-10-22,30.2158,31.253,29.9105,30.8805,24589932.0,1.0,0.0
2019-10-23,30.8417,31.0896,30.2351,30.7338,34268032.0,1.0,0.0
2019-10-24,31.0663,31.4731,30.8642,31.4275,8754454.0,1.0,0.0
2019-10-25,31.8366,32.1079,31.4654,32.0383,21480269.0,1.0,0.0
2019-10-28,32.3917,32.7807,32.1838,32.6702,3606716.0,1.0,0.0
2019-10-29,33.2408,33.6683,33.1731,33.3121,40396551.0,1.0,0.0
2019-10-30,32.7665,32.8414,32.1391,32.3851,31115954.0,1.0,0.0
2019-10-31,32.5981,33.5451,32.4958,33.0697,9370781.0,1.0,0.0
2019-11-01,33.0394,33.9295,32.9966,33.5173,30303957.0,1.0,0.0
2019-11-04,33.7818,33.9069,33.2636,33.2965,9699189.0,1.0,0.0
2019-11-05,33.5455,33.6266,32.8409,32.9697,39732816.0,1.0,0.0
2019-11-06,32.616,32.9406,32.3914,32.8899,21919580.0,1.0,0.0
2019-11-07,33.5777,33.6903,33.4621,33.5788,5939997.0,1.0,0.0
2019-11-08,33.77,33.8593,33.4162,33.5295,11723302.0,1.0,0.0
2019-11-11,34.1012,34.35,33.8421,34.0494,38844555.0,1.0,0.0
2019-11-12,33.8787,34.28,32.9056,32.946,5456469.0,1.0,0.0
2019-11-13,33.2148,33.9712,33.1855,33.7491,5265719.0,1.0,0.0
2019-11-14,33.6116,33.6814,32.2029,32.632,32488527.0,1.0,0.0
2019-11-15,32.6495,33.1686,31.6046,32.0129,10370094.0,1.0,0.0
2019-11-18,32.0143,32.3239,31.7179,32.3055,45245928.0,1.0,0.0
2019-11-19,32.3822,33.4243,32.3126,33.3043,42146351.0,1.0,0.0
2019-11-20,33.2046,34.3045,32.8887,33.7492,41077082.0,1.0,0.0
2019-11-21,33.591,34.0328,33.4163,33.9359,4964806.0,1.0,0.0
2019-11-22,34.3338,34.4176,33.89,34.0951,35935692.0,1.0,0.0
2019-11-25,33.8103,34.1732,33.7929,34.1613,15131585.0,1.0,0.0
2019-11-26,34.072,34.1343,33.7475,34.1198,33950525.0,1.0,0.0
2019-11-27,34.4236,34.7899,33.8724,34.5855,31671736.0,1.0,0.0
2019-11-29,34.3673,35.2221,34.32,34.9113,32444081.0,1.0,0.0
2019-12-02,34.8608,34.944,33.7723,33.808,24239111.0,1.0,0.0
2019-12-03,33.7036,34.0784,33.2685,33.5162,6840566.0,1.0,0.0
2019-12-04,33.3248,33.5405,32.7197,32.7999,37417928.0,1.0,0.0
2019-12-05,33.3031,33.3943,32.523,32.5897,22314473.0,1.0,0.0
2019-12-06,32.3387,33.3806,32.1914,33.0621,6016377.0,1.0,0.0
2019-12-09,32.957,33.4644,32.8696,33.3699,5091730.0,1.0,0.0
2019-12-10,32.718,32.9759,31.967,32.0324,16622778.0,1.0,0.0
2019-12-11,30.904,32.1174,30.6246,31.9036,25106284.0,1.0,0.0
2019-12-12,32.7125,33.6856,32.3256,33.3333,23242877.0,1.0,0.0
2019-12-13,33.0561,33.9054,32.9164,33.6287,9157987.0,1.0,0.0
2019-12-16,30.5898,30.8758,30.3137,30.8427,12556079.0,1.0,0.0
2019-12-17,31.3911,31.4987,30.4512,30.6427,48377946.0,1.0,0.0
2019-12-18,30.7786,30.91,30.4135,30.7141,15169237.0,1.0,0.0
2019-12-19,29.8158,30.0643,28.9723,29.275,23246154.0,1.0,0.0
2019-12-20,27.9414,28.782,27.8156,28.5311,9691115.0,1.0,0.0
2019-12-23,28.1616,28.172,27.9738,27.9843,27296536.0,1.0,0.0
2019-12-24,28.3714,28.6958,28.3466,28.5165,31612971.0,1.0,0.0
2019-12-26,28.9161,29.8325,28.8613,29.5806,28321354.0,1.0,0.0
2019-12-27,29.328,29.3439,28.7637,29.0445,48199877.0,1.0,0.0
2019-12-30,28.9419,29.4026,28.9196,29.3877,9528563.0,1.0,0.0
2019-12-31,29.5061,29.9433,29.1394,29.4847,30667174.0,1.0,0.0
2020-01-02,29.7529,29.8711,29.4474,29.6274,22557528.0,1.0,0.0
2020-01-03,29.3102,30.7805,29.1804,30.2952,29636535.0,1.0,0.0
2020-01-06,29.428,29.9268,29.269,29.8223,3977546.0,1.0,0.0
2020-01-07,29.0012,29.1712,28.889,29.1185,10491267.0,1.0,0.0
2020-01-08,29.4794,30.2724,29.446,30.2248,17466810.0,1.0,0.0
2020-01-09,30.0296,31.4237,29.8091,31.1085,14652103.0,1.0,0.0
2020-01-10,30.8624,30.8786,30.03,30.2007,46479951.0,1.0,0.0
2020-01-13,29.8162,30.1731,29.2147,29.5011,22268312.0,1.0,0.0
2020-01-14,29.2708,29.4585,28.4217,28.4621,16497265.0,1.0,0.0
2020-01-15,28.7026,29.7238,28.3502,29.0118,23730902.0,1.0,0.0
2020-01-16,28.5622,28.6283,27.924,28.1311,49780325.0,1.0,0.0
2020-01-17,27.6482,27.9704,26.4762,26.793,22807163.0,1.0,0.0
2020-01-21,27.1749,27.5071,26.9524,27.031,24032265.0,1.0,0.0
2020-01-22,26.897,27.018,25.415,25.7356,30544164.0,1.0,0.0
2020-01-23,25.4151,25.6472,25.4094,25.6116,11767961.0,1.0,0.0
2020-01-24,26.6021,27.418,26.4087,27.1675,8039823.0,1.0,0.0
2020-01-27,27.3179,27.5278,27.0687,27.3338,37623670.0,1.0,0.0
2020-01-28,27.5715,27.6506,27.5145,27.5626,7897349.0,1.0,0.0
2020-01-29,27.9742,28.2959,26.5596,26.5658,28272762.0,1.0,0.0
2020-01-30,26.5651,26.7352,26.2809,26.5788,7286397.0,1.0,0.0
2020-01-31,26.6581,27.1338,26.5772,27.0185,14104416.0,1.0,0.0
2020-02-03,26.6443,26.8304,26.0698,26.0945,9325787.0,1.0,0.0
2020-02-04,26.2924,27.0564,25.9805,26.7368,44756220.0,1.0,0.0
2020-02-05,26.4768,26.5228,26.1638,26.2288,22862402.0,1.0,0.0
2020-02-06,25.6981,25.9768,25.1785,25.4104,30423297.0,1.0,0.0
2020-02-07,26.1588,26.2752,26.0156,26.0369,25727797.0,1.0,0.0
2020-02-10,25.8055,26.0978,24.9699,24.978,2429818.0,1.0,0.0
2020-02-11,24.5668,24.603,24.3634,24.4806,17490542.0,1.0,0.0
2020-02-12,24.3038,24.3911,24.1373,24.2375,27763508.0,1.0,0.0
2020-02-13,24.2499,24.3261,24.1144,24.298,26301565.0,1.0,0.0
2020-02-14,24.0175,24.077,23.8518,24.0152,11243492.0,1.0,0.0
2020-02-18,24.4723,24.501,24.2699,24.3951,13667275.0,1.0,0.0
2020-02-19,24.5928,24.8029,24.4,24.4033,5083610.0,1.0,0.0
2020-02-20,24.0401,24.7483,23.9859,24.6599,10080795.0,1.0,0.0
2020-02-21,25.1559,25.3281,24.9309,25.0809,28019850.0,1.0,0.0
2020-02-24,24.4504,24.5921,24.4312,24.4365,48137505.0,1.0,0.0
2020-02-25,24.806,25.2048,24.6789,25.0319,41380384.0,1.0,0.0
2020-02-26,25.1422,25.1447,24.5967,24.7457,21266764.0,1.0,0.0
2020-02-27,25.4472,25.5326,25.0578,25.2195,19144148.0,1.0,0.0
2020-02-28,24.2738,24.4043,24.1151,24.3164,26522761.0,1.0,0.0
2020-03-02,24.4491,24.6505,24.3016,24.3371,16870058.0,1.0,0.0
2020-03-03,24.127,24.2044,23.7196,23.9677,22634734.0,1.0,0.0
2020-03-04,23.6881,24.0966,23.2807,23.4373,2407859.0,1.0,0.0
2020-03-05,23.7963,24.4653,23.5527,24.2775,35760682.0,1.0,0.0
2020-03-06,23.6052,23.6105,23.277,23.4275,34377980.0,1.0,0.0
2020-03-09,22.6561,22.8071,22.3886,22.415,39480426.0,1.0,0.0
2020-03-10,22.5608,22.8186,22.2448,22.3845,4763066.0,1.0,0.0
2020-03-11,22.347,22.7751,22.2526,22.6168,11150344.0,1.0,0.0
2020-03-12,22.7568,23.2034,22.6407,23.0626,25325659.0,1.0,0.0
2020-03-13,22.3247,22.3443,21.2644,21.6158,17307000.0,1.0,0.0
2020-03-16,21.3315,21.4307,21.0967,21.293,3465837.0,1.0,0.0
2020-03-17,20.9556,21.5084,20.9479,21.3229,32925739.0,1.0,0.0
2020-03-18,21.8354,22.4967,21.4563,22.369,25168868.0,1.0,0.0
2020-03-19,22.0876,22.9485,22.0397,22.6089,2486839.0,1.0,0.0
2020-03-20,22.6659,23.1201,22.6431,23.1134,18648191.0,1.0,0.0
2020-03-23,23.1855,24.1727,22.9825,23.8439,38224789.0,1.0,0.0
2020-03-24,23.914,24.4137,23.8843,24.3367,18000121.0,1.0,0.0
2020-03-25,24.5264,24.5374,24.179,24.2658,23989391.0,1.0,0.0
2020-03-26,24.186,24.666,23.9591,23.967,44606142.0,1.0,0.0
2020-03-27,23.6381,23.9803,23.3279,23.4511,21852555.0,1.0,0.0
2020-03-30,23.1778,23.9877,22.9561,23.711,34942886.0,1.0,0.0
2020-03-31,24.2102,24.3352,23.8767,24.1074,37487359.0,1.0,0.0
2020-04-01,24.362,25.136,24.312,25.0332,27798514.0,1.0,0.0
2020-04-02,25.1148,25.1579,24.5358,24.5613,20187709.0,1.0,0.0
2020-04-03,22.4,23.1003,22.3304,23.0923,22462548.0,1.0,0.0
2020-04-06,21.8023,21.9691,21.0424,21.1679,16250234.0,1.0,0.0
2020-04-07,21.67,22.2397,21.6037,22.141,9656345.0,1.0,0.0
2020-04-08,21.273,21.4455,21.1042,21.2942,21282471.0,1.0,0.0
2020-04-09,21.1515,21.1634,20.3791,20.4474,32675475.0,1.0,0.0
2020-04-13,20.0339,21.1726,19.9484,21.1287,39132312.0,1.0,0.0
2020-04-14,25.9204,26.8869,25.7777,26.3584,20082958.0,1.0,0.0
2020-04-15,27.9169,28.2079,27.6445,28.1293,42040404.0,1.0,0.0
2020-04-16,30.5424,31.5807,30.3718,31.5335,28396915.0,1.0,0.0
2020-04-17,31.5482,31.8432,31.3084,31.5755,44473593.0,1.0,0.0
2020-04-20,31.5069,31.5547,31.503,31.5294,14352323.0,1.0,0.0
2020-04-21,30.9134,31.0731,30.4008,30.5202,18022092.0,1.0,0.0
2020-04-22,31.3204,31.5928,30.943,31.217,29637092.0,1.0,0.0
2020-04-23,31.1994,31.496,30.922,31.3903,29418412.0,1.0,0.0
2020-04-24,30.77,31.4252,30.4391,31.1748,9925176.0,1.0,0.0
2020-04-27,34.0187,34.332,33.7893,33.9648,27330134.0,1.0,0.0
2020-04-28,36.4907,37.429,36.2356,37.027,28985204.0,1.0,0.0
2020-04-29,35.6453,35.969,35.4181,35.7376,4033040.0,1.0,0.0
2020-04-30,37.0594,37.198,36.1912,36.2565,13994025.0,1.0,0.0
2020-05-01,35.4917,36.4801,35.2941,36.3696,33240687.0,1.0,0.0
2020-05-04,35.8155,36.0904,34.7088,34.9842,6044471.0,1.0,0.0
2020-05-05,36.6861,37.3115,36.4872,37.2434,12670024.0,1.0,0.0
2020-05-06,37.46,38.0027,37.4595,37.9904,11386367.0,1.0,0.0
2020-05-07,39.0974,39.1284,38.0873,38.2263,18607767.0,1.0,0.0
2020-05-08,38.738,39.019,38.3019,38.3952,44093492.0,1.0,0.0
2020-05-11,42.7855,44.5637,42.7255,44.0727,28550784.0,1.0,0.0
2020-05-12,41.2538,41.4459,40.9851,41.1026,30944792.0,1.0,0.0
2020-05-13,43.7826,44.1652,42.9793,43.3258,6153205.0,1.0,0.0
2020-05-14,45.2968,45.6362,44.5504,44.7559,27408962.0,1.0,0.0
2020-05-15,44.3839,44.7692,43.9639,44.0737,23232299.0,1.0,0.0
2020-05-18,39.9393,40.5391,39.8238,40.2002,24214454.0,1.0,0.0
2020-05-19,37.6008,37.963,37.386,37.7468,33584716.0,1.0,0.0
2020-05-20,35.87,36.3908,34.5669,34.7539,38853049.0,1.0,0.0
2020-05-21,32.7521,32.9533,32.6444,32.6971,31358784.0,1.0,0.0
2020-05-22,29.8711,29.947,29.6309,29.7211,12945911.0,1.0,0.0
2020-05-26,30.7064,30.7416,29.7197,30.0071,45655609.0,1.0,0.0
2020-05-27,29.7258,29.8563,28.968,29.3568,25966455.0,1.0,0.0
2020-05-28,31.96,32.0884,31.34,31.3884,36725347.0,1.0,0.0
2020-05-29,32.1582,32.2837,30.3584,30.9765,38853325.0,1.0,0.0
2020-06-01,31.0622,31.9314,30.6374,31.9268,15093033.0,1.0,0.0
2020-06-02,31.1125,31.7959,30.9808,31.6518,40004751.0,1.0,0.0
2020-06-03,28.5311,28.616,28.4355,28.5451,16983149.0,1.0,0.0
2020-06-04,28.6063,29.1432,28.4505,28.9827,29303117.0,1.0,0.0
2020-06-05,31.0085,32.0849,30.784,31.5107,26982599.0,1.0,0.0
2020-06-08,33.2626,33.9593,32.9626,33.8812,8426141.0,1.0,0.0
2020-06-09,35.2319,35.4591,34.719,35.4042,43927969.0,1.0,0.0
2020-06-10,34.5806,34.7983,33.4796,33.5009,46988756.0,1.0,0.0
2020-06-11,29.4388,30.0216,29.1811,29.8115,31148329.0,1.0,0.0
2020-06-12,30.5899,31.0031,30.178,30.7035,29840464.0,1.0,0.0
2020-06-15,29.3766,30.6116,29.2186,30.5513,40128948.0,1.0,0.0
2020-06-16,31.9519,31.9663,31.4753,31.5634,38321268.0,1.0,0.0
2020-06-17,32.6653,32.8212,30.7327,31.1681,33856249.0,1.0,0.0
2020-06-18,34.6825,35.3457,34.4334,35.1222,24237180.0,1.0,0.0
2020-06-19,35.7286,36.4028,35.6479,36.0375,5182515.0,1.0,0.0
2020-06-22,37.5425,38.5797,37.1212,38.5125,28333960.0,1.0,0.0
2020-06-23,39.8093,39.9701,37.5696,37.7983,17927606.0,1.0,0.0
2020-06-24,36.0984,36.2137,35.7925,35.8098,4099918.0,1.0,0.0
2020-06-25,36.5148,36.8836,35.7067,36.1166,4591702.0,1.0,0.0
2020-06-26,37.4991,37.6715,37.1462,37.1963,20888688.0,1.0,0.0
2020-06-29,37.4732,38.4489,37.3672,38.0225,22191410.0,1.0,0.0
2020-06-30,38.5206,39.1358,38.3613,38.9046,40597603.0,1.0,0.0
2020-07-01,38.0375,38.1396,37.1624,37.5271,13758003.0,1.0,0.0
2020-07-02,38.8925,40.2174,38.8743,39.8097,46148133.0,1.0,0.0
2020-07-06,38.6012,39.192,38.563,38.927,39891129.0,1.0,0.0
2020-07-07,39.459,39.7918,39.4437,39.603,36481384.0,1.0,0.0
2020-07-08,38.861,39.4295,38.4979,39.2531,30743269.0,1.0,0.0
2020-07-09,39.5714,40.9086,39.5636,40.2272,21932357.0,1.0,0.0
2020-07-10,40.009,40.6376,39.6743,40.3919,40813261.0,1.0,0.0
2020-07-13,44.8839,45.1557,43.7316,43.8775,14876724.0,1.0,0.0
2020-07-14,43.1609,43.5333,42.7726,43.0233,19982700.0,1.0,0.0
2020-07-15,42.8585,43.1487,42.4398,42.4767,30598491.0,1.0,0.0
2020-07-16,41.0824,42.1847,40.8505,42.1075,17100467.0,1.0,0.0
2020-07-17,39.842,39.9073,38.7754,39.1837,22923281.0,1.0,0.0
2020-07-20,37.1991,37.6606,36.7563,37.1129,21037831.0,1.0,0.0
2020-07-21,38.5963,39.0185,38.3505,38.6328,27060557.0,1.0,0.0
2020-07-22,38.4493,39.3615,38.1995,39.1762,49350699.0,1.0,0.0
2020-07-23,40.8407,40.9978,40.363,40.3736,10860534.0,1.0,0.0
2020-07-24,39.0715,39.6831,38.8699,39.4498,4103631.0,1.0,0.0
2020-07-27,42.9509,43.1532,42.5331,42.6937,46683326.0,1.0,0.0
2020-07-28,43.4546,44.8592,43.4148,44.3848,9609863.0,1.0,0.0
2020-07-29,41.1788,41.6825,40.8938,41.5515,34162586.0,1.0,0.0
2020-07-30,44.9367,46.151,44.3865,46.0362,47769912.0,1.0,0.0
2020-07-31,43.3962,44.0099,43.1434,43.5259,45760535.0,1.0,0.0
2020-08-03,47.0531,48.2459,47.0129,47.8989,35223793.0,1.0,0.0
2020-08-04,47.2871,49.053,47.1145,48.5389,15274137.0,1.0,0.0
2020-08-05,48.2702,49.495,47.708,49.388,12895112.0,1.0,0.0
2020-08-06,49.1515,49.6473,48.2846,48.7614,5946753.0,1.0,0.0
2020-08-07,49.2001,49.3822,49.063,49.223,28794847.0,1.0,0.0
2020-08-10,50.5261,50.6727,50.1093,50.2079,35586405.0,1.0,0.0
2020-08-11,51.0843,51.2736,48.9625,49.141,30206278.0,1.0,0.0
2020-08-12,51.2274,51.9021,51.0565,51.4934,37853493.0,1.0,0.0
2020-08-13,50.4851,50.608,49.9813,50.1951,30249494.0,1.0,0.0
2020-08-14,50.3148,50.4219,49.5034,49.8917,34367151.0,1.0,0.0
2020-08-17,46.6871,47.7702,46.338,46.9642,4113059.0,1.0,0.0
2020-08-18,48.5768,50.0816,48.4428,49.4836,30685440.0,1.0,0.0
2020-08-19,51.4825,51.5418,49.0821,49.5953,17253519.0,1.0,0.0
2020-08-20,48.3734,49.8389,48.1117,48.9155,9794077.0,1.0,0.0
2020-08-21,49.1497,49.5305,48.7507,49.0411,36977439.0,1.0,0.0
2020-08-24,47.5958,48.6221,47.3997,48.5964,18091181.0,1.0,0.0
2020-08-25,49.7539,50.1057,49.2113,49.5046,19922692.0,1.0,0.0
2020-08-26,50.7971,51.877,50.4111,51.3622,28920397.0,1.0,0.0
2020-08-27,50.8281,51.0311,50.7373,50.8551,17724374.0,1.0,0.0
2020-08-28,50.4366,50.6097,50.0935,50.0981,43439860.0,1.0,0.0
2020-08-31,51.0559,51.3643,50.4628,50.5128,43608480.0,1.0,0.0
2020-09-01,53.7728,54.2299,53.6638,53.9683,5039512.0,1.0,0.0
2020-09-02,55.244,56.0694,53.9245,54.2383,23604633.0,1.0,0.0
2020-09-03,55.074,58.1371,55.0345,58.0377,38931628.0,1.0,0.0
2020-09-04,54.9837,55.3176,53.869,54.1325,29947382.0,1.0,0.0
2020-09-08,54.3406,54.5407,52.8253,53.2541,7918697.0,1.0,0.0
2020-09-09,50.5628,50.7841,50.1252,50.2999,46355703.0,1.0,0.0
2020-09-10,52.0285,52.5355,50.3692,50.3749,23929791.0,1.0,0.0
2020-09-11,47.9408,48.115,47.7442,47.9385,12858275.0,1.0,0.0
2020-09-14,47.6422,48.5076,47.3201,48.3867,13769158.0,1.0,0.0
2020-09-15,51.3552,51.8032,49.7519,50.0086,21638582.0,1.0,0.0
2020-09-16,50.7768,51.0052,50.2018,50.2706,26893767.0,1.0,0.0
2020-09-17,48.1602,49.5611,48.0953,49.2648,28382415.0,1.0,0.0
2020-09-18,48.6231,48.6374,47.3835,47.5402,22837891.0,1.0,0.0
2020-09-21,44.5634,45.454,44.3901,45.4089,27749373.0,1.0,0.0
2020-09-22,45.3537,46.2554,45.1082,45.9908,3673585.0,1.0,0.0
2020-09-23,44.1679,44.4066,42.8929,43.052,29596834.0,1.0,0.0
2020-09-24,42.9445,43.3331,42.6824,42.7846,23726030.0,1.0,0.0
2020-09-25,43.8249,43.8357,42.8146,43.3585,7841360.0,1.0,0.0
2020-09-28,43.3032,43.9286,43.2698,43.7174,15388717.0,1.0,0.0
2020-09-29,44.2852,44.5689,43.3001,43.3784,45538099.0,1.0,0.0
2020-09-30,44.6676,46.3943,44.0864,45.5042,39907958.0,1.0,0.0
2020-10-01,44.9951,45.0197,44.0552,44.0611,48101664.0,1.0,0.0
2020-10-02,40.2772,40.3466,39.5213,40.1554,35146703.0,1.0,0.0
2020-10-05,39.2152,40.4301,39.1719,40.1158,16300737.0,1.0,0.0
2020-10-06,40.7147,40.8063,39.3398,40.106,28405955.0,1.0,0.0
2020-10-07,41.0507,41.7841,41.0319,41.6472,48663619.0,1.0,0.0
2020-10-08,40.402,41.653,40.2584,41.4185,30133260.0,1.0,0.0
2020-10-09,43.7829,43.9484,41.8042,42.5728,38312637.0,1.0,0.0
2020-10-12,41.8164,41.9114,41.3595,41.6092,36045286.0,1.0,0.0
2020-10-13,41.7282,41.7642,41.3914,41.5506,25764999.0,1.0,0.0
2020-10-14,40.948,41.0428,40.3112,40.8635,33832987.0,1.0,0.0
2020-10-15,43.8596,44.3347,42.1559,42.4749,2763683.0,1.0,0.0
2020-10-16,40.2226,40.8031,39.6978,40.0811,13403096.0,1.0,0.0
2020-10-19,41.8356,42.5078,41.4534,42.0742,22641366.0,1.0,0.0
2020-10-20,42.7387,42.8809,41.8008,42.2339,37560771.0,1.0,0.0
2020-10-21,40.1603,40.6323,39.9907,40.4995,14869952.0,1.0,0.0
2020-10-22,39.7873,40.9203,39.5629,40.3595,32987405.0,1.0,0.0
2020-10-23,39.6344,39.7251,37.967,38.0458,2182832.0,1.0,0.0
2020-10-26,38.6962,38.7197,38.2359,38.576,47643437.0,1.0,0.0
2020-10-27,37.5536,37.9221,37.2273,37.7556,42063283.0,1.0,0.0
2020-10-28,38.987,39.805,38.8665,39.6236,2134873.0,1.0,0.0
2020-10-29,41.4115,41.428,40.9182,41.1751,40276053.0,1.0,0.0
2020-10-30,41.294,41.9428,41.2769,41.432,29407708.0,1.0,0.0
2020-11-02,42.1456,42.5607,41.5506,41.807,12126484.0,1.0,0.0
2020-11-03,41.0298,41.4458,39.5711,39.7658,25060827.0,1.0,0.0
2020-11-04,38.9609,39.9879,38.9001,39.8305,1016305.0,1.0,0.0
2020-11-05,40.6992,41.0684,40.6867,40.7509,37809348.0,1.0,0.0
2020-11-06,40.3595,40.4878,40.0756,40.3942,16083446.0,1.0,0.0
2020-11-09,38.3908,38.4376,38.1167,38.1681,33922793.0,1.0,0.0
2020-11-10,39.114,39.2186,38.7671,38.8707,46757710.0,1.0,0.0
2020-11-11,40.0055,40.5385,39.3481,39.446,6676821.0,1.0,0.0
2020-11-12,40.0054,41.3758,39.7916,41.2825,13433805.0,1.0,0.0
2020-11-13,41.1858,41.528,40.7764,41.4636,13912145.0,1.0,0.0
2020-11-16,40.8994,41.5326,40.8513,41.2867,42588257.0,1.0,0.0
2020-11-17,39.721,41.1088,39.365,41.0793,2639830.0,1.0,0.0
2020-11-18,42.9677,43.1536,42.7475,43.1274,11793620.0,1.0,0.0
2020-11-19,43.0848,43.4514,41.6469,41.8145,45264804.0,1.0,0.0
2020-11-20,40.5021,40.5635,39.4503,39.8932,23510760.0,1.0,0.0
2020-11-23,38.7784,39.088,37.9826,38.5274,38699117.0,1.0,0.0
2020-11-24,37.7879,37.9693,37.7705,37.7946,7330367.0,1.0,0.0
2020-11-25,37.452,38.1348,37.4394,37.5089,10234262.0,1.0,0.0
2020-11-27,39.1828,39.4471,38.5545,38.7056,36916459.0,1.0,0.0
2020-11-30,39.141,39.536,38.9899,39.4934,8440973.0,1.0,0.0
2020-12-01,38.7188,38.7852,38.1851,38.3345,38367840.0,1.0,0.0
2020-12-02,37.1811,37.6268,37.0563,37.6205,35065044.0,1.0,0.0
2020-12-03,37.6599,38.4219,37.5032,38.1532,7717975.0,1.0,0.0
2020-12-04,38.3216,38.3491,37.4842,37.6733,48019439.0,1.0,0.0
2020-12-07,41.3903,42.1622,41.0792,41.7624,33378160.0,1.0,0.0
2020-12-08,41.7338,41.886,40.9055,41.1671,1914571.0,1.0,0.0
2020-12-09,41.1708,41.2826,40.7953,41.1222,48886056.0,1.0,0.0
2020-12-10,40.743,41.1733,40.7074,41.0016,43087345.0,1.0,0.0
2020-12-11,39.6474,39.6681,38.6479,39.3379,24110678.0,1.0,0.0
2020-12-14,38.5966,38.9658,38.585,38.8723,36919339.0,1.0,0.0
2020-12-15,37.6686,38.4071,37.3363,38.0243,32861447.0,1.0,0.0
2020-12-16,37.8103,38.169,37.0203,37.0699,30097966.0,1.0,0.0
2020-12-17,36.7996,37.074,36.6896,36.9079,49204691.0,1.0,0.0
2020-12-18,37.7675,38.4593,37.6084,38.2631,10694223.0,1.0,0.0
2020-12-21,37.7005,37.8121,36.9655,37.2693,39003884.0,1.0,0.0
2020-12-22,36.5881,36.5891,36.2653,36.3518,42420026.0,1.0,0.0
2020-12-23,35.8056,36.3372,35.7026,35.9354,34513362.0,1.0,0.0
2020-12-24,35.3449,36.402,34.9529,36.1263,25800379.0,1.0,0.0
2020-12-28,36.3806,36.6702,36.3007,36.5935,24443884.0,1.0,0.0
2020-12-29,36.5172,36.5806,35.3987,35.5127,4925031.0,1.0,0.0
2020-12-30,35.5726,35.8827,35.425,35.466,37688497.0,1.0,0.0
2020-12-31,34.4445,35.9435,34.2307,35.914,32308233.0,1.0,0.0
2021-01-04,36.0777,36.2518,35.6357,35.6672,5257151.0,1.0,0.0
2021-01-05,35.5758,35.7603,34.6698,34.9375,22434304.0,1.0,0.0
2021-01-06,35.1486,35.2904,34.9943,35.283,46732991.0,1.0,0.0
2021-01-07,35.515,35.7464,34.7015,34.8099,39901226.0,1.0,0.0
2021-01-08,34.5343,34.6508,33.685,33.8144,11222801.0,1.0,0.0
2021-01-11,34.7884,34.9786,34.6136,34.6284,43557530.0,1.0,0.0
2021-01-12,34.2157,34.4232,33.8498,34.4169,7418210.0,1.0,0.0
2021-01-13,34.7169,35.5491,34.5105,35.1638,27702251.0,1.0,0.0
2021-01-14,35.0493,36.0581,35.0378,36.0414,18543922.0,1.0,0.0
2021-01-15,35.8586,36.1974,33.7231,34.4808,15776686.0,1.0,0.0
2021-01-19,34.0727,34.6182,33.6035,34.5957,19334157.0,1.0,0.0
2021-01-20,35.0611,35.4997,34.7602,35.1141,35336759.0,1.0,0.0
2021-01-21,34.8193,35.0072,33.8734,34.0156,10254245.0,1.0,0.0
2021-01-22,33.9139,34.0689,32.5527,32.6488,19039044.0,1.0,0.0
2021-01-25,32.3992,32.5523,32.1877,32.1919,3217401.0,1.0,0.0
2021-01-26,34.5835,35.0117,34.3207,34.4662,10730481.0,1.0,0.0
2021-01-27,33.9631,34.0119,33.7068,33.8556,18435292.0,1.0,0.0
2021-01-28,34.4914,35.2227,34.1291,35.0883,44856882.0,1.0,0.0
2021-01-29,33.4474,34.203,33.364,34.1385,28559670.0,1.0,0.0
2021-02-01,33.6628,33.9233,33.35,33.5295,8188716.0,1.0,0.0
2021-02-02,33.7842,34.0855,33.0274,33.0519,45327350.0,1.0,0.0
2021-02-03,32.6053,33.5193,32.2193,33.1943,20233158.0,1.0,0.0
2021-02-04,33.6501,34.8645,33.3605,34.667,15555519.0,1.0,0.0
2021-02-05,34.4309,35.42,34.3852,35.4031,49780004.0,1.0,0.0
2021-02-08,34.581,34.6406,34.0151,34.0244,31887261.0,1.0,0.0
2021-02-09,34.8773,34.9784,34.7895,34.8292,10545274.0,1.0,0.0
2021-02-10,34.0279,34.5198,33.7316,34.4753,13233182.0,1.0,0.0
2021-02-11,34.6538,35.6372,34.4548,35.4182,49566964.0,1.0,0.0
2021-02-12,35.1071,35.1151,34.3667,34.4347,37547348.0,1.0,0.0
2021-02-16,35.5508,36.0059,35.3163,35.8059,2433802.0,1.0,0.0
2021-02-17,36.5011,36.9274,36.4659,36.8251,19145346.0,1.0,0.0
2021-02-18,36.3103,38.0615,35.8868,37.7785,4541399.0,1.0,0.0
2021-02-19,37.9404,38.2776,37.6806,38.1825,24701186.0,1.0,0.0
2021-02-22,38.1396,38.1773,36.5248,37.2077,34957126.0,1.0,0.0
2021-02-23,37.0928,37.5084,36.6909,37.4312,40692372.0,1.0,0.0
2021-02-24,37.5678,38.0864,37.5503,37.9902,16019063.0,1.0,0.0
2021-02-25,37.954,38.8908,37.8623,38.7596,19958582.0,1.0,0.0
2021-02-26,38.0804,38.2105,37.7664,38.1091,44823576.0,1.0,0.0
2021-03-01,38.8481,39.8094,38.7983,39.4733,32438174.0,1.0,0.0
2021-03-02,39.2242,39.2776,38.3201,38.3718,8350026.0,1.0,0.0
2021-03-03,38.3146,38.433,37.9796,38.1881,46708510.0,1.0,0.0
2021-03-04,38.2298,38.638,38.0138,38.6236,29497949.0,1.0,0.0
2021-03-05,38.673,38.8991,37.7795,37.9354,12986556.0,1.0,0.0
2021-03-08,37.2842,37.7743,37.0858,37.3959,29474136.0,1.0,0.0
2021-03-09,36.9806,37.8101,36.9382,37.6021,28487046.0,1.0,0.0
2021-03-10,37.8988,38.1969,37.4646,37.7438,26978573.0,1.0,0.0
2021-03-11,36.3689,36.8665,35.674,35.9031,15348806.0,1.0,0.0
2021-03-12,37.0958,37.7911,36.9014,37.728,47465839.0,1.0,0.0
2021-03-15,37.9987,38.014,37.4133,37.4404,3089716.0,1.0,0.0
2021-03-16,37.996,38.3665,37.6488,38.0023,17890707.0,1.0,0.0
2021-03-17,37.727,37.7914,37.6698,37.7316,29699819.0,1.0,0.0
2021-03-18,36.9722,37.5545,36.7593,37.1322,1463304.0,1.0,0.0
2021-03-19,37.0941,37.3889,36.0427,36.1085,17179485.0,1.0,0.0
2021-03-22,36.8916,37.1824,36.6903,37.0026,22486562.0,1.0,0.0
2021-03-23,37.0492,38.4196,36.8983,38.0531,29653215.0,1.0,0.0
2021-03-24,37.7497,38.009,37.6766,37.9917,14153703.0,1.0,0.0
2021-03-25,38.2118,38.2144,36.9769,37.001,29249409.0,1.0,0.0
2021-03-26,36.6071,36.6903,36.0226,36.2329,26162295.0,1.0,0.0
2021-03-29,36.5557,36.924,34.4895,34.698,47638046.0,1.0,0.0
2021-03-30,34.9686,35.5194,34.589,34.8707,16186202.0,1.0,0.0
2021-03-31,33.7926,34.6537,33.3766,34.3203,40469309.0,1.0,0.0
2021-04-01,34.3117,34.5916,34.2123,34.4084,26757090.0,1.0,0.0
2021-04-05,34.3617,34.4514,33.6531,33.7671,33301171.0,1.0,0.0
2021-04-06,34.0724,34.1845,33.3143,33.566,28569240.0,1.0,0.0
2021-04-07,33.4244,33.47,32.4698,32.6061,29126986.0,1.0,0.0
2021-04-08,32.8613,33.1643,32.8147,33.1097,16637384.0,1.0,0.0
2021-04-09,33.175,33.678,32.2629,32.3748,39223693.0,1.0,0.0
2021-04-12,32.3759,33.1278,32.2824,32.9364,18099337.0,1.0,0.0
2021-04-13,32.5025,32.5551,31.7505,31.9679,43949626.0,1.0,0.0
2021-04-14,32.6152,33.0197,32.5301,32.9872,17750272.0,1.0,0.0
2021-04-15,33.2236,34.2544,33.2071,34.0211,35418860.0,1.0,0.0
2021-04-16,34.102,34.8348,33.6333,34.8283,4229084.0,1.0,0.0
2021-04-19,34.5361,35.5774,34.431,35.4894,21573629.0,1.0,0.0
2021-04-20,35.1311,35.3376,35.1228,35.2763,25862398.0,1.0,0.0
2021-04-21,34.9083,35.1036,34.0015,34.1898,49940083.0,1.0,0.0
2021-04-22,35.2754,36.2039,34.7469,35.7205,28332736.0,1.0,0.0
2021-04-23,36.3078,37.1104,36.0264,37.0682,6593647.0,1.0,0.0
2021-04-26,37.1604,37.1816,35.8649,36.0937,36201919.0,1.0,0.0
2021-04-27,36.1022,36.2149,35.6584,35.7907,28638495.0,1.0,0.0
2021-04-28,35.729,35.9769,35.4543,35.5354,20527353.0,1.0,0.0
2021-04-29,35.8931,36.0002,35.3009,35.3619,3257994.0,1.0,0.0
2021-04-30,35.3098,35.68,34.7895,35.6083,5619720.0,1.0,0.0
2021-05-03,37.314,37.668,37.1293,37.4631,42962165.0,1.0,0.0
2021-05-04,36.6297,36.6853,36.2054,36.6426,26417118.0,1.0,0.0
2021-05-05,37.5132,38.1847,37.4922,38.1452,14871132.0,1.0,0.0
2021-05-06,38.2917,38.5365,37.5228,37.6379,40105993.0,1.0,0.0
2021-05-07,37.9158,38.1631,37.2315,37.4086,11375983.0,1.0,0.0
2021-05-10,38.2238,38.639,37.9055,38.1988,29496638.0,1.0,0.0
2021-05-11,38.1832,38.4673,37.7094,37.8175,13832943.0,1.0,0.0
2021-05-12,39.236,41.6632,38.7712,41.657,15315843.0,1.0,0.0
2021-05-13,40.9696,41.4159,40.624,40.8054,28461757.0,1.0,0.0
2021-05-14,41.035,41.3027,39.9556,40.2184,46411800.0,1.0,0.0
2021-05-17,42.3069,43.3567,41.6356,42.9071,2448842.0,1.0,0.0
2021-05-18,43.9101,44.0173,43.0382,43.2496,15943237.0,1.0,0.0
2021-05-19,42.6932,43.3106,42.5287,43.2122,46323077.0,1.0,0.0
2021-05-20,42.3615,44.6427,41.9488,44.3203,38771893.0,1.0,0.0
2021-05-21,43.6638,44.2014,42.5896,42.746,8353085.0,1.0,0.0
2021-05-24,44.0066,44.1011,43.2418,43.4659,19019364.0,1.0,0.0
2021-05-25,43.9368,45.1824,43.9215,45.1267,46800591.0,1.0,0.0
2021-05-26,45.5502,45.7067,44.3816,44.652,35823105.0,1.0,0.0
2021-05-27,43.6846,44.8697,43.2194,44.5646,18999748.0,1.0,0.0
2021-05-28,44.4114,44.7494,44.1453,44.5927,30957400.0,1.0,0.0
2021-06-01,44.7144,45.5927,44.6529,44.8451,17555701.0,1.0,0.0
2021-06-02,44.6455,44.6876,44.0839,44.1389,14618946.0,1.0,0.0
2021-06-03,43.8693,45.5102,43.7141,44.7677,34013950.0,1.0,0.0
2021-06-04,44.4834,45.1864,44.1207,45.0433,15428355.0,1.0,0.0
2021-06-07,45.048,45.1314,42.9699,43.4494,19494599.0,1.0,0.0
2021-06-08,43.3947,43.6339,42.7248,42.8815,46472353.0,1.0,0.0
2021-06-09,42.6415,42.9624,42.4538,42.9093,1556192.0,1.0,0.0
2021-06-10,42.5121,42.8351,42.4019,42.7483,7373846.0,1.0,0.0
2021-06-11,43.6394,44.1699,43.1963,43.6856,2262859.0,1.0,0.0
2021-06-14,45.983,46.2156,43.9254,44.6759,29272809.0,1.0,0.0
2021-06-15,44.4254,45.3506,44.2575,45.2723,20382824.0,1.0,0.0
2021-06-16,44.6819,45.3661,43.5718,43.7503,10386151.0,1.0,0.0
2021-06-17,45.5817,45.7246,45.0166,45.5872,34963349.0,1.0,0.0
2021-06-18,45.7331,46.1368,45.4351,45.5457,28326738.0,1.0,0.0
2021-06-21,45.4673,46.2808,44.953,45.7989,1087186.0,1.0,0.0
2021-06-22,45.8266,46.7781,45.7881,46.3633,24858866.0,1.0,0.0
2021-06-23,43.1223,43.4932,42.9506,43.1295,18956900.0,1.0,0.0
2021-06-24,42.3761,42.8784,42.1648,42.5419,20884387.0,1.0,0.0
2021-06-25,42.2696,42.7569,41.0388,41.2779,34392593.0,1.0,0.0
2021-06-28,38.8462,39.8945,38.6798,39.7161,43971256.0,1.0,0.0
2021-06-29,37.6051,37.8473,36.2302,36.2351,32153081.0,1.0,0.0
2021-06-30,33.7763,34.2486,33.5947,34.2374,37166576.0,1.0,0.0
2021-07-01,35.6139,36.9974,35.4035,36.6845,35851339.0,1.0,0.0
2021-07-02,36.2314,36.4915,36.0307,36.4671,48284909.0,1.0,0.0
2021-07-06,35.5705,35.9772,35.2965,35.8517,11334962.0,1.0,0.0
2021-07-07,37.063,37.7218,36.94,37.4031,11158707.0,1.0,0.0
2021-07-08,39.6456,39.8861,38.6638,38.6983,17460869.0,1.0,0.0
2021-07-09,38.12,38.6747,37.999,38.4591,28233511.0,1.0,0.0
2021-07-12,37.2989,38.7884,37.1226,38.7163,17831847.0,1.0,0.0
2021-07-13,38.5931,38.6829,38.1972,38.356,37087103.0,1.0,0.0
2021-07-14,35.9842,36.1937,35.0697,35.2244,6914384.0,1.0,0.0
2021-07-15,34.3384,34.4238,33.7691,34.1577,29643595.0,1.0,0.0
2021-07-16,32.1406,32.5173,31.7705,32.4321,15478854.0,1.0,0.0
2021-07-19,33.3795,34.8011,33.333,34.7815,22950821.0,1.0,0.0
2021-07-20,35.6993,35.7799,35.2736,35.5309,49842170.0,1.0,0.0
2021-07-21,34.6738,34.7191,34.1337,34.2913,21204706.0,1.0,0.0
2021-07-22,35.21,35.3901,35.0111,35.0819,48135650.0,1.0,0.0
2021-07-23,33.8206,34.5287,33.6048,33.9894,35693789.0,1.0,0.0
2021-07-26,33.9746,34.3756,33.8244,34.3714,17691341.0,1.0,0.0
2021-07-27,33.7786,34.1988,33.4389,33.6896,38548756.0,1.0,0.0
2021-07-28,33.7023,34.3866,33.6668,34.0144,11317466.0,1.0,0.0
2021-07-29,33.0466,33.5744,32.7636,32.7714,16228482.0,1.0,0.0
2021-07-30,27.667,28.2371,27.5058,27.9882,18412134.0,1.0,0.0
2021-08-02,32.3013,32.5285,31.9098,32.077,33879359.0,1.0,0.0
2021-08-03,32.8876,33.2818,32.7917,32.9512,31680855.0,1.0,0.0
2021-08-04,31.8804,32.572,31.6549,32.5135,27495236.0,1.0,0.0
2021-08-05,32.2515,32.9567,32.1341,32.2177,9315927.0,1.0,0.0
2021-08-06,30.0837,30.2384,29.2713,29.3603,1506428.0,1.0,0.0
2021-08-09,28.4809,28.7654,28.372,28.6912,13034965.0,1.0,0.0
2021-08-10,27.7705,27.7893,26.6276,26.9496,7779810.0,1.0,0.0
2021-08-11,27.1827,27.4337,26.8625,27.0768,11620049.0,1.0,0.0
2021-08-12,27.2363,28.1007,27.1054,27.9994,24556834.0,1.0,0.0
2021-08-13,28.9782,29.3941,28.8658,29.3735,21587553.0,1.0,0.0
2021-08-16,29.0909,29.2019,28.7939,28.9512,43261230.0,1.0,0.0
2021-08-17,31.983,32.1593,31.7557,32.0512,28911089.0,1.0,0.0
2021-08-18,31.753,32.756,31.681,32.6695,12040510.0,1.0,0.0
2021-08-19,32.7188,33.1526,32.6253,33.1278,24146178.0,1.0,0.0
2021-08-20,35.9918,37.3046,35.9301,37.0567,48995624.0,1.0,0.0
2021-08-23,36.9995,37.6148,36.8231,37.2569,45211090.0,1.0,0.0
2021-08-24,37.0973,37.479,37.0386,37.1357,28519143.0,1.0,0.0
2021-08-25,36.597,38.0213,36.3786,37.7044,2919887.0,1.0,0.0
2021-08-26,37.001,37.2352,36.3769,36.6264,18955160.0,1.0,0.0
2021-08-27,36.6006,37.1888,34.7691,34.9433,11604700.0,1.0,0.0
2021-08-30,32.24,32.3133,31.8028,31.8873,14632412.0,1.0,0.0
2021-08-31,31.5866,31.9692,31.5278,31.7421,22360472.0,1.0,0.0
2021-09-01,31.8662,31.9181,31.426,31.8786,21681746.0,1.0,0.0
2021-09-02,30.9513,31.2358,30.6418,30.6754,19442201.0,1.0,0.0
2021-09-03,31.6888,32.3063,31.666,32.2141,12783920.0,1.0,0.0
2021-09-07,32.2369,32.3134,31.424,31.8358,8391569.0,1.0,0.0
2021-09-08,33.011,33.2159,32.4436,32.6974,38447702.0,1.0,0.0
2021-09-09,32.3843,32.7099,31.996,32.6592,44943035.0,1.0,0.0
2021-09-10,29.9891,30.1321,29.5903,29.6473,5698025.0,1.0,0.0
2021-09-13,32.2937,32.6868,31.8507,31.9665,29512603.0,1.0,0.0
2021-09-14,31.7779,31.8774,30.9046,31.0217,35731186.0,1.0,0.0
2021-09-15,32.3893,33.4992,32.1544,33.4496,35009517.0,1.0,0.0
2021-09-16,33.125,35.2165,32.9412,34.7376,35253054.0,1.0,0.0
2021-09-17,35.1162,35.272,34.6894,34.9397,22319033.0,1.0,0.0
2021-09-20,34.5286,35.0087,34.4202,34.7186,29596317.0,1.0,0.0
2021-09-21,36.1716,36.5824,35.9567,36.2632,19680689.0,1.0,0.0
2021-09-22,36.0766,36.158,35.4945,35.765,17655151.0,1.0,0.0
2021-09-23,37.9262,39.7953,37.738,39.1968,43370596.0,1.0,0.0
2021-09-24,39.1499,40.8083,38.7038,40.296,18217239.0,1.0,0.0
2021-09-27,38.9674,40.6051,38.6331,40.515,35311159.0,1.0,0.0
2021-09-28,41.2205,41.5673,40.8824,41.0232,48208030.0,1.0,0.0
2021-09-29,41.2914,41.889,41.2359,41.4686,4968361.0,1.0,0.0
2021-09-30,39.0175,39.5705,38.668,39.1497,12161125.0,1.0,0.0
2021-10-01,39.6466,40.2368,38.9603,39.094,36518639.0,1.0,0.0
2021-10-04,37.954,37.9966,36.3348,36.6027,12699122.0,1.0,0.0
2021-10-05,36.5643,36.5842,36.2307,36.2975,19213846.0,1.0,0.0
2021-10-06,36.1766,36.2029,35.5821,35.6138,26518589.0,1.0,0.0
2021-10-07,35.5135,35.6433,34.2652,34.5305,25096509.0,1.0,0.0
2021-10-08,33.6298,33.8641,33.4543,33.5821,45531125.0,1.0,0.0
2021-10-11,33.6642,34.5192,33.4873,34.2869,44476363.0,1.0,0.0
2021-10-12,35.014,35.0612,34.337,34.4789,45985723.0,1.0,0.0
2021-10-13,34.3724,35.1453,34.2083,35.0809,24517273.0,1.0,0.0
2021-10-14,35.5921,36.6669,35.51,36.3707,34211120.0,1.0,0.0
2021-10-15,36.684,37.1739,36.4736,36.9127,25263526.0,1.0,0.0
2021-10-18,34.3844,34.5326,33.9407,34.0709,41272360.0,1.0,0.0
2021-10-19,39.1267,39.407,38.4166,38.4182,48937227.0,1.0,0.0
2021-10-20,37.8582,38.2715,37.3004,37.478,14609445.0,1.0,0.0
2021-10-21,38.2174,38.5914,37.9458,38.5738,21481936.0,1.0,0.0
2021-10-22,39.9476,40.7886,39.7382,39.9906,12352191.0,1.0,0.0
2021-10-25,36.1617,36.8051,35.4338,35.719,5722228.0,1.0,0.0
2021-10-26,34.3513,34.6976,34.0237,34.4699,3327401.0,1.0,0.0
2021-10-27,34.6219,34.7504,34.1334,34.2481,29229410.0,1.0,0.0
2021-10-28,31.8013,31.9826,30.6262,30.81,17178299.0,1.0,0.0
2021-10-29,31.7109,32.0425,31.1926,31.6424,11618624.0,1.0,0.0
2021-11-01,32.9032,34.2885,32.7972,33.6835,49425900.0,1.0,0.0
2021-11-02,33.9223,34.2211,33.2547,33.3378,30463865.0,1.0,0.0
2021-11-03,31.8536,32.1298,30.6345,30.7708,14619981.0,1.0,0.0
2021-11-04,28.6738,29.1778,28.6289,28.8916,22520697.0,1.0,0.0
2021-11-05,31.0811,31.1939,30.0762,30.3191,13159296.0,1.0,0.0
2021-11-08,34.638,35.056,34.385,34.729,2137243.0,1.0,0.0
2021-11-09,32.9073,33.3649,32.8044,33.3042,27511571.0,1.0,0.0
2021-11-10,33.59,34.5874,33.4967,34.0799,28506456.0,1.0,0.0
2021-11-11,33.9007,34.0803,33.068,33.5266,21085281.0,1.0,0.0
2021-11-12,33.4324,33.4618,33.0015,33.1473,21898184.0,1.0,0.0
2021-11-15,33.3691,34.1741,32.3869,32.4494,28341433.0,1.0,0.0
2021-11-16,28.6133,29.0117,28.5311,28.6446,32558458.0,1.0,0.0
2021-11-17,29.3785,30.1121,29.2466,29.9931,23653197.0,1.0,0.0
2021-11-18,34.9882,35.2555,34.6087,35.0756,33643167.0,1.0,0.0
2021-11-19,35.8163,36.0187,35.5324,36.0174,45589870.0,1.0,0.0
2021-11-22,35.8096,36.5348,35.551,36.3769,44940816.0,1.0,0.0
2021-11-23,34.3276,34.4864,33.6672,33.8942,46189521.0,1.0,0.0
2021-11-24,31.3491,32.0831,30.8632,31.9312,4220120.0,1.0,0.0
2021-11-26,28.9745,30.0807,28.9626,30.0505,19215279.0,1.0,0.0
2021-11-29,28.7116,28.9223,27.1096,27.4962,29206829.0,1.0,0.0
2021-11-30,28.3598,28.4856,28.275,28.3818,17355441.0,1.0,0.0
2021-12-01,32.1647,32.9294,31.4107,32.6735,6599899.0,1.0,0.0
2021-12-02,33.5241,33.5851,32.4097,32.7411,31152245.0,1.0,0.0
2021-12-03,32.7019,32.7305,32.4685,32.7065,18078636.0,1.0,0.0
2021-12-06,31.1652,32.3165,30.8172,32.0597,28210701.0,1.0,0.0
2021-12-07,34.2408,34.427,33.7608,34.2645,27319681.0,1.0,0.0
2021-12-08,34.769,35.7146,34.7558,35.3732,43629344.0,1.0,0.0
2021-12-09,32.5378,32.7925,32.2192,32.5918,22504139.0,1.0,0.0
2021-12-10,33.5615,33.6512,33.24,33.3763,42751353.0,1.0,0.0
2021-12-13,33.2719,34.8747,33.2372,34.6454,24976770.0,1.0,0.0
2021-12-14,35.4408,35.577,34.1531,34.2854,6602604.0,1.0,0.0
2021-12-15,32.7459,33.1011,32.5299,32.5306,4708239.0,1.0,0.0
2021-12-16,32.8122,33.3454,32.5399,33.3424,15487581.0,1.0,0.0
2021-12-17,31.9522,32.0047,31.6044,31.994,14694887.0,1.0,0.0
2021-12-20,31.3678,32.4721,31.362,32.1201,24570748.0,1.0,0.0
2021-12-21,33.8681,34.1088,33.1755,33.4067,9833063.0,1.0,0.0
2021-12-22,32.8541,33.1026,31.2535,31.3666,18852949.0,1.0,0.0
2021-12-23,32.8549,33.3762,32.7952,33.2107,9414612.0,1.0,0.0
2021-12-27,32.2013,32.2068,31.7494,32.1034,42184021.0,1.0,0.0
2021-12-28,31.3238,32.0982,31.2902,32.0656,35980490.0,1.0,0.0
2021-12-29,32.1776,32.8828,31.8343,32.7237,9864663.0,1.0,0.0
2021-12-30,33.97,35.2317,33.901,35.0344,11343394.0,1.0,0.0
2021-12-31,35.2954,35.9206,35.0525,35.7805,40208391.0,1.0,0.0
2022-01-03,34.7447,34.9349,34.096,34.3486,28710865.0,1.0,0.0
2022-01-04,34.6782,34.7337,33.7285,34.2504,10798550.0,1.0,0.0
2022-01-05,34.7014,34.959,34.5621,34.5829,33450494.0,1.0,0.0
2022-01-06,35.7361,35.7996,34.5111,34.7453,27948134.0,1.0,0.0
2022-01-07,36.6506,36.8865,36.1562,36.6167,14872472.0,1.0,0.0
2022-01-10,35.3936,36.2196,35.2899,35.9591,12115997.0,1.0,0.0
2022-01-11,36.7704,37.4247,36.343,36.9639,28602586.0,1.0,0.0
2022-01-12,37.3577,37.7587,36.9444,37.2119,6721046.0,1.0,0.0
2022-01-13,36.9487,37.2371,36.7383,36.9897,49251495.0,1.0,0.0
2022-01-14,38.7408,39.4065,38.4182,39.3573,29700389.0,1.0,0.0
2022-01-18,38.8435,39.1155,37.3631,37.686,36742786.0,1.0,0.0
2022-01-19,37.0275,37.6658,36.7989,37.3929,19826674.0,1.0,0.0
2022-01-20,34.2542,34.3681,33.4447,33.5661,11071982.0,1.0,0.0
2022-01-21,34.1313,35.1298,33.4857,34.8845,2542214.0,1.0,0.0
2022-01-24,34.8897,34.9744,34.5908,34.6813,48811221.0,1.0,0.0
2022-01-25,34.2282,34.2979,33.4016,33.4038,36861387.0,1.0,0.0
2022-01-26,32.5561,32.8909,32.251,32.7231,26103640.0,1.0,0.0
2022-01-27,32.6476,33.027,32.6097,32.8816,33299520.0,1.0,0.0
2022-01-28,31.6028,31.8131,30.8442,30.9638,38798162.0,1.0,0.0
2022-01-31,32.5498,32.7985,32.2889,32.5705,39860981.0,1.0,0.0
2022-02-01,32.7463,32.7816,31.9289,32.1171,7333019.0,1.0,0.0
2022-02-02,32.5953,32.6688,32.3453,32.5699,12741819.0,1.0,0.0
2022-02-03,31.292,31.3657,30.2943,30.4809,25755163.0,1.0,0.0
2022-02-04,30.6164,30.7324,30.136,30.5733,35321621.0,1.0,0.0
2022-02-07,29.5261,29.6147,28.3762,28.4078,23019650.0,1.0,0.0
2022-02-08,26.3223,26.8983,26.3163,26.74,13351324.0,1.0,0.0
2022-02-09,25.8909,26.1126,25.3618,25.9464,13764131.0,1.0,0.0
2022-02-10,24.1612,24.2243,23.6636,24.0314,39339692.0,1.0,0.0
2022-02-11,24.2831,24.3511,22.9942,23.1757,30338779.0,1.0,0.0
2022-02-14,24.3783,24.7479,24.0519,24.5454,24864735.0,1.0,0.0
2022-02-15,24.2185,24.477,23.905,24.2634,16020129.0,1.0,0.0
2022-02-16,23.9595,24.1838,23.54,23.8872,49606182.0,1.0,0.0
2022-02-17,23.9147,23.9924,23.718,23.759,39193207.0,1.0,0.0
2022-02-18,23.0381,23.1592,22.9041,23.0614,29460136.0,1.0,0.0
2022-02-22,22.1461,22.5162,22.1316,22.4536,31891168.0,1.0,0.0
2022-02-23,22.6791,22.7334,22.3085,22.4873,22914373.0,1.0,0.0
2022-02-24,22.9324,23.2342,22.8834,23.034,18239982.0,1.0,0.0
2022-02-25,23.5853,23.7946,23.5585,23.6658,42660225.0,1.0,0.0
2022-02-28,23.0334,23.4249,23.0299,23.4247,47917379.0,1.0,0.0
2022-03-01,24.3525,24.7668,24.2022,24.6161,26552635.0,1.0,0.0
2022-03-02,24.9712,25.0156,24.3892,24.5066,35193609.0,1.0,0.0
2022-03-03,24.3858,24.4547,23.987,24.0372,7502205.0,1.0,0.0
2022-03-04,24.1171,24.2942,23.9338,24.1615,24358014.0,1.0,0.0
2022-03-07,24.1007,24.2151,24.0974,24.1268,5614426.0,1.0,0.0
2022-03-08,24.2438,24.828,24.1891,24.7108,6015670.0,1.0,0.0
2022-03-09,24.8044,24.9042,24.4297,24.4759,17880682.0,1.0,0.0
2022-03-10,24.6759,24.8707,24.6492,24.8415,2262999.0,1.0,0.0
2022-03-11,25.059,25.2981,24.5182,24.577,34026278.0,1.0,0.0
2022-03-14,25.3986,25.769,25.3739,25.7107,39359452.0,1.0,0.0
2022-03-15,23.7212,23.9468,23.6104,23.8095,17767042.0,1.0,0.0
2022-03-16,23.4925,24.0893,23.4306,23.6746,33496278.0,1.0,0.0
2022-03-17,21.4586,21.6533,21.2412,21.3665,5573035.0,1.0,0.0
2022-03-18,21.8106,22.6443,21.7923,22.575,31028356.0,1.0,0.0
2022-03-21,22.9451,23.0213,22.3856,22.4074,14060837.0,1.0,0.0
2022-03-22,22.0128,22.8753,21.705,22.6528,36220033.0,1.0,0.0
2022-03-23,23.2628,23.4631,23.1191,23.38,44323809.0,1.0,0.0
2022-03-24,23.6362,23.6873,23.0792,23.3105,25804607.0,1.0,0.0
2022-03-25,22.9391,23.252,22.9201,22.9209,44195447.0,1.0,0.0
2022-03-28,23.1634,23.2869,22.6583,22.6686,44614458.0,1.0,0.0
2022-03-29,22.2855,22.4829,22.2225,22.2967,49947514.0,1.0,0.0
2022-03-30,22.0143,22.1256,21.1844,21.5322,18459460.0,1.0,0.0
2022-03-31,21.376,21.5424,21.355,21.4993,16065815.0,1.0,0.0
2022-04-01,21.8534,22.0498,21.7264,21.9927,18724691.0,1.0,0.0
2022-04-04,21.6875,21.8189,21.6862,21.7273,18906614.0,1.0,0.0
2022-04-05,21.8072,21.9953,21.4498,21.83,7000740.0,1.0,0.0
2022-04-06,21.7114,21.8774,21.616,21.754,14945612.0,1.0,0.0
2022-04-07,21.6725,21.8427,21.4608,21.6872,2926949.0,1.0,0.0
2022-04-08,22.4331,22.8678,22.3579,22.8112,27568700.0,1.0,0.0
2022-04-11,22.7351,22.786,22.5078,22.6076,12856076.0,1.0,0.0
2022-04-12,22.3845,22.5495,22.3154,22.3509,33056339.0,1.0,0.0
2022-04-13,22.8776,24.2398,22.8425,24.1025,28741322.0,1.0,0.0
2022-04-14,24.0995,24.1242,23.731,23.745,26520712.0,1.0,0.0
2022-04-18,23.4619,23.9161,23.4338,23.5776,20621427.0,1.0,0.0
2022-04-19,23.8087,23.916,23.5201,23.5218,23878267.0,1.0,0.0
2022-04-20,22.6896,22.8584,22.6503,22.7365,21209689.0,1.0,0.0
2022-04-21,22.4487,22.976,22.288,22.6579,49000395.0,1.0,0.0
2022-04-22,22.7305,23.7014,22.5773,23.6822,3751572.0,1.0,0.0
2022-04-25,23.5475,23.6409,23.4779,23.5853,4144363.0,1.0,0.0
2022-04-26,23.3161,23.565,23.0341,23.3475,40100374.0,1.0,0.0
2022-04-27,23.3644,23.5812,22.7826,22.8897,49433548.0,1.0,0.0
2022-04-28,22.7745,22.7951,22.2518,22.4042,31992059.0,1.0,0.0
2022-04-29,22.1533,22.9328,21.992,22.6537,46432565.0,1.0,0.0
2022-05-02,21.7308,21.9241,21.2191,21.384,39393703.0,1.0,0.0
2022-05-03,20.8692,21.206,20.8502,21.1183,34360142.0,1.0,0.0
2022-05-04,21.904,22.4436,21.7572,22.3567,21378372.0,1.0,0.0
2022-05-05,22.4659,22.5778,22.0856,22.2297,12117288.0,1.0,0.0
2022-05-06,21.6158,22.4474,21.5473,22.2602,27777310.0,1.0,0.0
2022-05-09,23.0573,23.6256,22.9094,23.5413,28830741.0,1.0,0.0
2022-05-10,23.0322,23.3312,22.3111,22.6299,49299826.0,1.0,0.0
2022-05-11,22.6546,22.6715,22.2517,22.5113,26675714.0,1.0,0.0
2022-05-12,21.5976,21.6971,21.1854,21.2275,22633005.0,1.0,0.0
2022-05-13,20.8046,21.2462,20.5463,21.1363,13026161.0,1.0,0.0
2022-05-16,20.9888,21.0277,20.7034,20.8685,33968980.0,1.0,0.0
2022-05-17,20.8727,21.0239,20.5917,20.8488,22817655.0,1.0,0.0
2022-05-18,21.0128,21.3037,20.9161,21.292,1437674.0,1.0,0.0
2022-05-19,21.3632,21.4894,21.0041,21.1632,21249672.0,1.0,0.0
2022-05-20,20.7796,21.1245,20.7793,21.0071,48510970.0,1.0,0.0
2022-05-23,21.2728,21.8828,21.2211,21.8751,22161680.0,1.0,0.0
2022-05-24,21.6001,21.6599,20.7189,21.1206,33943913.0,1.0,0.0
2022-05-25,20.7786,21.5364,20.5947,21.4632,21077493.0,1.0,0.0
2022-05-26,21.0904,21.246,20.7518,20.9028,45936595.0,1.0,0.0
2022-05-27,20.61,20.716,20.4381,20.4898,15110668.0,1.0,0.0
2022-05-31,20.7118,21.0309,20.464,20.8825,14947319.0,1.0,0.0
2022-06-01,20.3746,20.4459,19.8155,20.1849,17032662.0,1.0,0.0
2022-06-02,20.1282,20.1645,19.6149,19.6266,4657000.0,1.0,0.0
2022-06-03,19.7757,19.8173,19.3338,19.413,49561499.0,1.0,0.0
2022-06-06,20.4006,20.5749,20.3102,20.541,3300533.0,1.0,0.0
2022-06-07,21.082,21.5479,21.0072,21.4965,2771544.0,1.0,0.0
2022-06-08,21.4983,21.5525,20.7875,20.9864,5320839.0,1.0,0.0
2022-06-09,20.7495,20.8275,20.6157,20.757,17147738.0,1.0,0.0
2022-06-10,20.6614,20.7535,19.5977,19.7354,1676920.0,1.0,0.0
2022-06-13,19.1858,19.5915,19.1122,19.4676,49987800.0,1.0,0.0
2022-06-14,19.905,20.5834,19.8944,20.5583,20495563.0,1.0,0.0
2022-06-15,20.7159,20.9903,20.5469,20.9687,28469293.0,1.0,0.0
2022-06-16,20.9164,20.999,20.865,20.8953,27625060.0,1.0,0.0
2022-06-17,20.6424,21.1504,20.6292,21.0082,37548311.0,1.0,0.0
2022-06-21,20.4594,20.525,20.2841,20.5082,5814188.0,1.0,0.0
2022-06-22,20.7643,20.9027,20.3832,20.498,45824514.0,1.0,0.0
2022-06-23,20.4336,20.4729,20.2599,20.3633,24330590.0,1.0,0.0
2022-06-24,20.3188,21.193,20.3137,21.0563,43900954.0,1.0,0.0
2022-06-27,20.9876,21.1755,20.9783,21.0833,43663024.0,1.0,0.0
2022-06-28,20.9125,20.9885,20.7495,20.9804,41545694.0,1.0,0.0
2022-06-29,21.2192,21.2812,21.0842,21.1709,43566018.0,1.0,0.0
2022-06-30,20.9102,21.0129,20.2736,20.4895,14090106.0,1.0,0.0
2022-07-01,20.4545,20.671,20.3618,20.6471,18444621.0,1.0,0.0
2022-07-05,20.5162,20.8624,20.484,20.6663,24817523.0,1.0,0.0
2022-07-06,20.7755,21.2519,20.7592,21.1979,5102018.0,1.0,0.0
2022-07-07,21.1929,21.2729,20.3773,20.4076,8218664.0,1.0,0.0
2022-07-08,20.5395,21.0171,20.4064,20.8363,16032656.0,1.0,0.0
2022-07-11,20.9069,20.9512,20.2497,20.4258,41201984.0,1.0,0.0
2022-07-12,20.5298,20.7114,19.4679,19.4732,33274020.0,1.0,0.0
2022-07-13,19.493,20.1626,19.3003,19.9262,26266700.0,1.0,0.0
2022-07-14,19.5992,20.1078,19.3718,20.0269,28830242.0,1.0,0.0
2022-07-15,19.7364,19.8477,19.4346,19.5438,24014639.0,1.0,0.0
2022-07-18,19.2436,19.3897,19.168,19.2599,41700753.0,1.0,0.0
2022-07-19,19.3315,19.3664,18.5847,18.7206,37654622.0,1.0,0.0
2022-07-20,18.7451,18.819,18.6736,18.7075,6657297.0,1.0,0.0
2022-07-21,18.9427,19.3765,18.9208,19.2454,38759807.0,1.0,0.0
2022-07-22,18.7569,18.8661,18.4681,18.6912,20980195.0,1.0,0.0
2022-07-25,18.3352,18.7399,18.3334,18.4621,25635571.0,1.0,0.0
2022-07-26,18.0786,18.2097,17.8568,17.8886,13371589.0,1.0,0.0
2022-07-27,17.9185,17.9906,17.7707,17.841,21120193.0,1.0,0.0
2022-07-28,18.2567,18.5268,18.2466,18.4637,24189917.0,1.0,0.0
2022-07-29,18.3798,18.5258,17.7454,17.9112,5871914.0,1.0,0.0
2022-08-01,17.7953,17.8759,17.3832,17.4937,34175469.0,1.0,0.0
2022-08-02,17.5121,17.6805,17.1914,17.6442,49941127.0,1.0,0.0
2022-08-03,17.6367,17.6392,17.1466,17.3011,43401181.0,1.0,0.0
2022-08-04,17.5245,17.8999,17.4239,17.6903,13146242.0,1.0,0.0
2022-08-05,17.323,18.0134,17.2198,17.6872,3183228.0,1.0,0.0
2022-08-08,17.667,17.6849,17.4686,17.6454,1601897.0,1.0,0.0
2022-08-09,17.8344,18.0223,17.6329,17.7694,14162953.0,1.0,0.0
2022-08-10,18.0801,18.0968,18.0444,18.0881,4785562.0,1.0,0.0
2022-08-11,18.3547,18.4196,18.2847,18.4071,2413163.0,1.0,0.0
2022-08-12,18.4274,18.4459,17.9783,18.1725,15820675.0,1.0,0.0
2022-08-15,18.1699,18.565,18.0728,18.5337,5951184.0,1.0,0.0
2022-08-16,18.5546,18.8347,18.4274,18.4552,34664943.0,1.0,0.0
2022-08-17,18.2173,18.3985,18.2116,18.3032,14526224.0,1.0,0.0
2022-08-18,18.351,18.5857,17.5805,17.584,17410655.0,1.0,0.0
2022-08-19,17.1599,17.66,16.8578,17.4153,5027000.0,1.0,0.0
2022-08-22,17.2025,17.846,17.1079,17.7867,44383923.0,1.0,0.0
2022-08-23,17.6933,17.7838,16.8528,16.9262,19097849.0,1.0,0.0
2022-08-24,16.865,16.9316,16.3697,16.512,8126664.0,1.0,0.0
2022-08-25,16.2099,16.2215,15.4782,15.5295,25704273.0,1.0,0.0
2022-08-26,15.3294,15.3424,15.1321,15.2087,15026557.0,1.0,0.0
2022-08-29,15.2916,15.5003,15.1747,15.3741,34777874.0,1.0,0.0
2022-08-30,15.42,15.5766,15.1705,15.1806,34662446.0,1.0,0.0
2022-08-31,15.141,15.2114,14.9155,15.0106,20241596.0,1.0,0.0
2022-09-01,15.2334,15.467,15.1784,15.4024,19085798.0,1.0,0.0
2022-09-02,15.1458,15.3769,15.0005,15.2612,8382785.0,1.0,0.0
2022-09-06,15.3632,15.6415,15.3105,15.4798,48096373.0,1.0,0.0
2022-09-07,15.6044,15.6402,15.3202,15.3581,36803802.0,1.0,0.0
2022-09-08,15.2247,15.2933,14.9134,15.0479,42364552.0,1.0,0.0
2022-09-09,15.0789,15.1399,14.8906,14.9426,24339923.0,1.0,0.0
2022-09-12,14.4878,15.1589,14.3652,15.0599,37717580.0,1.0,0.0
2022-09-13,15.0638,15.5054,15.0431,15.3625,42723263.0,1.0,0.0
2022-09-14,15.5308,15.8506,15.5066,15.7061,41814980.0,1.0,0.0
2022-09-15,15.49,15.7013,15.4487,15.6719,25383341.0,1.0,0.0
2022-09-16,14.847,14.9353,14.7797,14.7979,33137073.0,1.0,0.0
2022-09-19,14.8343,14.8948,14.4871,14.5877,9529277.0,1.0,0.0
2022-09-20,14.5902,14.6344,14.2663,14.489,28659131.0,1.0,0.0
2022-09-21,14.4941,14.4972,14.3903,14.4626,12672593.0,1.0,0.0
2022-09-22,14.6762,14.8547,14.4858,14.5862,4825679.0,1.0,0.0
2022-09-23,14.4902,14.8192,14.4651,14.7213,37276852.0,1.0,0.0
2022-09-26,14.7019,14.9734,14.6922,14.9578,32879748.0,1.0,0.0
2022-09-27,15.0118,15.486,14.9761,15.3576,11525429.0,1.0,0.0
2022-09-28,15.6776,15.8493,15.5729,15.7257,46996446.0,1.0,0.0
2022-09-29,15.843,15.9314,15.3813,15.5024,1140372.0,1.0,0.0
2022-09-30,15.3053,15.3059,14.9383,14.9957,10330342.0,1.0,0.0
2022-10-03,15.259,15.2641,15.09,15.2075,31883575.0,1.0,0.0
2022-10-04,15.2612,15.3515,14.9538,15.0493,49695884.0,1.0,0.0
2022-10-05,15.0683,15.0946,14.9861,15.0882,13755454.0,1.0,0.0
2022-10-06,15.2173,15.3054,15.1676,15.2683,41962540.0,1.0,0.0
2022-10-07,15.1528,15.8012,15.0316,15.6529,7688517.0,1.0,0.0
2022-10-10,15.7358,15.7819,15.5116,15.57,22691278.0,1.0,0.0
2022-10-11,15.4085,15.4879,15.1206,15.1331,33808141.0,1.0,0.0
2022-10-12,15.3021,15.8429,15.2422,15.6392,32386792.0,1.0,0.0
2022-10-13,15.2928,15.3137,14.8445,14.8825,26174488.0,1.0,0.0
2022-10-14,14.5484,14.7092,14.3778,14.6188,43043076.0,1.0,0.0
2022-10-17,14.7126,14.7605,14.6342,14.7353,43339980.0,1.0,0.0
2022-10-18,14.7207,14.817,14.4117,14.5242,37478769.0,1.0,0.0
2022-10-19,14.3109,14.5098,14.3103,14.4422,33255430.0,1.0,0.0
2022-10-20,14.474,14.5054,14.071,14.1212,41695283.0,1.0,0.0
2022-10-21,13.9253,13.9368,13.6463,13.7577,11610535.0,1.0,0.0
2022-10-24,13.8879,14.1139,13.8104,13.8298,36545919.0,1.0,0.0
2022-10-25,13.7241,13.8384,13.5033,13.592,46822269.0,1.0,0.0
2022-10-26,13.5092,13.6663,13.4609,13.4815,26290712.0,1.0,0.0
2022-10-27,13.3731,13.4216,13.2575,13.41,34697897.0,1.0,0.0
2022-10-28,13.2552,13.3462,13.2177,13.2558,28020746.0,1.0,0.0
2022-10-31,13.2233,13.2611,13.0543,13.1881,7772531.0,1.0,0.0
2022-11-01,13.0753,13.2845,13.0347,13.2083,23853632.0,1.0,0.0
2022-11-02,13.152,13.2168,12.8166,12.8507,45013277.0,1.0,0.0
2022-11-03,12.8324,13.0875,12.816,13.0064,8858397.0,1.0,0.0
2022-11-04,13.0662,13.1556,12.9845,12.9944,38793339.0,1.0,0.0
2022-11-07,13.2216,13.2785,13.0648,13.2452,2405904.0,1.0,0.0
2022-11-08,13.3093,13.4009,13.2521,13.3217,20949543.0,1.0,0.0
2022-11-09,13.3993,13.4501,13.0797,13.16,24269536.0,1.0,0.0
2022-11-10,13.3016,13.8604,13.2903,13.7264,35894622.0,1.0,0.0
2022-11-11,13.8793,14.0766,13.811,14.0308,37418688.0,1.0,0.0
2022-11-14,14.4244,14.4376,14.2556,14.3742,6541898.0,1.0,0.0
2022-11-15,14.1815,14.2392,14.061,14.0897,4439634.0,1.0,0.0
2022-11-16,14.0609,14.3959,14.01,14.2813,23082400.0,1.0,0.0
2022-11-17,13.708,13.714,13.5531,13.6026,45949914.0,1.0,0.0
2022-11-18,13.5055,13.9329,13.4024,13.7393,4496089.0,1.0,0.0
2022-11-21,13.999,14.0762,13.8882,13.9806,46356854.0,1.0,0.0
2022-11-22,14.0956,14.1822,13.9266,13.9873,19183614.0,1.0,0.0
2022-11-23,14.1129,14.3598,13.907,14.177,30757555.0,1.0,0.0
2022-11-25,14.3602,14.761,14.3429,14.5347,8947493.0,1.0,0.0
2022-11-28,14.6097,15.0568,14.4144,15.0477,9564557.0,1.0,0.0
2022-11-29,15.0693,15.218,15.0069,15.177,18955874.0,1.0,0.0
2022-11-30,15.2317,15.5579,15.122,15.4973,11791714.0,1.0,0.0
2022-12-01,15.4902,15.7531,15.458,15.6994,4914545.0,1.0,0.0
2022-12-02,15.8494,15.8497,15.2942,15.5044,3185575.0,1.0,0.0
2022-12-05,15.5985,15.6679,15.1813,15.2463,38568126.0,1.0,0.0
2022-12-06,15.0093,15.3564,14.9437,15.3518,40589710.0,1.0,0.0
2022-12-07,15.4624,15.756,15.2707,15.6241,8035127.0,1.0,0.0
2022-12-08,15.7791,15.9276,15.122,15.2391,30910957.0,1.0,0.0
2022-12-09,15.2257,15.3187,14.9574,15.145,46275153.0,1.0,0.0
2022-12-12,14.7646,14.768,14.1528,14.3257,37477308.0,1.0,0.0
2022-12-13,14.1659,14.362,14.1535,14.2107,26408990.0,1.0,0.0
2022-12-14,14.2026,14.2134,14.0446,14.1559,48690177.0,1.0,0.0
2022-12-15,14.4434,14.5525,14.3967,14.4405,3693588.0,1.0,0.0
2022-12-16,14.3067,14.3915,14.0392,14.106,37917410.0,1.0,0.0
2022-12-19,13.8211,13.9651,13.6709,13.9189,5766039.0,1.0,0.0
2022-12-20,13.885,13.9063,13.6394,13.7135,3669815.0,1.0,0.0
2022-12-21,13.69,13.7817,13.6484,13.6859,14840814.0,1.0,0.0
2022-12-22,13.5857,13.6829,13.5616,13.6287,16124113.0,1.0,0.0
2022-12-23,13.5919,13.9378,13.5609,13.8191,43659437.0,1.0,0.0
2022-12-27,13.8716,14.0051,13.7724,13.9808,44046282.0,1.0,0.0
2022-12-28,13.8551,14.3192,13.805,14.255,18561765.0,1.0,0.0
2022-12-29,14.3132,14.4524,14.1618,14.2437,26825946.0,1.0,0.0
2022-12-30,14.1861,14.3172,14.1759,14.2825,6017690.0,1.0,0.0
2023-01-03,14.4274,14.4492,14.2773,14.3827,44121039.0,1.0,0.0
2023-01-04,14.131,14.514,13.9426,14.4938,4176146.0,1.0,0.0
2023-01-05,14.4544,14.6981,14.4487,14.602,48264032.0,1.0,0.0
2023-01-06,14.6441,14.7206,14.1561,14.228,33660026.0,1.0,0.0
2023-01-09,14.1864,14.2662,13.9461,14.004,44308827.0,1.0,0.0
2023-01-10,13.7066,13.7463,13.6925,13.6938,41513288.0,1.0,0.0
2023-01-11,13.7208,13.7403,13.5035,13.5398,16976005.0,1.0,0.0
2023-01-12,13.7156,13.9622,13.6935,13.7527,1135673.0,1.0,0.0
2023-01-13,13.6974,13.7208,13.5188,13.5702,36642170.0,1.0,0.0
2023-01-17,13.3563,13.5781,13.2705,13.5561,32970155.0,1.0,0.0
2023-01-18,13.6081,14.0144,13.425,13.9001,45911138.0,1.0,0.0
2023-01-19,14.219,14.3027,13.7543,13.7849,23339512.0,1.0,0.0
2023-01-20,13.6593,13.6879,13.4426,13.4651,48079623.0,1.0,0.0
2023-01-23,13.2666,13.957,13.1845,13.8738,18407967.0,1.0,0.0
2023-01-24,14.2135,14.3414,14.1367,14.2686,12929380.0,1.0,0.0
2023-01-25,14.215,14.2882,13.9953,13.9955,23537769.0,1.0,0.0
2023-01-26,12.7776,12.9704,12.7629,12.8677,16335574.0,1.0,0.0
2023-01-27,13.0167,13.0359,12.7344,12.8033,44684746.0,1.0,0.0
2023-01-30,12.902,13.0163,12.7462,12.799,25592716.0,1.0,0.0
2023-01-31,11.9867,12.4759,11.9137,12.3524,14331578.0,1.0,0.0
2023-02-01,11.9525,12.0499,11.668,11.7036,42409435.0,1.0,0.0
2023-02-02,11.2576,11.3699,10.8757,10.9949,41761043.0,1.0,0.0
2023-02-03,10.7268,10.8163,10.701,10.779,30973677.0,1.0,0.0
2023-02-06,11.0061,11.0382,10.8773,10.8887,28909755.0,1.0,0.0
2023-02-07,10.6425,10.7391,10.5692,10.6562,23129949.0,1.0,0.0
2023-02-08,10.6499,10.8545,10.4687,10.519,42249355.0,1.0,0.0
2023-02-09,10.6714,10.8523,10.5778,10.8311,25061795.0,1.0,0.0
2023-02-10,10.8747,11.226,10.8736,11.1615,9753350.0,1.0,0.0
2023-02-13,10.7857,10.8025,10.5446,10.7001,35928264.0,1.0,0.0
2023-02-14,10.7169,10.7321,10.6426,10.6805,12630106.0,1.0,0.0
2023-02-15,10.4611,10.754,10.4571,10.7257,36760759.0,1.0,0.0
2023-02-16,10.717,10.719,10.6246,10.6566,6369140.0,1.0,0.0
2023-02-17,11.1018,11.1513,10.8505,10.9205,20630049.0,1.0,0.0
2023-02-21,10.2144,10.3999,10.1422,10.3569,28786301.0,1.0,0.0
2023-02-22,10.7503,10.8146,10.4967,10.5846,36588318.0,1.0,0.0
2023-02-23,10.5136,10.854,10.425,10.7857,35655617.0,1.0,0.0
2023-02-24,10.2418,10.2705,10.102,10.1552,34067763.0,1.0,0.0
2023-02-27,10.0128,10.052,9.8751,9.97,33849357.0,1.0,0.0
2023-02-28,9.9499,9.9788,9.5925,9.6759,33986725.0,1.0,0.0
2023-03-01,9.6791,9.7489,9.4882,9.4993,23571220.0,1.0,0.0
2023-03-02,9.9152,10.1182,9.839,9.999,26682107.0,1.0,0.0
2023-03-03,9.7549,10.0177,9.6375,9.9705,12277204.0,1.0,0.0
2023-03-06,9.6789,9.7839,9.4935,9.525,36539733.0,1.0,0.0
2023-03-07,9.4556,9.5152,9.2047,9.2418,12438274.0,1.0,0.0
2023-03-08,9.2856,9.6957,9.2728,9.6122,1262501.0,1.0,0.0
2023-03-09,9.5458,9.7641,9.4461,9.6132,33293823.0,1.0,0.0
2023-03-10,9.8109,9.8605,9.632,9.671,43486391.0,1.0,0.0
2023-03-13,9.789,9.8109,9.7037,9.7331,45673144.0,1.0,0.0
2023-03-14,9.5919,9.6835,9.5019,9.5683,28753950.0,1.0,0.0
2023-03-15,9.4519,9.5107,9.315,9.3336,44552918.0,1.0,0.0
2023-03-16,9.3961,9.4763,9.3432,9.4541,23619743.0,1.0,0.0
2023-03-17,9.5493,9.5624,9.4733,9.4886,37709879.0,1.0,0.0
2023-03-20,9.451,9.686,9.3744,9.6141,48712231.0,1.0,0.0
2023-03-21,9.6455,9.6956,9.4168,9.447,2009486.0,1.0,0.0
2023-03-22,9.2079,9.2536,9.2047,9.2363,30184612.0,1.0,0.0
2023-03-23,9.23,9.421,9.2116,9.3488,44863549.0,1.0,0.0
2023-03-24,9.3078,9.3216,8.8765,8.9331,9451372.0,1.0,0.0
2023-03-27,8.8808,9.0681,8.8798,9.0195,6703131.0,1.0,0.0
2023-03-28,8.7918,8.8231,8.7821,8.8178,27901266.0,1.0,0.0
2023-03-29,8.6353,8.6963,8.5777,8.5789,19509064.0,1.0,0.0
2023-03-30,8.8743,8.9827,8.7894,8.9404,8722357.0,1.0,0.0
2023-03-31,8.7919,8.8353,8.6823,8.6969,46441869.0,1.0,0.0
2023-04-03,8.7573,8.7648,8.5634,8.6401,19224950.0,1.0,0.0
2023-04-04,8.603,8.848,8.5895,8.7715,27536807.0,1.0,0.0
2023-04-05,8.7554,9.0349,8.7045,8.9886,1500137.0,1.0,0.0
2023-04-06,9.0723,9.1995,8.9529,9.0426,14905188.0,1.0,0.0
2023-04-10,8.9238,9.1384,8.8991,9.0662,14473470.0,1.0,0.0
2023-04-11,9.4453,9.5652,9.1438,9.216,20987043.0,1.0,0.0
2023-04-12,9.0825,9.2468,9.0359,9.1899,19919325.0,1.0,0.0
2023-04-13,9.1487,9.1565,8.8246,8.8856,6800742.0,1.0,0.0
2023-04-14,8.8474,9.0439,8.8454,8.9833,48278373.0,1.0,0.0
2023-04-17,8.5701,8.5836,8.4942,8.506,31550960.0,1.0,0.0
2023-04-18,8.496,8.5459,7.9103,7.9521,6740471.0,1.0,0.0
2023-04-19,8.099,8.2455,8.0805,8.1954,42284375.0,1.0,0.0
2023-04-20,7.8601,7.8658,7.7716,7.7938,46045308.0,1.0,0.0
2023-04-21,7.4408,7.5454,7.4239,7.5189,22299262.0,1.0,0.0
2023-04-24,7.8056,7.8926,7.5766,7.6001,42532833.0,1.0,0.0
2023-04-25,7.8015,7.8476,7.594,7.6019,20263272.0,1.0,0.0
2023-04-26,7.6556,8.1847,7.5984,8.1037,34039323.0,1.0,0.0
2023-04-27,8.088,8.1775,7.9421,7.9702,25351977.0,1.0,0.0
2023-04-28,7.8121,7.8843,7.7657,7.844,19091638.0,1.0,0.0
2023-05-01,8.047,8.196,8.0094,8.0996,28208438.0,1.0,0.0
2023-05-02,8.0678,8.1995,7.9735,8.0126,47258557.0,1.0,0.0
2023-05-03,7.8473,7.915,7.6391,7.6438,15766183.0,1.0,0.0
2023-05-04,7.5301,7.5883,7.4339,7.458,13889796.0,1.0,0.0
2023-05-05,6.884,6.9148,6.8477,6.8691,3349288.0,1.0,0.0
2023-05-08,7.4951,7.4993,7.4695,7.4809,40034326.0,1.0,0.0
2023-05-09,7.3378,7.5097,7.3277,7.493,31138608.0,1.0,0.0
2023-05-10,7.7283,7.7548,7.4668,7.5413,23976712.0,1.0,0.0
2023-05-11,7.9339,7.988,7.9008,7.9297,10591591.0,1.0,0.0
2023-05-12,7.836,7.8659,7.6299,7.7047,13934969.0,1.0,0.0
2023-05-15,7.3262,7.3669,7.2307,7.2784,42599526.0,1.0,0.0
2023-05-16,7.9286,7.9775,7.8216,7.8755,42851779.0,1.0,0.0
2023-05-17,7.7107,7.8956,7.6923,7.8609,46078519.0,1.0,0.0
2023-05-18,8.0039,8.0542,7.9644,8.0475,42232989.0,1.0,0.0
2023-05-19,7.8729,8.1512,7.8363,8.125,13070861.0,1.0,0.0
2023-05-22,7.9576,8.084,7.9328,7.9402,23474983.0,1.0,0.0
2023-05-23,7.9259,8.4576,7.9164,8.4262,6809765.0,1.0,0.0
2023-05-24,8.0089,8.0835,7.9806,8.0431,47413210.0,1.0,0.0
2023-05-25,8.9269,8.9334,8.8914,8.928,23295717.0,1.0,0.0
2023-05-26,8.891,8.9893,8.8882,8.976,48859163.0,1.0,0.0
2023-05-30,8.0997,8.3132,8.0424,8.2134,17409173.0,1.0,0.0
2023-05-31,7.9816,8.0908,7.7207,7.8146,4303998.0,1.0,0.0
2023-06-01,7.7287,7.7465,7.6539,7.728,9615071.0,1.0,0.0
2023-06-02,7.4325,7.4341,7.3359,7.368,23104742.0,1.0,0.0
2023-06-05,6.8932,6.9737,6.8045,6.9373,36217515.0,1.0,0.0
2023-06-06,7.0483,7.0828,7.0111,7.0468,33392731.0,1.0,0.0
2023-06-07,7.0625,7.171,6.9289,6.9379,28091697.0,1.0,0.0
2023-06-08,6.7822,6.8188,6.7729,6.7839,6504565.0,1.0,0.0
2023-06-09,6.6304,6.6509,6.4798,6.6465,6629230.0,1.0,0.0
2023-06-12,6.399,6.5316,6.3438,6.5263,19165169.0,1.0,0.0
2023-06-13,6.4525,6.8532,6.4398,6.8315,4417214.0,1.0,0.0
2023-06-14,6.8454,6.8899,6.7351,6.7762,27569389.0,1.0,0.0
2023-06-15,6.5865,6.6683,6.5697,6.6587,11192582.0,1.0,0.0
2023-06-16,6.6298,6.6307,6.4811,6.6144,17697165.0,1.0,0.0
2023-06-20,6.6932,6.7328,6.6119,6.6393,3752496.0,1.0,0.0
2023-06-21,7.1568,7.1995,7.0196,7.0502,5473668.0,1.0,0.0
2023-06-22,7.4709,7.5675,7.4247,7.5141,11939022.0,1.0,0.0
2023-06-23,7.0246,7.1191,6.9969,7.0979,36314514.0,1.0,0.0
2023-06-26,7.0695,7.1267,6.9679,7.1141,29983670.0,1.0,0.0
2023-06-27,7.3058,7.3621,7.2514,7.3389,35175865.0,1.0,0.0
2023-06-28,7.2742,7.417,7.2034,7.3377,46118839.0,1.0,0.0
2023-06-29,7.5842,7.6659,7.5182,7.5995,11994494.0,1.0,0.0
2023-06-30,7.3282,7.3954,7.2368,7.2817,5123705.0,1.0,0.0
2023-07-03,7.2781,7.4997,7.2182,7.4911,24508704.0,1.0,0.0
2023-07-05,7.3332,7.4124,7.201,7.2495,45658765.0,1.0,0.0
2023-07-06,7.4475,7.4489,7.2855,7.2931,4034752.0,1.0,0.0
2023-07-07,7.3069,7.3601,7.1905,7.2254,11910986.0,1.0,0.0
2023-07-10,7.027,7.1689,7.0253,7.1288,22534146.0,1.0,0.0
2023-07-11,7.0275,7.1413,6.9698,7.0973,46517737.0,1.0,0.0
2023-07-12,6.8293,6.9122,6.7111,6.7307,13078409.0,1.0,0.0
2023-07-13,6.9711,6.9773,6.7596,6.8469,39331480.0,1.0,0.0
2023-07-14,6.7488,6.941,6.7307,6.9097,31239821.0,1.0,0.0
2023-07-17,6.6434,7.0242,6.5657,6.9466,9501696.0,1.0,0.0
2023-07-18,6.8199,6.8308,6.7699,6.8118,38160175.0,1.0,0.0
2023-07-19,6.6476,6.7431,6.4829,6.5246,47544837.0,1.0,0.0
2023-07-20,6.4234,6.4416,6.3235,6.3398,37356662.0,1.0,0.0
2023-07-21,6.5312,6.5322,6.4891,6.4955,29135938.0,1.0,0.0
2023-07-24,6.3211,6.3223,6.232,6.2914,20226258.0,1.0,0.0
2023-07-25,6.5088,6.615,6.486,6.5864,11496367.0,1.0,0.0
2023-07-26,6.3971,6.3983,6.34,6.3726,15289045.0,1.0,0.0
2023-07-27,6.2866,6.4574,6.2756,6.4079,28605810.0,1.0,0.0
2023-07-28,5.846,5.9341,5.6707,5.7091,3003896.0,1.0,0.0
2023-07-31,6.063,6.1856,5.9974,6.0888,27569865.0,1.0,0.0
2023-08-01,5.9136,6.0051,5.8603,5.9448,28196203.0,1.0,0.0
2023-08-02,5.6716,5.718,5.6364,5.6621,9924005.0,1.0,0.0
2023-08-03,6.0361,6.0823,5.9055,5.9468,24856578.0,1.0,0.0
2023-08-04,5.8606,5.8937,5.8355,5.8538,34270425.0,1.0,0.0
2023-08-07,5.8214,5.9134,5.6393,5.6825,30918115.0,1.0,0.0
2023-08-08,5.5153,5.6914,5.4972,5.6596,35753540.0,1.0,0.0
2023-08-09,5.3596,5.3732,5.2506,5.2914,30643953.0,1.0,0.0
2023-08-10,5.2264,5.2456,5.115,5.1647,26197161.0,1.0,0.0
2023-08-11,5.1471,5.178,5.0971,5.1735,29058577.0,1.0,0.0
2023-08-14,5.4415,5.4828,5.3978,5.4154,27006855.0,1.0,0.0
2023-08-15,5.6799,5.7525,5.6359,5.7362,25043479.0,1.0,0.0
2023-08-16,5.8643,5.8781,5.7514,5.754,37994363.0,1.0,0.0
2023-08-17,5.8747,5.9032,5.8105,5.8285,43994291.0,1.0,0.0
2023-08-18,5.7093,5.9642,5.6962,5.9014,47521795.0,1.0,0.0
2023-08-21,5.898,5.9172,5.7459,5.7914,24408938.0,1.0,0.0
2023-08-22,5.9071,5.9347,5.8196,5.8491,47710548.0,1.0,0.0
2023-08-23,5.7707,5.7722,5.7688,5.7699,10885211.0,1.0,0.0
2023-08-24,5.8475,5.9105,5.803,5.9024,6470075.0,1.0,0.0
2023-08-25,6.0259,6.0918,5.8466,5.8492,31796575.0,1.0,0.0
2023-08-28,5.9309,5.962,5.9157,5.9586,49744112.0,1.0,0.0
2023-08-29,6.1803,6.235,6.1591,6.1879,20101295.0,1.0,0.0
2023-08-30,6.1887,6.251,6.0404,6.0715,22370659.0,1.0,0.0
2023-08-31,6.216,6.3769,6.1682,6.3339,22816471.0,1.0,0.0
2023-09-01,6.2537,6.5578,6.2294,6.5034,35401888.0,1.0,0.0
2023-09-05,6.3545,6.4903,6.3211,6.4706,11875546.0,1.0,0.0
2023-09-06,6.6122,6.7388,6.5506,6.67,29499207.0,1.0,0.0
2023-09-07,6.9255,7.1079,6.9238,7.0998,37432118.0,1.0,0.0
2023-09-08,7.1449,7.2117,7.0976,7.1254,41549220.0,1.0,0.0
2023-09-11,6.6313,6.6846,6.3805,6.392,18811463.0,1.0,0.0
2023-09-12,6.3772,6.711,6.3556,6.6965,31680788.0,1.0,0.0
2023-09-13,6.4809,6.5096,6.3712,6.3789,14200479.0,1.0,0.0
2023-09-14,6.3715,6.4147,6.1295,6.2233,8286897.0,1.0,0.0
2023-09-15,6.1031,6.2,6.0282,6.1528,43955771.0,1.0,0.0
2023-09-18,6.0908,6.0975,6.0276,6.0515,1044926.0,1.0,0.0
2023-09-19,6.3161,6.3356,6.2844,6.3184,6382754.0,1.0,0.0
2023-09-20,6.3338,6.4256,6.3093,6.4009,18983704.0,1.0,0.0
2023-09-21,6.4488,6.724,6.4257,6.6633,28655249.0,1.0,0.0
2023-09-22,6.5494,6.7732,6.4977,6.7273,6237590.0,1.0,0.0
2023-09-25,6.9752,7.176,6.9443,7.1527,24819612.0,1.0,0.0
2023-09-26,7.5936,7.6503,7.3513,7.3865,49660951.0,1.0,0.0
2023-09-27,7.3119,7.4365,7.2492,7.4247,17142287.0,1.0,0.0
2023-09-28,7.398,7.5191,7.3979,7.4289,49406746.0,1.0,0.0
2023-09-29,7.3739,7.5864,7.3157,7.5859,7107680.0,1.0,0.0
2023-10-02,7.807,7.9245,7.7338,7.8377,35212006.0,1.0,0.0
2023-10-03,8.0776,8.1876,8.0264,8.1565,19844165.0,1.0,0.0
2023-10-04,8.1159,8.1436,8.0229,8.0626,37312615.0,1.0,0.0
2023-10-05,8.0535,8.1301,8.0351,8.1069,8038285.0,1.0,0.0
2023-10-06,7.7144,7.774,7.4212,7.4893,27057614.0,1.0,0.0
2023-10-09,6.8935,6.9191,6.8865,6.915,9931457.0,1.0,0.0
2023-10-10,6.9933,7.1265,6.8761,6.9124,49882035.0,1.0,0.0
2023-10-11,7.4924,7.6143,7.3886,7.5548,7391923.0,1.0,0.0
2023-10-12,7.3729,7.5759,7.3728,7.5177,3770622.0,1.0,0.0
2023-10-13,7.3781,7.4395,7.3367,7.3548,43598912.0,1.0,0.0
2023-10-16,7.4591,7.5961,7.4046,7.5045,33076793.0,1.0,0.0
2023-10-17,7.5138,7.5657,7.3471,7.354,15947000.0,1.0,0.0
2023-10-18,7.2773,7.3806,7.2043,7.2055,11215139.0,1.0,0.0
2023-10-19,7.5575,7.757,7.5163,7.7268,20840926.0,1.0,0.0
2023-10-20,7.8908,7.8947,7.8339,7.8837,40755848.0,1.0,0.0
2023-10-23,7.9983,8.0926,7.8947,7.9412,34038102.0,1.0,0.0
2023-10-24,7.3438,7.3618,7.2696,7.2796,22619201.0,1.0,0.0
2023-10-25,4.3074,4.4136,4.2893,4.3925,26227355.0,1.0,0.0
2023-10-26,4.4935,4.5067,4.4427,4.4484,18204850.0,1.0,0.0
2023-10-27,4.4325,4.4701,4.4315,4.4619,7951683.0,1.0,0.0
2023-10-30,4.4834,4.5276,4.4266,4.4958,43509270.0,1.0,0.0
2023-10-31,4.8345,4.9,4.6941,4.7061,19556800.0,1.0,0.0
2023-11-01,4.6539,4.7001,4.544,4.61,40766182.0,1.0,0.0
2023-11-02,4.1385,4.2234,4.1298,4.192,39051795.0,1.0,0.0
2023-11-03,5.2202,5.256,4.9564,4.9762,25075613.0,1.0,0.0
2023-11-06,4.5356,4.5546,4.4407,4.4725,12448113.0,1.0,0.0
2023-11-07,4.4876,4.4988,4.4269,4.4406,40869690.0,1.0,0.0
2023-11-08,4.339,4.3722,4.3276,4.3669,23735679.0,1.0,0.0
2023-11-09,4.0724,4.1054,4.0226,4.0403,38722137.0,1.0,0.0
2023-11-10,4.3064,4.3715,4.226,4.2447,12440640.0,1.0,0.0
2023-11-13,4.4314,4.5867,4.4254,4.5697,11939483.0,1.0,0.0
2023-11-14,4.5932,4.705,4.5505,4.6772,15114683.0,1.0,0.0
2023-11-15,4.8623,4.9142,4.8358,4.9097,29637717.0,1.0,0.0
2023-11-16,4.696,4.7363,4.5642,4.6109,35254096.0,1.0,0.0
2023-11-17,5.0734,5.2257,5.0099,5.2235,49148052.0,1.0,0.0
2023-11-20,5.7766,5.8077,5.6279,5.6351,34917448.0,1.0,0.0
2023-11-21,5.6458,5.813,5.6012,5.7589,6394184.0,1.0,0.0
2023-11-22,5.5166,5.6813,5.4499,5.6056,37773856.0,1.0,0.0
2023-11-24,5.6518,5.8147,5.6432,5.6696,44213685.0,1.0,0.0
2023-11-27,5.3824,5.3825,5.2108,5.2739,22603886.0,1.0,0.0
2023-11-28,5.0819,5.2334,5.0569,5.2292,43586145.0,1.0,0.0
2023-11-29,5.2741,5.3395,5.1514,5.1803,5704756.0,1.0,0.0
2023-11-30,4.8321,4.8701,4.6987,4.7519,44052265.0,1.0,0.0
2023-12-01,4.6196,4.663,4.5725,4.6532,19370444.0,1.0,0.0
2023-12-04,4.7167,4.8279,4.7023,4.7888,27393049.0,1.0,0.0
2023-12-05,4.9903,5.0108,4.8905,4.9106,28363302.0,1.0,0.0
2023-12-06,4.8465,4.9705,4.8149,4.9549,17004800.0,1.0,0.0
2023-12-07,4.6166,4.6341,4.4643,4.5118,4712790.0,1.0,0.0
2023-12-08,4.5857,4.5978,4.5327,4.5648,27360677.0,1.0,0.0
2023-12-11,4.6863,4.7243,4.6345,4.6512,44979541.0,1.0,0.0
2023-12-12,4.8069,4.8481,4.8067,4.8291,18746109.0,1.0,0.0
2023-12-13,5.5856,5.7495,5.5756,5.7335,45888175.0,1.0,0.0
2023-12-14,5.9007,5.9356,5.8209,5.8286,42325791.0,1.0,0.0
2023-12-15,5.4673,5.6634,5.4536,5.645,48238296.0,1.0,0.0
2023-12-18,5.3133,5.4063,5.1667,5.1818,22697028.0,1.0,0.0
2023-12-19,4.6854,4.7362,4.6428,4.7189,49055494.0,1.0,0.0
2023-12-20,4.4239,4.4606,4.389,4.3917,16990664.0,1.0,0.0
2023-12-21,4.2708,4.3456,4.2644,4.3062,32779526.0,1.0,0.0
2023-12-22,4.2189,4.2468,4.1559,4.1767,43517217.0,1.0,0.0
2023-12-26,4.4823,4.5462,4.4379,4.5354,5048656.0,1.0,0.0
2023-12-27,4.3944,4.4401,4.3364,4.375,18700770.0,1.0,0.0
2023-12-28,4.5793,4.7297,4.5736,4.7036,41336917.0,1.0,0.0
2023-12-29,4.6319,4.675,4.6023,4.6433,22409503.0,1.0,0.0
